{
"type": "FeatureCollection",
"name": "43",
"crs": { "type": "name", "properties": { "name": "urn:ogc:def:crs:OGC:1.3:CRS84" } },
"features": [
{ "type": "Feature", "properties": { "Month": "January", "Day": 1, "Year": 1943, "Name of Vessel": "RENZAN MARU", "Type of Vessel": "Cargo", "Standard T": "4999", "Latitude": "39-11N", "Longitude": "141-44E", "Flag of Aggressor": "United States", "Type of Aggression": "Submarine", "Assessment": "Sunk" }, "geometry": { "type": "Point", "coordinates": [ 141.73333333333332, 39.18333333333333 ] } },
{ "type": "Feature", "properties": { "Month": "January", "Day": 5, "Year": 1943, "Name of Vessel": "KOTOHIRA MARU", "Type of Vessel": "Cargo", "Standard T": "6101", "Latitude": "53-00N", "Longitude": "173-10E", "Flag of Aggressor": "United States", "Type of Aggression": "Army Aircraft", "Assessment": "Sunk" }, "geometry": { "type": "Point", "coordinates": [ 173.166666666666657, 53.0 ] } },
{ "type": "Feature", "properties": { "Month": "January", "Day": 5, "Year": 1943, "Name of Vessel": "KEIFUKU MARU", "Type of Vessel": "Cargo", "Standard T": "5833", "Latitude": "4-21S", "Longitude": "152-17E", "Flag of Aggressor": "United States", "Type of Aggression": "Army Aircraft", "Assessment": "Sunk" }, "geometry": { "type": "Point", "coordinates": [ 152.283333333333331, -4.35 ] } },
{ "type": "Feature", "properties": { "Month": "January", "Day": 5, "Year": 1943, "Name of Vessel": "MONTREAL MARU", "Type of Vessel": "Cargo", "Standard T": "6577", "Latitude": "52-40N", "Longitude": "178-15E", "Flag of Aggressor": "United States", "Type of Aggression": "Army Aircraft", "Assessment": "Sunk" }, "geometry": { "type": "Point", "coordinates": [ 178.25, 52.666666666666664 ] } },
{ "type": "Feature", "properties": { "Month": "January", "Day": 7, "Year": 1943, "Name of Vessel": "NICHIRYU MARU", "Type of Vessel": "Passenger-Cargo", "Standard T": "5447", "Latitude": "6-30S", "Longitude": "149-00E", "Flag of Aggressor": "United States", "Type of Aggression": "Army Aircraft", "Assessment": "Sunk" }, "geometry": { "type": "Point", "coordinates": [ 149.0, -6.5 ] } },
{ "type": "Feature", "properties": { "Month": "January", "Day": 8, "Year": 1943, "Name of Vessel": "MYOKO MARU", "Type of Vessel": "Cargo", "Standard T": "4103", "Latitude": "6-49S", "Longitude": "147-04E", "Flag of Aggressor": "United States", "Type of Aggression": "Army Aircraft", "Assessment": "Sunk" }, "geometry": { "type": "Point", "coordinates": [ 147.066666666666663, -6.816666666666666 ] } },
{ "type": "Feature", "properties": { "Month": "January", "Day": 9, "Year": 1943, "Name of Vessel": "YOSHINOGAWA MARU", "Type of Vessel": "Cargo", "Standard T": "1430", "Latitude": "6-13S", "Longitude": "156-00E", "Flag of Aggressor": "United States", "Type of Aggression": "Submarine", "Assessment": "Sunk" }, "geometry": { "type": "Point", "coordinates": [ 156.0, -6.216666666666667 ] } },
{ "type": "Feature", "properties": { "Month": "January", "Day": 13, "Year": 1943, "Name of Vessel": "IWASHIRO MARU", "Type of Vessel": "Cargo", "Standard T": "3550", "Latitude": "9-54N", "Longitude": "167-07E", "Flag of Aggressor": "United States", "Type of Aggression": "Submarine", "Assessment": "Sunk" }, "geometry": { "type": "Point", "coordinates": [ 167.116666666666674, 9.9 ] } },
{ "type": "Feature", "properties": { "Month": "January", "Day": 14, "Year": 1943, "Name of Vessel": "SHIRAHA MARU", "Type of Vessel": "Cargo", "Standard T": "5693", "Latitude": "9-12N", "Longitude": "130-38E", "Flag of Aggressor": "United States", "Type of Aggression": "Submarine", "Assessment": "Sunk" }, "geometry": { "type": "Point", "coordinates": [ 130.633333333333326, 9.2 ] } },
{ "type": "Feature", "properties": { "Month": "January", "Day": 15, "Year": 1943, "Name of Vessel": "NICHIMEI MARU", "Type of Vessel": "Cargo", "Standard T": "4704", "Latitude": "13-30N", "Longitude": "98-30E", "Flag of Aggressor": "United States", "Type of Aggression": "Army Aircraft", "Assessment": "Sunk" }, "geometry": { "type": "Point", "coordinates": [ 98.5, 13.5 ] } },
{ "type": "Feature", "properties": { "Month": "January", "Day": 16, "Year": 1943, "Name of Vessel": "CHIFUKU MARU", "Type of Vessel": "Passenger-Cargo", "Standard T": "5857", "Latitude": "4-00S", "Longitude": "151-55E", "Flag of Aggressor": "United States", "Type of Aggression": "Submarine", "Assessment": "Sunk" }, "geometry": { "type": "Point", "coordinates": [ 151.916666666666657, -4.0 ] } },
{ "type": "Feature", "properties": { "Month": "January", "Day": 16, "Year": 1943, "Name of Vessel": "KINPOSAN MARU", "Type of Vessel": "Cargo", "Standard T": "3261", "Latitude": "2-47S", "Longitude": "149-10E", "Flag of Aggressor": "United States", "Type of Aggression": "Submarine", "Assessment": "Sunk" }, "geometry": { "type": "Point", "coordinates": [ 149.166666666666657, -2.783333333333333 ] } },
{ "type": "Feature", "properties": { "Month": "January", "Day": 17, "Year": 1943, "Name of Vessel": "UNKNOWN MARU", "Type of Vessel": "Cargo", "Standard T": "4,000e", "Latitude": "34-31N", "Longitude": "137-48E", "Flag of Aggressor": "United States", "Type of Aggression": "Submarine", "Assessment": "Sunk" }, "geometry": { "type": "Point", "coordinates": [ 137.8, 34.516666666666666 ] } },
{ "type": "Feature", "properties": { "Month": "January", "Day": 17, "Year": 1943, "Name of Vessel": "HEIYO MARU", "Type of Vessel": "Passenger-Cargo", "Standard T": "9815", "Latitude": "10-13N", "Longitude": "151-25E", "Flag of Aggressor": "United States", "Type of Aggression": "Submarine", "Assessment": "Sunk" }, "geometry": { "type": "Point", "coordinates": [ 151.416666666666657, 10.216666666666667 ] } },
{ "type": "Feature", "properties": { "Month": "January", "Day": 18, "Year": 1943, "Name of Vessel": "SENSAN MARU", "Type of Vessel": "Cargo", "Standard T": "2775", "Latitude": "3-53S", "Longitude": "149-20E", "Flag of Aggressor": "United States", "Type of Aggression": "Army Aircraft", "Assessment": "Sunk" }, "geometry": { "type": "Point", "coordinates": [ 149.333333333333343, -3.883333333333333 ] } },
{ "type": "Feature", "properties": { "Month": "January", "Day": 18, "Year": 1943, "Name of Vessel": "TOKACHI MARU", "Type of Vessel": "Cargo", "Standard T": "1932", "Latitude": "6-50S", "Longitude": "112-12E", "Flag of Aggressor": "Japan", "Type of Aggression": "Mine", "Assessment": "Sunk" }, "geometry": { "type": "Point", "coordinates": [ 112.2, -6.833333333333333 ] } },
{ "type": "Feature", "properties": { "Month": "January", "Day": 18, "Year": 1943, "Name of Vessel": "TOEI MARU", "Type of Vessel": "Tanker", "Standard T": "10023", "Latitude": "6-21N", "Longitude": "150-23E", "Flag of Aggressor": "United States", "Type of Aggression": "Submarine", "Assessment": "Sunk" }, "geometry": { "type": "Point", "coordinates": [ 150.383333333333326, 6.35 ] } },
{ "type": "Feature", "properties": { "Month": "January", "Day": 19, "Year": 1943, "Name of Vessel": "MYOHO MARU", "Type of Vessel": "Cargo", "Standard T": "4122", "Latitude": "5-30S", "Longitude": "156-00E", "Flag of Aggressor": "United States", "Type of Aggression": "Submarine", "Assessment": "Sunk" }, "geometry": { "type": "Point", "coordinates": [ 156.0, -5.5 ] } },
{ "type": "Feature", "properties": { "Month": "January", "Day": 20, "Year": 1943, "Name of Vessel": "SOMEDONO MARU", "Type of Vessel": "Passenger-Cargo", "Standard T": "5154", "Latitude": "3-52N", "Longitude": "153-56E", "Flag of Aggressor": "United States", "Type of Aggression": "Submarine", "Assessment": "Sunk" }, "geometry": { "type": "Point", "coordinates": [ 153.933333333333337, 3.866666666666667 ] } },
{ "type": "Feature", "properties": { "Month": "January", "Day": 20, "Year": 1943, "Name of Vessel": "SURABAYA MARU", "Type of Vessel": "Cargo", "Standard T": "4391", "Latitude": "3-52N", "Longitude": "153-56E", "Flag of Aggressor": "United States", "Type of Aggression": "Submarine", "Assessment": "Sunk" }, "geometry": { "type": "Point", "coordinates": [ 153.933333333333337, 3.866666666666667 ] } },
{ "type": "Feature", "properties": { "Month": "January", "Day": 20, "Year": 1943, "Name of Vessel": "MEIU MARU", "Type of Vessel": "Cargo", "Standard T": "8230", "Latitude": "3-52N", "Longitude": "153-56E", "Flag of Aggressor": "United States", "Type of Aggression": "Submarine", "Assessment": "Sunk" }, "geometry": { "type": "Point", "coordinates": [ 153.933333333333337, 3.866666666666667 ] } },
{ "type": "Feature", "properties": { "Month": "January", "Day": 21, "Year": 1943, "Name of Vessel": "KENKON MARU", "Type of Vessel": "Transport", "Standard T": "4575", "Latitude": "6-12S", "Longitude": "155-51S", "Flag of Aggressor": "United States", "Type of Aggression": "Submarine", "Assessment": "Sunk" }, "geometry": { "type": "Point", "coordinates": [ -155.85, -6.2 ] } },
{ "type": "Feature", "properties": { "Month": "January", "Day": 21, "Year": 1943, "Name of Vessel": "UNKNOWN MARU", "Type of Vessel": "Cargo", "Standard T": "2,934e", "Latitude": "11-25N", "Longitude": "109-22E", "Flag of Aggressor": "United States", "Type of Aggression": "Submarine", "Assessment": "Sunk" }, "geometry": { "type": "Point", "coordinates": [ 109.36666666666666, 11.416666666666666 ] } },
{ "type": "Feature", "properties": { "Month": "January", "Day": 22, "Year": 1943, "Name of Vessel": "TETSUZAN MARU", "Type of Vessel": "Cargo", "Standard T": "1922", "Latitude": "4-15S", "Longitude": "152-10E", "Flag of Aggressor": "United States", "Type of Aggression": "Army Aircraft", "Assessment": "Sunk" }, "geometry": { "type": "Point", "coordinates": [ 152.166666666666657, -4.25 ] } },
{ "type": "Feature", "properties": { "Month": "January", "Day": 22, "Year": 1943, "Name of Vessel": "UNKNOWN MARU", "Type of Vessel": "Cargo", "Standard T": "4,000e", "Latitude": "3-55S", "Longitude": "152-07E", "Flag of Aggressor": "United States", "Type of Aggression": "Submarine", "Assessment": "Sunk" }, "geometry": { "type": "Point", "coordinates": [ 152.116666666666674, -3.916666666666667 ] } },
{ "type": "Feature", "properties": { "Month": "January", "Day": 22, "Year": 1943, "Name of Vessel": "HASSHU MARU", "Type of Vessel": "Passenger-Cargo", "Standard T": "1873", "Latitude": "5-40S", "Longitude": "120-35E", "Flag of Aggressor": "United States", "Type of Aggression": "Submarine", "Assessment": "Sunk" }, "geometry": { "type": "Point", "coordinates": [ 120.583333333333329, -5.666666666666667 ] } },
{ "type": "Feature", "properties": { "Month": "January", "Day": 26, "Year": 1943, "Name of Vessel": "USHIO MARU", "Type of Vessel": "Cargo", "Standard T": "749", "Latitude": "13-26N", "Longitude": "121-16E", "Flag of Aggressor": "United States", "Type of Aggression": "Submarine", "Assessment": "Sunk" }, "geometry": { "type": "Point", "coordinates": [ 121.266666666666666, 13.433333333333334 ] } },
{ "type": "Feature", "properties": { "Month": "January", "Day": 26, "Year": 1943, "Name of Vessel": "TOKAI MARU", "Type of Vessel": "Passenger-Cargo", "Standard T": "8358", "Latitude": "13-27N", "Longitude": "144-37E", "Flag of Aggressor": "United States", "Type of Aggression": "Submarine", "Assessment": "Sunk" }, "geometry": { "type": "Point", "coordinates": [ 144.616666666666674, 13.45 ] } },
{ "type": "Feature", "properties": { "Month": "January", "Day": 26, "Year": 1943, "Name of Vessel": "UNKNOWN MARU", "Type of Vessel": "Cargo", "Standard T": "4,000e", "Latitude": "2-37N", "Longitude": "139-42E", "Flag of Aggressor": "United States", "Type of Aggression": "Submarine", "Assessment": "Sunk" }, "geometry": { "type": "Point", "coordinates": [ 139.7, 2.616666666666667 ] } },
{ "type": "Feature", "properties": { "Month": "January", "Day": 26, "Year": 1943, "Name of Vessel": "BUYO MARU", "Type of Vessel": "Transport", "Standard T": "5447", "Latitude": "1-55N", "Longitude": "139-14E", "Flag of Aggressor": "United States", "Type of Aggression": "Submarine", "Assessment": "Sunk" }, "geometry": { "type": "Point", "coordinates": [ 139.23333333333332, 1.916666666666667 ] } },
{ "type": "Feature", "properties": { "Month": "January", "Day": 26, "Year": 1943, "Name of Vessel": "FUKUEI MARU NO 2", "Type of Vessel": "Cargo", "Standard T": "1901", "Latitude": "1-55N", "Longitude": "139-14E", "Flag of Aggressor": "United States", "Type of Aggression": "Submarine", "Assessment": "Sunk" }, "geometry": { "type": "Point", "coordinates": [ 139.23333333333332, 1.916666666666667 ] } },
{ "type": "Feature", "properties": { "Month": "January", "Day": 27, "Year": 1943, "Name of Vessel": "SHOAN MARU", "Type of Vessel": "Passenger-Cargo", "Standard T": "5624", "Latitude": "14-15N", "Longitude": "153-43E", "Flag of Aggressor": "United States", "Type of Aggression": "Submarine", "Assessment": "Sunk" }, "geometry": { "type": "Point", "coordinates": [ 153.716666666666669, 14.25 ] } },
{ "type": "Feature", "properties": { "Month": "January", "Day": 29, "Year": 1943, "Name of Vessel": "NICHIUN MARU", "Type of Vessel": "Cargo", "Standard T": "2723", "Latitude": "6-21S", "Longitude": "156-04E", "Flag of Aggressor": "United States", "Type of Aggression": "Submarine", "Assessment": "Sunk" }, "geometry": { "type": "Point", "coordinates": [ 156.066666666666663, -6.35 ] } },
{ "type": "Feature", "properties": { "Month": "January", "Day": 31, "Year": 1943, "Name of Vessel": "TOA MARU NO 2", "Type of Vessel": "Cargo", "Standard T": "6732", "Latitude": "7-50S", "Longitude": "156-50E", "Flag of Aggressor": "United States", "Type of Aggression": "Marine Land-Based Aircraft", "Assessment": "Sunk" }, "geometry": { "type": "Point", "coordinates": [ 156.833333333333343, -7.833333333333333 ] } },
{ "type": "Feature", "properties": { "Month": "February", "Day": 1, "Year": 1943, "Name of Vessel": "FUSHIMI MARU", "Type of Vessel": "Passenger-Cargo", "Standard T": "10935", "Latitude": "34-16N", "Longitude": "138-17E", "Flag of Aggressor": "United States", "Type of Aggression": "Submarine", "Assessment": "Sunk" }, "geometry": { "type": "Point", "coordinates": [ 138.283333333333331, 34.266666666666666 ] } },
{ "type": "Feature", "properties": { "Month": "February", "Day": 6, "Year": 1943, "Name of Vessel": "GISHO MARU", "Type of Vessel": "Cargo", "Standard T": "543", "Latitude": "4-30S", "Longitude": "151-30E", "Flag of Aggressor": "United States", "Type of Aggression": "Army Aircraft", "Assessment": "Sunk" }, "geometry": { "type": "Point", "coordinates": [ 151.5, -4.5 ] } },
{ "type": "Feature", "properties": { "Month": "February", "Day": 8, "Year": 1943, "Name of Vessel": "KUSUYAMA MARU", "Type of Vessel": "Cargo", "Standard T": "5306", "Latitude": "22-40N", "Longitude": "119-12E", "Flag of Aggressor": "United States", "Type of Aggression": "Submarine", "Assessment": "Sunk" }, "geometry": { "type": "Point", "coordinates": [ 119.2, 22.666666666666668 ] } },
{ "type": "Feature", "properties": { "Month": "February", "Day": 8, "Year": 1943, "Name of Vessel": "TATSUTA MARU", "Type of Vessel": "Transport", "Standard T": "16975", "Latitude": "33-45N", "Longitude": "140-25E", "Flag of Aggressor": "United States", "Type of Aggression": "Submarine", "Assessment": "Sunk" }, "geometry": { "type": "Point", "coordinates": [ 140.416666666666657, 33.75 ] } },
{ "type": "Feature", "properties": { "Month": "February", "Day": 12, "Year": 1943, "Name of Vessel": "TIEN LEE", "Type of Vessel": "Cargo", "Standard T": "2184", "Latitude": "40-00N", "Longitude": "143-00E", "Flag of Aggressor": "Japan", "Type of Aggression": "Mine", "Assessment": "Sunk" }, "geometry": { "type": "Point", "coordinates": [ 143.0, 40.0 ] } },
{ "type": "Feature", "properties": { "Month": "February", "Day": 14, "Year": 1943, "Name of Vessel": "HITACHI MARU", "Type of Vessel": "Cargo", "Standard T": "6540", "Latitude": "6-45S", "Longitude": "155-50E", "Flag of Aggressor": "United States", "Type of Aggression": "Navy Land-Based Aircraft", "Assessment": "Sunk" }, "geometry": { "type": "Point", "coordinates": [ 155.833333333333343, -6.75 ] } },
{ "type": "Feature", "properties": { "Month": "February", "Day": 14, "Year": 1943, "Name of Vessel": "HIROTAMA MARU", "Type of Vessel": "Converted Gunboat", "Standard T": "1911", "Latitude": "4-11S", "Longitude": "117-45E", "Flag of Aggressor": "United States", "Type of Aggression": "Submarine", "Assessment": "Sunk" }, "geometry": { "type": "Point", "coordinates": [ 117.75, -4.183333333333334 ] } },
{ "type": "Feature", "properties": { "Month": "February", "Day": 15, "Year": 1943, "Name of Vessel": "KOKOKU MARU", "Type of Vessel": "Cargo", "Standard T": "544", "Latitude": "5-32S", "Longitude": "150-09S", "Flag of Aggressor": "United States", "Type of Aggression": "Army Aircraft", "Assessment": "Sunk" }, "geometry": { "type": "Point", "coordinates": [ -150.15, -5.533333333333333 ] } },
{ "type": "Feature", "properties": { "Month": "February", "Day": 15, "Year": 1943, "Name of Vessel": "SURUGA MARU", "Type of Vessel": "Cargo", "Standard T": "991", "Latitude": "6-27S", "Longitude": "156-02E", "Flag of Aggressor": "United States", "Type of Aggression": "Submarine", "Assessment": "Sunk" }, "geometry": { "type": "Point", "coordinates": [ 156.033333333333331, -6.45 ] } },
{ "type": "Feature", "properties": { "Month": "February", "Day": 15, "Year": 1943, "Name of Vessel": "TATEYAMA MARU", "Type of Vessel": "Cargo", "Standard T": "1990", "Latitude": "39-18N", "Longitude": "142-08E", "Flag of Aggressor": "United States", "Type of Aggression": "Submarine", "Assessment": "Sunk" }, "geometry": { "type": "Point", "coordinates": [ 142.133333333333326, 39.3 ] } },
{ "type": "Feature", "properties": { "Month": "February", "Day": 16, "Year": 1943, "Name of Vessel": "HYUGA MARU", "Type of Vessel": "Cargo", "Standard T": "994", "Latitude": "13-30N", "Longitude": "145-47E", "Flag of Aggressor": "United States", "Type of Aggression": "Submarine", "Assessment": "Sunk" }, "geometry": { "type": "Point", "coordinates": [ 145.783333333333331, 13.5 ] } },
{ "type": "Feature", "properties": { "Month": "February", "Day": 19, "Year": 1943, "Name of Vessel": "HIBARI MARU", "Type of Vessel": "Cargo", "Standard T": "6550", "Latitude": "6-45S", "Longitude": "155-50E", "Flag of Aggressor": "United States", "Type of Aggression": "Submarine, Navy Land-Based Aircraft", "Assessment": "Sunk" }, "geometry": { "type": "Point", "coordinates": [ 155.833333333333343, -6.75 ] } },
{ "type": "Feature", "properties": { "Month": "February", "Day": 19, "Year": 1943, "Name of Vessel": "UNKNOWN MARU", "Type of Vessel": "Cargo", "Standard T": "6,500e", "Latitude": "6-45S", "Longitude": "155-50E", "Flag of Aggressor": "United States", "Type of Aggression": "Army Aircraft", "Assessment": "Sunk" }, "geometry": { "type": "Point", "coordinates": [ 155.833333333333343, -6.75 ] } },
{ "type": "Feature", "properties": { "Month": "February", "Day": 19, "Year": 1943, "Name of Vessel": "AKAGANE MARU", "Type of Vessel": "Cargo", "Standard T": "3121", "Latitude": "53-05N", "Longitude": "171-22E", "Flag of Aggressor": "United States", "Type of Aggression": "Surface Craft", "Assessment": "Sunk" }, "geometry": { "type": "Point", "coordinates": [ 171.366666666666674, 53.083333333333336 ] } },
{ "type": "Feature", "properties": { "Month": "February", "Day": 20, "Year": 1943, "Name of Vessel": "SHINKOKU MARU", "Type of Vessel": "Passenger-Cargo", "Standard T": "3991", "Latitude": "15-09N", "Longitude": "159-30E", "Flag of Aggressor": "United States", "Type of Aggression": "Submarine", "Assessment": "Sunk" }, "geometry": { "type": "Point", "coordinates": [ 159.5, 15.15 ] } },
{ "type": "Feature", "properties": { "Month": "February", "Day": 21, "Year": 1943, "Name of Vessel": "KUWAYAMA MARU", "Type of Vessel": "Cargo", "Standard T": "5724", "Latitude": "7-53S", "Longitude": "119-13E", "Flag of Aggressor": "United States", "Type of Aggression": "Submarine", "Assessment": "Sunk" }, "geometry": { "type": "Point", "coordinates": [ 119.216666666666669, -7.883333333333333 ] } },
{ "type": "Feature", "properties": { "Month": "February", "Day": 27, "Year": 1943, "Name of Vessel": "KIRIKAWA MARU", "Type of Vessel": "Transport", "Standard T": "3836", "Latitude": "7-30S", "Longitude": "136-40E", "Flag of Aggressor": "United States", "Type of Aggression": "Army Aircraft Navy Land-Based Aircraft", "Assessment": "Sunk" }, "geometry": { "type": "Point", "coordinates": [ 136.666666666666657, -7.5 ] } },
{ "type": "Feature", "properties": { "Month": "February", "Day": 27, "Year": 1943, "Name of Vessel": "ASAKASAN MARU", "Type of Vessel": "Passenger-Cargo", "Standard T": "8709", "Latitude": "15-53", "Longitude": " 97-40E", "Flag of Aggressor": "United States", "Type of Aggression": "Army Aircraft", "Assessment": "Sunk" }, "geometry": { "type": "Point", "coordinates": [ 97.666666666666671, 15.883333333333333 ] } },
{ "type": "Feature", "properties": { "Month": "March", "Day": 2, "Year": 1943, "Name of Vessel": "KYOKUSEI MARU", "Type of Vessel": "Cargo", "Standard T": "5493", "Latitude": "5-05S", "Longitude": "148-28E", "Flag of Aggressor": "United States", "Type of Aggression": "Army Aircraft", "Assessment": "Sunk" }, "geometry": { "type": "Point", "coordinates": [ 148.466666666666669, -5.083333333333333 ] } },
{ "type": "Feature", "properties": { "Month": "March", "Day": 2, "Year": 1943, "Name of Vessel": "TOEN MARU", "Type of Vessel": "Tanker", "Standard T": "5232", "Latitude": "3-29S", "Longitude": " 117-17E", "Flag of Aggressor": "United States", "Type of Aggression": "Submarine", "Assessment": "Sunk" }, "geometry": { "type": "Point", "coordinates": [ 117.283333333333331, -3.483333333333333 ] } },
{ "type": "Feature", "properties": { "Month": "March", "Day": 3, "Year": 1943, "Name of Vessel": "KEMBU MARU", "Type of Vessel": "Cargo", "Standard T": "953", "Latitude": "7-15S", "Longitude": "148-30E", "Flag of Aggressor": "United States", "Type of Aggression": "Army Aircraft", "Assessment": "Sunk" }, "geometry": { "type": "Point", "coordinates": [ 148.5, -7.25 ] } },
{ "type": "Feature", "properties": { "Month": "March", "Day": 3, "Year": 1943, "Name of Vessel": "TAIMEI MARU", "Type of Vessel": "Cargo", "Standard T": "2883", "Latitude": "7-15S", "Longitude": "148-30E", "Flag of Aggressor": "United States, Australia", "Type of Aggression": "Army Aircraft, Aircraft", "Assessment": "Sunk" }, "geometry": { "type": "Point", "coordinates": [ 148.5, -7.25 ] } },
{ "type": "Feature", "properties": { "Month": "March", "Day": 3, "Year": 1943, "Name of Vessel": "SHINAI MARU", "Type of Vessel": "Cargo", "Standard T": "3793", "Latitude": "7-15S", "Longitude": "148-30E", "Flag of Aggressor": "United States, Australia", "Type of Aggression": "Army Aircraft, Aircraft", "Assessment": "Sunk" }, "geometry": { "type": "Point", "coordinates": [ 148.5, -7.25 ] } },
{ "type": "Feature", "properties": { "Month": "March", "Day": 3, "Year": 1943, "Name of Vessel": "TEIYO MARU", "Type of Vessel": "Cargo", "Standard T": "6869", "Latitude": "7-15S", "Longitude": "148-30E", "Flag of Aggressor": "United States, Australia", "Type of Aggression": "Army Aircraft, Aircraft", "Assessment": "Sunk" }, "geometry": { "type": "Point", "coordinates": [ 148.5, -7.25 ] } },
{ "type": "Feature", "properties": { "Month": "March", "Day": 3, "Year": 1943, "Name of Vessel": "NOJIMA", "Type of Vessel": "Collier", "Standard T": "4,500e", "Latitude": "7-15S", "Longitude": "148-30E", "Flag of Aggressor": "United States, Australia", "Type of Aggression": "Army Aircraft, Aircraft", "Assessment": "Sunk" }, "geometry": { "type": "Point", "coordinates": [ 148.5, -7.25 ] } },
{ "type": "Feature", "properties": { "Month": "March", "Day": 3, "Year": 1943, "Name of Vessel": "AIYO MARU", "Type of Vessel": "Cargo", "Standard T": "2746", "Latitude": "7-15S", "Longitude": "148-30E", "Flag of Aggressor": "United States, Australia", "Type of Aggression": "Army Aircraft, Aircraft", "Assessment": "Sunk" }, "geometry": { "type": "Point", "coordinates": [ 148.5, -7.25 ] } },
{ "type": "Feature", "properties": { "Month": "March", "Day": 3, "Year": 1943, "Name of Vessel": "OIGAWA MARU", "Type of Vessel": "Cargo", "Standard T": "6493", "Latitude": "7-15S", "Longitude": "148-30E", "Flag of Aggressor": "United States, Australia", "Type of Aggression": "Army Aircraft, Surface Craft, Aircraft", "Assessment": "Sunk" }, "geometry": { "type": "Point", "coordinates": [ 148.5, -7.25 ] } },
{ "type": "Feature", "properties": { "Month": "March", "Day": 3, "Year": 1943, "Name of Vessel": "NICHIYU MARU", "Type of Vessel": "Passenger-Cargo", "Standard T": "6817", "Latitude": "10-22N", "Longitude": "145-21E", "Flag of Aggressor": "United States", "Type of Aggression": "Submarine", "Assessment": "Sunk" }, "geometry": { "type": "Point", "coordinates": [ 145.35, 10.366666666666667 ] } },
{ "type": "Feature", "properties": { "Month": "March", "Day": 4, "Year": 1943, "Name of Vessel": "HOKUTO MARU", "Type of Vessel": "Cargo", "Standard T": "2270", "Latitude": "42-00N", "Longitude": "141-00E", "Flag of Aggressor": "Japan", "Type of Aggression": "Mine*", "Assessment": "Sunk" }, "geometry": { "type": "Point", "coordinates": [ 141.0, 42.0 ] } },
{ "type": "Feature", "properties": { "Month": "March", "Day": 6, "Year": 1943, "Name of Vessel": "KIRIHA MARU", "Type of Vessel": "Cargo", "Standard T": "3057", "Latitude": "00-00N", "Longitude": "145-00E", "Flag of Aggressor": "United States", "Type of Aggression": "Submarine", "Assessment": "Sunk" }, "geometry": { "type": "Point", "coordinates": [ 145.0, 0.0 ] } },
{ "type": "Feature", "properties": { "Month": "March", "Day": 8, "Year": 1943, "Name of Vessel": "HISASHIMA MARU", "Type of Vessel": "Cargo", "Standard T": "2742", "Latitude": "41-16N", "Longitude": "142-27E", "Flag of Aggressor": "United States", "Type of Aggression": "Submarine", "Assessment": "Sunk" }, "geometry": { "type": "Point", "coordinates": [ 142.45, 41.266666666666666 ] } },
{ "type": "Feature", "properties": { "Month": "March", "Day": 10, "Year": 1943, "Name of Vessel": "KAIJO MARU", "Type of Vessel": "Tanker", "Standard T": "3270", "Latitude": "5-33S", "Longitude": "122-55E", "Flag of Aggressor": "United States", "Type of Aggression": "Army Aircraft", "Assessment": "Sunk" }, "geometry": { "type": "Point", "coordinates": [ 122.916666666666671, -5.55 ] } },
{ "type": "Feature", "properties": { "Month": "March", "Day": 12, "Year": 1943, "Name of Vessel": "TAIHOSAN MARU", "Type of Vessel": "Converted Water Carrier", "Standard T": "1805", "Latitude": "7-15N", "Longitude": " 159-10E", "Flag of Aggressor": "United States", "Type of Aggression": "Submarine", "Assessment": "Sunk" }, "geometry": { "type": "Point", "coordinates": [ 159.166666666666657, 7.25 ] } },
{ "type": "Feature", "properties": { "Month": "March", "Day": 13, "Year": 1943, "Name of Vessel": "KASUGA MARU NO 2", "Type of Vessel": "Cargo", "Standard T": "3967", "Latitude": "11-40N", "Longitude": " 92-50E", "Flag of Aggressor": "Netherlands", "Type of Aggression": "Submarine", "Assessment": "Sunk" }, "geometry": { "type": "Point", "coordinates": [ 92.833333333333329, 11.666666666666666 ] } },
{ "type": "Feature", "properties": { "Month": "March", "Day": 13, "Year": 1943, "Name of Vessel": "MOMOYAMA MARU", "Type of Vessel": "Cargo", "Standard T": "5217", "Latitude": "2-45S", "Longitude": " 143-20E", "Flag of Aggressor": "United States", "Type of Aggression": "Army Aircraft", "Assessment": "Sunk" }, "geometry": { "type": "Point", "coordinates": [ 143.333333333333343, -2.75 ] } },
{ "type": "Feature", "properties": { "Month": "March", "Day": 13, "Year": 1943, "Name of Vessel": "KOSEI MARU", "Type of Vessel": "Cargo", "Standard T": "3262", "Latitude": "29-04N", "Longitude": " 129-17E", "Flag of Aggressor": "United States", "Type of Aggression": "Submarine", "Assessment": "Sunk" }, "geometry": { "type": "Point", "coordinates": [ 129.283333333333331, 29.066666666666666 ] } },
{ "type": "Feature", "properties": { "Month": "March", "Day": 15, "Year": 1943, "Name of Vessel": "MOMOHA MARU", "Type of Vessel": "Cargo", "Standard T": "3103", "Latitude": "00-00N", "Longitude": " 145-00E", "Flag of Aggressor": "United States", "Type of Aggression": "Submarine", "Assessment": "Sunk" }, "geometry": { "type": "Point", "coordinates": [ 145.0, 0.0 ] } },
{ "type": "Feature", "properties": { "Month": "March", "Day": 19, "Year": 1943, "Name of Vessel": "TAKACHIHO MARU", "Type of Vessel": "Transport", "Standard T": "8154", "Latitude": "26-00N", "Longitude": " 122-18E", "Flag of Aggressor": "United States", "Type of Aggression": "Submarine", "Assessment": "Sunk" }, "geometry": { "type": "Point", "coordinates": [ 122.3, 26.0 ] } },
{ "type": "Feature", "properties": { "Month": "March", "Day": 19, "Year": 1943, "Name of Vessel": "ZOGEN MARU", "Type of Vessel": "Cargo", "Standard T": "1428", "Latitude": "38-29N", "Longitude": " 122-19E", "Flag of Aggressor": "United States", "Type of Aggression": "Submarine", "Assessment": "Sunk" }, "geometry": { "type": "Point", "coordinates": [ 122.316666666666663, 38.483333333333334 ] } },
{ "type": "Feature", "properties": { "Month": "March", "Day": 19, "Year": 1943, "Name of Vessel": "KOWA MARU", "Type of Vessel": "Transport", "Standard T": "3217", "Latitude": "38-27N", "Longitude": " 122-18E", "Flag of Aggressor": "United States", "Type of Aggression": "Submarine", "Assessment": "Sunk" }, "geometry": { "type": "Point", "coordinates": [ 122.3, 38.45 ] } },
{ "type": "Feature", "properties": { "Month": "March", "Day": 21, "Year": 1943, "Name of Vessel": "NITTSU MARU", "Type of Vessel": "Cargo", "Standard T": "2183", "Latitude": "38-05N", "Longitude": " 124-33E", "Flag of Aggressor": "United States", "Type of Aggression": "Submarine", "Assessment": "Sunk" }, "geometry": { "type": "Point", "coordinates": [ 124.55, 38.083333333333336 ] } },
{ "type": "Feature", "properties": { "Month": "March", "Day": 21, "Year": 1943, "Name of Vessel": "HOZAN MARU", "Type of Vessel": "Cargo", "Standard T": "2260", "Latitude": "38-11N", "Longitude": " 124-33E", "Flag of Aggressor": "United States", "Type of Aggression": "Submarine", "Assessment": "Sunk" }, "geometry": { "type": "Point", "coordinates": [ 124.55, 38.18333333333333 ] } },
{ "type": "Feature", "properties": { "Month": "March", "Day": 22, "Year": 1943, "Name of Vessel": "MEIGEN MARU", "Type of Vessel": "Cargo", "Standard T": "5434", "Latitude": "6-31S", "Longitude": " 112-47E", "Flag of Aggressor": "United States", "Type of Aggression": "Submarine", "Assessment": "Sunk" }, "geometry": { "type": "Point", "coordinates": [ 112.783333333333331, -6.516666666666667 ] } },
{ "type": "Feature", "properties": { "Month": "March", "Day": 23, "Year": 1943, "Name of Vessel": "UNKNOWN MARU", "Type of Vessel": "Cargo", "Standard T": "2,427e", "Latitude": "38-37N", "Longitude": " 121-01E", "Flag of Aggressor": "United States", "Type of Aggression": "Submarine", "Assessment": "Sunk" }, "geometry": { "type": "Point", "coordinates": [ 121.016666666666666, 38.616666666666667 ] } },
{ "type": "Feature", "properties": { "Month": "March", "Day": 23, "Year": 1943, "Name of Vessel": "KENYO MARU", "Type of Vessel": "Cargo", "Standard T": "6486", "Latitude": "17-16N", "Longitude": " 144-56E", "Flag of Aggressor": "United States", "Type of Aggression": "Submarine", "Assessment": "Sunk" }, "geometry": { "type": "Point", "coordinates": [ 144.933333333333337, 17.266666666666666 ] } },
{ "type": "Feature", "properties": { "Month": "March", "Day": 24, "Year": 1943, "Name of Vessel": "TAKAOSAN MARU", "Type of Vessel": "Cargo", "Standard T": "2076", "Latitude": "39-01N", "Longitude": " 122-25E", "Flag of Aggressor": "United States", "Type of Aggression": "Submarine", "Assessment": "Sunk" }, "geometry": { "type": "Point", "coordinates": [ 122.416666666666671, 39.016666666666666 ] } },
{ "type": "Feature", "properties": { "Month": "March", "Day": 25, "Year": 1943, "Name of Vessel": "SATSUKI MARU", "Type of Vessel": "Cargo", "Standard T": "827", "Latitude": "38-10N", "Longitude": " 123-26E", "Flag of Aggressor": "United States", "Type of Aggression": "Submarine", "Assessment": "Sunk" }, "geometry": { "type": "Point", "coordinates": [ 123.433333333333337, 38.166666666666664 ] } },
{ "type": "Feature", "properties": { "Month": "March", "Day": 25, "Year": 1943, "Name of Vessel": "UNKNOWN MARU", "Type of Vessel": "Cargo", "Standard T": "2,556e", "Latitude": "38-13N", "Longitude": " 123-24E", "Flag of Aggressor": "United States", "Type of Aggression": "Submarine", "Assessment": "Sunk" }, "geometry": { "type": "Point", "coordinates": [ 123.4, 38.216666666666669 ] } },
{ "type": "Feature", "properties": { "Month": "March", "Day": 28, "Year": 1943, "Name of Vessel": "SUWA MARU", "Type of Vessel": "Transport", "Standard T": "10672", "Latitude": "19-13N", "Longitude": " 166-34E", "Flag of Aggressor": "United States", "Type of Aggression": "Submarine", "Assessment": "Sunk" }, "geometry": { "type": "Point", "coordinates": [ 166.566666666666663, 19.216666666666665 ] } },
{ "type": "Feature", "properties": { "Month": "March", "Day": 29, "Year": 1943, "Name of Vessel": "TOHO MARU", "Type of Vessel": "Tanker", "Standard T": "9997", "Latitude": "00-00N", "Longitude": " 118-18E", "Flag of Aggressor": "United States", "Type of Aggression": "Submarine", "Assessment": "Sunk" }, "geometry": { "type": "Point", "coordinates": [ 118.3, 0.0 ] } },
{ "type": "Feature", "properties": { "Month": "March", "Day": 29, "Year": 1943, "Name of Vessel": "YAMABATO MARU", "Type of Vessel": "Cargo", "Standard T": "2556", "Latitude": "30-26N", "Longitude": " 129-41E", "Flag of Aggressor": "United States", "Type of Aggression": "Submarine", "Assessment": "Sunk" }, "geometry": { "type": "Point", "coordinates": [ 129.683333333333337, 30.433333333333334 ] } },
{ "type": "Feature", "properties": { "Month": "March", "Day": 30, "Year": 1943, "Name of Vessel": "KUROHIME MARU", "Type of Vessel": "Cargo", "Standard T": "4697", "Latitude": "00-22S", "Longitude": " 147-46E", "Flag of Aggressor": "United States", "Type of Aggression": "Submarine", "Assessment": "Sunk" }, "geometry": { "type": "Point", "coordinates": [ 147.76666666666668, -0.366666666666667 ] } },
{ "type": "Feature", "properties": { "Month": "April", "Day": 2, "Year": 1943, "Name of Vessel": "FLORIDA MARU", "Type of Vessel": "Passenger-Cargo", "Standard T": "5854", "Latitude": "2-40S", "Longitude": " 150-40E", "Flag of Aggressor": "United States", "Type of Aggression": "Army Aircraft", "Assessment": "Sunk" }, "geometry": { "type": "Point", "coordinates": [ 150.666666666666657, -2.666666666666667 ] } },
{ "type": "Feature", "properties": { "Month": "April", "Day": 2, "Year": 1943, "Name of Vessel": "TOYO MARU NO 2", "Type of Vessel": "Cargo", "Standard T": "4163", "Latitude": "7-23N", "Longitude": " 149-13E", "Flag of Aggressor": "United States", "Type of Aggression": "Submarine", "Assessment": "Sunk" }, "geometry": { "type": "Point", "coordinates": [ 149.216666666666669, 7.383333333333334 ] } },
{ "type": "Feature", "properties": { "Month": "April", "Day": 3, "Year": 1943, "Name of Vessel": "ARIMA MARU", "Type of Vessel": "Passenger-Cargo", "Standard T": "7389", "Latitude": "10-26N", "Longitude": " 135-00E", "Flag of Aggressor": "United States", "Type of Aggression": "Submarine", "Assessment": "Sunk" }, "geometry": { "type": "Point", "coordinates": [ 135.0, 10.433333333333334 ] } },
{ "type": "Feature", "properties": { "Month": "April", "Day": 4, "Year": 1943, "Name of Vessel": "KOA MARU", "Type of Vessel": "Cargo", "Standard T": "2024", "Latitude": "13-11N", "Longitude": " 161-57E", "Flag of Aggressor": "United States", "Type of Aggression": "Submarine", "Assessment": "Sunk" }, "geometry": { "type": "Point", "coordinates": [ 161.95, 13.183333333333334 ] } },
{ "type": "Feature", "properties": { "Month": "April", "Day": 7, "Year": 1943, "Name of Vessel": "KOSEI MARU", "Type of Vessel": "Passenger-Cargo", "Standard T": "8237", "Latitude": "8-50N", "Longitude": " 147-06E", "Flag of Aggressor": "United States", "Type of Aggression": "Submarine", "Assessment": "Sunk" }, "geometry": { "type": "Point", "coordinates": [ 147.1, 8.833333333333334 ] } },
{ "type": "Feature", "properties": { "Month": "April", "Day": 7, "Year": 1943, "Name of Vessel": "FUKUEI MARU", "Type of Vessel": "Cargo", "Standard T": "1113", "Latitude": "41-00N", "Longitude": " 142-00E", "Flag of Aggressor": "United States", "Type of Aggression": "Submarine*", "Assessment": "Sunk" }, "geometry": { "type": "Point", "coordinates": [ 142.0, 41.0 ] } },
{ "type": "Feature", "properties": { "Month": "April", "Day": 8, "Year": 1943, "Name of Vessel": "TOYO MARU", "Type of Vessel": "Cargo", "Standard T": "1916", "Latitude": "10-26N", "Longitude": " 135-00E", "Flag of Aggressor": "United States", "Type of Aggression": "Submarine", "Assessment": "Sunk" }, "geometry": { "type": "Point", "coordinates": [ 135.0, 10.433333333333334 ] } },
{ "type": "Feature", "properties": { "Month": "April", "Day": 9, "Year": 1943, "Name of Vessel": "OYAMA MARU", "Type of Vessel": "Cargo", "Standard T": "3809", "Latitude": "00-32N", "Longitude": " 150-05E", "Flag of Aggressor": "United States", "Type of Aggression": "Submarine", "Assessment": "Sunk" }, "geometry": { "type": "Point", "coordinates": [ 150.083333333333343, 0.533333333333333 ] } },
{ "type": "Feature", "properties": { "Month": "April", "Day": 9, "Year": 1943, "Name of Vessel": "SHANGHAI MARU", "Type of Vessel": "Cargo", "Standard T": "4103", "Latitude": "13-11N", "Longitude": " 121-45E", "Flag of Aggressor": "United States", "Type of Aggression": "Submarine", "Assessment": "Sunk" }, "geometry": { "type": "Point", "coordinates": [ 121.75, 13.183333333333334 ] } },
{ "type": "Feature", "properties": { "Month": "April", "Day": 9, "Year": 1943, "Name of Vessel": "PENANG MARU", "Type of Vessel": "Cargo", "Standard T": "5214", "Latitude": "5-29S", "Longitude": " 123-02E", "Flag of Aggressor": "United States", "Type of Aggression": "Submarine", "Assessment": "Sunk" }, "geometry": { "type": "Point", "coordinates": [ 123.033333333333331, -5.483333333333333 ] } },
{ "type": "Feature", "properties": { "Month": "April", "Day": 12, "Year": 1943, "Name of Vessel": "SAPPORO MARU NO 12", "Type of Vessel": "Cargo", "Standard T": "2865", "Latitude": "41-23N", "Longitude": " 141-30E", "Flag of Aggressor": "United States", "Type of Aggression": "Submarine", "Assessment": "Sunk" }, "geometry": { "type": "Point", "coordinates": [ 141.5, 41.383333333333333 ] } },
{ "type": "Feature", "properties": { "Month": "April", "Day": 14, "Year": 1943, "Name of Vessel": "INDIA MARU", "Type of Vessel": "Cargo", "Standard T": "5872", "Latitude": "3-25S", "Longitude": " 143-40E", "Flag of Aggressor": "United States", "Type of Aggression": "Army Aircraft", "Assessment": "Sunk" }, "geometry": { "type": "Point", "coordinates": [ 143.666666666666657, -3.416666666666667 ] } },
{ "type": "Feature", "properties": { "Month": "April", "Day": 14, "Year": 1943, "Name of Vessel": "SYDNEY MARU", "Type of Vessel": "Passenger-Cargo", "Standard T": "4105", "Latitude": "4-10S", "Longitude": " 144-55E", "Flag of Aggressor": "United States", "Type of Aggression": "Army Aircraft", "Assessment": "Sunk" }, "geometry": { "type": "Point", "coordinates": [ 144.916666666666657, -4.166666666666667 ] } },
{ "type": "Feature", "properties": { "Month": "April", "Day": 15, "Year": 1943, "Name of Vessel": "KAIHEI MARU", "Type of Vessel": "Cargo", "Standard T": "4575", "Latitude": "21-06N", "Longitude": " 151-45E", "Flag of Aggressor": "United States", "Type of Aggression": "Submarine", "Assessment": "Sunk" }, "geometry": { "type": "Point", "coordinates": [ 151.75, 21.1 ] } },
{ "type": "Feature", "properties": { "Month": "April", "Day": 17, "Year": 1943, "Name of Vessel": "AMAHO MARU", "Type of Vessel": "Cargo", "Standard T": "2769", "Latitude": "42-04N", "Longitude": " 143-22E", "Flag of Aggressor": "United States", "Type of Aggression": "Submarine", "Assessment": "Sunk" }, "geometry": { "type": "Point", "coordinates": [ 143.366666666666674, 42.06666666666667 ] } },
{ "type": "Feature", "properties": { "Month": "April", "Day": 17, "Year": 1943, "Name of Vessel": "TATSUNAN MARU", "Type of Vessel": "Cargo", "Standard T": "6417", "Latitude": "6-50S", "Longitude": " 155-45E", "Flag of Aggressor": "United States", "Type of Aggression": "Navy Mine", "Assessment": "Sunk" }, "geometry": { "type": "Point", "coordinates": [ 155.75, -6.833333333333333 ] } },
{ "type": "Feature", "properties": { "Month": "April", "Day": 18, "Year": 1943, "Name of Vessel": "NISSHUN MARU", "Type of Vessel": "Cargo", "Standard T": "6380", "Latitude": "1-55N", "Longitude": " 148-24E", "Flag of Aggressor": "United States", "Type of Aggression": "Submarine", "Assessment": "Sunk" }, "geometry": { "type": "Point", "coordinates": [ 148.4, 1.916666666666667 ] } },
{ "type": "Feature", "properties": { "Month": "April", "Day": 20, "Year": 1943, "Name of Vessel": "KOSEI MARU", "Type of Vessel": "Cargo", "Standard T": "864", "Latitude": "3-30S", "Longitude": " 143-30S", "Flag of Aggressor": "United States", "Type of Aggression": "Army Aircraft", "Assessment": "Sunk" }, "geometry": { "type": "Point", "coordinates": [ -143.5, -3.5 ] } },
{ "type": "Feature", "properties": { "Month": "April", "Day": 20, "Year": 1943, "Name of Vessel": "MEIJI MARU NO 1", "Type of Vessel": "Converted Gunboat", "Standard T": "1934", "Latitude": "37-10N", "Longitude": " 141-25E", "Flag of Aggressor": "United States", "Type of Aggression": "Submarine", "Assessment": "Sunk" }, "geometry": { "type": "Point", "coordinates": [ 141.416666666666657, 37.166666666666664 ] } },
{ "type": "Feature", "properties": { "Month": "April", "Day": 22, "Year": 1943, "Name of Vessel": "YAMAZATO MARU", "Type of Vessel": "Passenger-Cargo", "Standard T": "6925", "Latitude": "3-28N", "Longitude": " 99-47E", "Flag of Aggressor": "Netherlands", "Type of Aggression": "Submarine", "Assessment": "Sunk" }, "geometry": { "type": "Point", "coordinates": [ 99.783333333333331, 3.466666666666667 ] } },
{ "type": "Feature", "properties": { "Month": "April", "Day": 24, "Year": 1943, "Name of Vessel": "KASUGA MARU", "Type of Vessel": "Cargo", "Standard T": "1377", "Latitude": "41-43N", "Longitude": " 141-21E", "Flag of Aggressor": "United States", "Type of Aggression": "Submarine", "Assessment": "Sunk" }, "geometry": { "type": "Point", "coordinates": [ 141.35, 41.716666666666669 ] } },
{ "type": "Feature", "properties": { "Month": "April", "Day": 27, "Year": 1943, "Name of Vessel": "YUZAN MARU", "Type of Vessel": "Passenger-Cargo", "Standard T": "6380", "Latitude": "33-08N", "Longitude": " 143-03E", "Flag of Aggressor": "United States", "Type of Aggression": "Submarine", "Assessment": "Sunk" }, "geometry": { "type": "Point", "coordinates": [ 143.05, 33.133333333333333 ] } },
{ "type": "Feature", "properties": { "Month": "April", "Day": 28, "Year": 1943, "Name of Vessel": "KAMAKURA MARU", "Type of Vessel": "Transport", "Standard T": "17526", "Latitude": "10-18N", "Longitude": " 121-44E", "Flag of Aggressor": "United States", "Type of Aggression": "Submarine", "Assessment": "Sunk" }, "geometry": { "type": "Point", "coordinates": [ 121.733333333333334, 10.3 ] } },
{ "type": "Feature", "properties": { "Month": "May", "Day": 1, "Year": 1943, "Name of Vessel": "KEISHIN MARU", "Type of Vessel": "Converted Gunboat", "Standard T": "1434", "Latitude": "37-04N", "Longitude": " 141-06E", "Flag of Aggressor": "United States", "Type of Aggression": "Submarine", "Assessment": "Sunk" }, "geometry": { "type": "Point", "coordinates": [ 141.1, 37.06666666666667 ] } },
{ "type": "Feature", "properties": { "Month": "May", "Day": 2, "Year": 1943, "Name of Vessel": "TAMON MARU", "Type of Vessel": "Cargo", "Standard T": "8156", "Latitude": "27-18N", "Longitude": " 121-38E", "Flag of Aggressor": "United States", "Type of Aggression": "Submarine", "Assessment": "Sunk" }, "geometry": { "type": "Point", "coordinates": [ 121.63333333333334, 27.3 ] } },
{ "type": "Feature", "properties": { "Month": "May", "Day": 4, "Year": 1943, "Name of Vessel": "SAN CLEMENTE MARU", "Type of Vessel": "Tanker", "Standard T": "7354", "Latitude": "6-54N", "Longitude": " 134-55E", "Flag of Aggressor": "United States", "Type of Aggression": "Submarine", "Assessment": "Sunk" }, "geometry": { "type": "Point", "coordinates": [ 134.916666666666657, 6.9 ] } },
{ "type": "Feature", "properties": { "Month": "May", "Day": 5, "Year": 1943, "Name of Vessel": "HAKKAI MARU", "Type of Vessel": "Cargo", "Standard T": "2921", "Latitude": "34-11N", "Longitude": " 137-41E", "Flag of Aggressor": "United States", "Type of Aggression": "Submarine", "Assessment": "Sunk" }, "geometry": { "type": "Point", "coordinates": [ 137.683333333333337, 34.18333333333333 ] } },
{ "type": "Feature", "properties": { "Month": "May", "Day": 5, "Year": 1943, "Name of Vessel": "KINKO MARU", "Type of Vessel": "Cargo", "Standard T": "1268", "Latitude": "38-39N", "Longitude": " 122-36E", "Flag of Aggressor": "United States", "Type of Aggression": "Submarine", "Assessment": "Sunk" }, "geometry": { "type": "Point", "coordinates": [ 122.6, 38.65 ] } },
{ "type": "Feature", "properties": { "Month": "May", "Day": 5, "Year": 1943, "Name of Vessel": "DAIFUKU MARU", "Type of Vessel": "Cargo", "Standard T": "3194", "Latitude": "38-39N", "Longitude": " 122-36E", "Flag of Aggressor": "United States", "Type of Aggression": "Submarine", "Assessment": "Sunk" }, "geometry": { "type": "Point", "coordinates": [ 122.6, 38.65 ] } },
{ "type": "Feature", "properties": { "Month": "May", "Day": 7, "Year": 1943, "Name of Vessel": "TAMON MARU NO 5", "Type of Vessel": "Passenger-Cargo", "Standard T": "5260", "Latitude": "40-05N", "Longitude": " 141-53E", "Flag of Aggressor": "United States", "Type of Aggression": "Submarine", "Assessment": "Sunk" }, "geometry": { "type": "Point", "coordinates": [ 141.883333333333326, 40.083333333333336 ] } },
{ "type": "Feature", "properties": { "Month": "May", "Day": 7, "Year": 1943, "Name of Vessel": "TOSEI MARU", "Type of Vessel": "Cargo", "Standard T": "4363", "Latitude": "36-05N", "Longitude": " 123-21E", "Flag of Aggressor": "United States", "Type of Aggression": "Submarine", "Assessment": "Sunk" }, "geometry": { "type": "Point", "coordinates": [ 123.35, 36.083333333333336 ] } },
{ "type": "Feature", "properties": { "Month": "May", "Day": 8, "Year": 1943, "Name of Vessel": "TOMIOKA MARU", "Type of Vessel": "Cargo", "Standard T": "970", "Latitude": "5-12S", "Longitude": " 145-50E", "Flag of Aggressor": "United States", "Type of Aggression": "Army Aircraft", "Assessment": "Sunk" }, "geometry": { "type": "Point", "coordinates": [ 145.833333333333343, -5.2 ] } },
{ "type": "Feature", "properties": { "Month": "May", "Day": 8, "Year": 1943, "Name of Vessel": "SUMIDA MARU", "Type of Vessel": "Cargo", "Standard T": "546", "Latitude": "5-12S", "Longitude": " 145-50E", "Flag of Aggressor": "United States", "Type of Aggression": "Army Aircraft", "Assessment": "Sunk" }, "geometry": { "type": "Point", "coordinates": [ 145.833333333333343, -5.2 ] } },
{ "type": "Feature", "properties": { "Month": "May", "Day": 9, "Year": 1943, "Name of Vessel": "ASO MARU", "Type of Vessel": "Cargo", "Standard T": "703", "Latitude": "9-09N", "Longitude": " 122-50E", "Flag of Aggressor": "United States", "Type of Aggression": "Submarine", "Assessment": "Sunk" }, "geometry": { "type": "Point", "coordinates": [ 122.833333333333329, 9.15 ] } },
{ "type": "Feature", "properties": { "Month": "May", "Day": 9, "Year": 1943, "Name of Vessel": "TAKAO MARU", "Type of Vessel": "Passenger-Cargo", "Standard T": "3204", "Latitude": "38-57N", "Longitude": " 141-49E", "Flag of Aggressor": "United States", "Type of Aggression": "Submarine", "Assessment": "Sunk" }, "geometry": { "type": "Point", "coordinates": [ 141.816666666666663, 38.95 ] } },
{ "type": "Feature", "properties": { "Month": "May", "Day": 9, "Year": 1943, "Name of Vessel": "JINMU MARU", "Type of Vessel": "Cargo", "Standard T": "1912", "Latitude": "38-57N", "Longitude": " 141-49E", "Flag of Aggressor": "United States", "Type of Aggression": "Submarine", "Assessment": "Sunk" }, "geometry": { "type": "Point", "coordinates": [ 141.816666666666663, 38.95 ] } },
{ "type": "Feature", "properties": { "Month": "May", "Day": 10, "Year": 1943, "Name of Vessel": "KINAI MARU", "Type of Vessel": "Passenger-Cargo", "Standard T": "8360", "Latitude": "14-29N", "Longitude": " 149-00E", "Flag of Aggressor": "United States", "Type of Aggression": "Submarine", "Assessment": "Sunk" }, "geometry": { "type": "Point", "coordinates": [ 149.0, 14.483333333333333 ] } },
{ "type": "Feature", "properties": { "Month": "May", "Day": 11, "Year": 1943, "Name of Vessel": "YODOGAWA MARU", "Type of Vessel": "Cargo", "Standard T": "6441", "Latitude": "00-47S", "Longitude": " 149-02E", "Flag of Aggressor": "United States", "Type of Aggression": "Submarine", "Assessment": "Sunk" }, "geometry": { "type": "Point", "coordinates": [ 149.033333333333331, -0.783333333333333 ] } },
{ "type": "Feature", "properties": { "Month": "May", "Day": 12, "Year": 1943, "Name of Vessel": "SUMATRA MARU", "Type of Vessel": "Cargo", "Standard T": "5862", "Latitude": "12-43N", "Longitude": " 124-08E", "Flag of Aggressor": "United States", "Type of Aggression": "Submarine*", "Assessment": "Sunk" }, "geometry": { "type": "Point", "coordinates": [ 124.13333333333334, 12.716666666666667 ] } },
{ "type": "Feature", "properties": { "Month": "May", "Day": 14, "Year": 1943, "Name of Vessel": "HOUN MARU", "Type of Vessel": "Cargo", "Standard T": "1917", "Latitude": "6-47S", "Longitude": " 155-51E", "Flag of Aggressor": "United States", "Type of Aggression": "Marine Land-Based Aircraft", "Assessment": "Sunk" }, "geometry": { "type": "Point", "coordinates": [ 155.85, -6.783333333333333 ] } },
{ "type": "Feature", "properties": { "Month": "May", "Day": 15, "Year": 1943, "Name of Vessel": "MEIKAI MARU", "Type of Vessel": "Passenger-Cargo", "Standard T": "3197", "Latitude": "13-07N", "Longitude": " 121-49E", "Flag of Aggressor": "United States", "Type of Aggression": "Submarine", "Assessment": "Sunk" }, "geometry": { "type": "Point", "coordinates": [ 121.816666666666663, 13.116666666666667 ] } },
{ "type": "Feature", "properties": { "Month": "May", "Day": 15, "Year": 1943, "Name of Vessel": "INDUS MARU", "Type of Vessel": "Passenger-Cargo", "Standard T": "4361", "Latitude": "13-07N", "Longitude": " 121-49E", "Flag of Aggressor": "United States", "Type of Aggression": "Submarine", "Assessment": "Sunk" }, "geometry": { "type": "Point", "coordinates": [ 121.816666666666663, 13.116666666666667 ] } },
{ "type": "Feature", "properties": { "Month": "May", "Day": 17, "Year": 1943, "Name of Vessel": "ENGLAND MARU", "Type of Vessel": "Cargo", "Standard T": "5830", "Latitude": "1-00S", "Longitude": " 148-40E", "Flag of Aggressor": "United States", "Type of Aggression": "Submarine", "Assessment": "Sunk" }, "geometry": { "type": "Point", "coordinates": [ 148.666666666666657, -1.0 ] } },
{ "type": "Feature", "properties": { "Month": "May", "Day": 18, "Year": 1943, "Name of Vessel": "TERUSHIMA MARU", "Type of Vessel": "Converted Gunboat", "Standard T": "3110", "Latitude": "8-45N", "Longitude": " 170-30E", "Flag of Aggressor": "United States", "Type of Aggression": "Submarine", "Assessment": "Probably sunk" }, "geometry": { "type": "Point", "coordinates": [ 170.5, 8.75 ] } },
{ "type": "Feature", "properties": { "Month": "May", "Day": 20, "Year": 1943, "Name of Vessel": "BANGKOK MARU", "Type of Vessel": "Converted Light Cruiser", "Standard T": "5350", "Latitude": "5-47N", "Longitude": " 169-42E", "Flag of Aggressor": "United States", "Type of Aggression": "Submarine", "Assessment": "Sunk" }, "geometry": { "type": "Point", "coordinates": [ 169.7, 5.783333333333333 ] } },
{ "type": "Feature", "properties": { "Month": "May", "Day": 26, "Year": 1943, "Name of Vessel": "TAINAN MARU", "Type of Vessel": "Cargo", "Standard T": "1989", "Latitude": "37-03N", "Longitude": " 141-09E", "Flag of Aggressor": "United States", "Type of Aggression": "Submarine", "Assessment": "Sunk" }, "geometry": { "type": "Point", "coordinates": [ 141.15, 37.05 ] } },
{ "type": "Feature", "properties": { "Month": "May", "Day": 26, "Year": 1943, "Name of Vessel": "KAGI MARU", "Type of Vessel": "Transport", "Standard T": "2343", "Latitude": "28-45N", "Longitude": " 129-37E", "Flag of Aggressor": "United States", "Type of Aggression": "Submarine", "Assessment": "Sunk" }, "geometry": { "type": "Point", "coordinates": [ 129.616666666666674, 28.75 ] } },
{ "type": "Feature", "properties": { "Month": "May", "Day": 26, "Year": 1943, "Name of Vessel": "SHOEI MARU", "Type of Vessel": "Cargo", "Standard T": "3580", "Latitude": "14-17N", "Longitude": " 144-53E", "Flag of Aggressor": "United States", "Type of Aggression": "Submarine", "Assessment": "Sunk" }, "geometry": { "type": "Point", "coordinates": [ 144.883333333333326, 14.283333333333333 ] } },
{ "type": "Feature", "properties": { "Month": "May", "Day": 27, "Year": 1943, "Name of Vessel": "KOCHI MARU", "Type of Vessel": "Cargo", "Standard T": "2910", "Latitude": "8-41N", "Longitude": " 134-02E", "Flag of Aggressor": "United States", "Type of Aggression": "Submarine", "Assessment": "Sunk" }, "geometry": { "type": "Point", "coordinates": [ 134.033333333333331, 8.683333333333334 ] } },
{ "type": "Feature", "properties": { "Month": "May", "Day": 28, "Year": 1943, "Name of Vessel": "KAMIKAWA MARU", "Type of Vessel": "Converted Seaplane Tender", "Standard T": "6853", "Latitude": "1-36S", "Longitude": " 150-24E", "Flag of Aggressor": "United States", "Type of Aggression": "Submarine", "Assessment": "Sunk" }, "geometry": { "type": "Point", "coordinates": [ 150.4, -1.6 ] } },
{ "type": "Feature", "properties": { "Month": "May", "Day": 28, "Year": 1943, "Name of Vessel": "SEIKI MARU", "Type of Vessel": "Cargo", "Standard T": "1036", "Latitude": "50-38N", "Longitude": " 155-15E", "Flag of Aggressor": "United States", "Type of Aggression": "Submarine", "Assessment": "Sunk" }, "geometry": { "type": "Point", "coordinates": [ 155.25, 50.633333333333333 ] } },
{ "type": "Feature", "properties": { "Month": "May", "Day": 28, "Year": 1943, "Name of Vessel": "AKATSUKI MARU", "Type of Vessel": "Tanker", "Standard T": "10216", "Latitude": "27-32N", "Longitude": " 126-08E", "Flag of Aggressor": "United States", "Type of Aggression": "Submarine", "Assessment": "Sunk" }, "geometry": { "type": "Point", "coordinates": [ 126.13333333333334, 27.533333333333335 ] } },
{ "type": "Feature", "properties": { "Month": "May", "Day": 29, "Year": 1943, "Name of Vessel": "EISHO MARU", "Type of Vessel": "Cargo", "Standard T": "2486", "Latitude": "17-35N", "Longitude": " 110-45E", "Flag of Aggressor": "United States", "Type of Aggression": "Submarine", "Assessment": "Sunk" }, "geometry": { "type": "Point", "coordinates": [ 110.75, 17.583333333333332 ] } },
{ "type": "Feature", "properties": { "Month": "May", "Day": 30, "Year": 1943, "Name of Vessel": "TAKAMISAN MARU", "Type of Vessel": "Cargo", "Standard T": "1992", "Latitude": "30-07N", "Longitude": " 124-32E", "Flag of Aggressor": "United States", "Type of Aggression": "Submarine", "Assessment": "Sunk" }, "geometry": { "type": "Point", "coordinates": [ 124.533333333333331, 30.116666666666667 ] } },
{ "type": "Feature", "properties": { "Month": "May", "Day": 30, "Year": 1943, "Name of Vessel": "SHOKO MARU", "Type of Vessel": "Cargo", "Standard T": "5335", "Latitude": "30-07N", "Longitude": " 124-32E", "Flag of Aggressor": "United States", "Type of Aggression": "Submarine", "Assessment": "Sunk" }, "geometry": { "type": "Point", "coordinates": [ 124.533333333333331, 30.116666666666667 ] } },
{ "type": "Feature", "properties": { "Month": "June", "Day": 1, "Year": 1943, "Name of Vessel": "NOBORIKAWA MARU", "Type of Vessel": "Cargo", "Standard T": "2182", "Latitude": "35-02N", "Longitude": " 140-14E", "Flag of Aggressor": "United States", "Type of Aggression": "Submarine", "Assessment": "Sunk" }, "geometry": { "type": "Point", "coordinates": [ 140.23333333333332, 35.033333333333331 ] } },
{ "type": "Feature", "properties": { "Month": "June", "Day": 5, "Year": 1943, "Name of Vessel": "SHINTOKU MARU", "Type of Vessel": "Cargo", "Standard T": "780", "Latitude": "6-50S", "Longitude": " 155-45S", "Flag of Aggressor": "United States", "Type of Aggression": "Navy Carrier-Based Aircraft", "Assessment": "Sunk" }, "geometry": { "type": "Point", "coordinates": [ -155.75, -6.833333333333333 ] } },
{ "type": "Feature", "properties": { "Month": "June", "Day": 6, "Year": 1943, "Name of Vessel": "SHINEI MARU", "Type of Vessel": "Cargo", "Standard T": "973", "Latitude": "7-00N", "Longitude": " 123-37E", "Flag of Aggressor": "United States", "Type of Aggression": "Submarine", "Assessment": "Sunk" }, "geometry": { "type": "Point", "coordinates": [ 123.61666666666666, 7.0 ] } },
{ "type": "Feature", "properties": { "Month": "June", "Day": 8, "Year": 1943, "Name of Vessel": "KAHOKU MARU", "Type of Vessel": "Converted Gunboat", "Standard T": "3350", "Latitude": "9-07N", "Longitude": " 134-31E", "Flag of Aggressor": "United States", "Type of Aggression": "Submarine", "Assessment": "Sunk" }, "geometry": { "type": "Point", "coordinates": [ 134.51666666666668, 9.116666666666667 ] } },
{ "type": "Feature", "properties": { "Month": "June", "Day": 11, "Year": 1943, "Name of Vessel": "GENOA MARU", "Type of Vessel": "Cargo", "Standard T": "6785", "Latitude": "7-36N", "Longitude": " 134-17E", "Flag of Aggressor": "United States", "Type of Aggression": "Submarine", "Assessment": "Sunk" }, "geometry": { "type": "Point", "coordinates": [ 134.283333333333331, 7.6 ] } },
{ "type": "Feature", "properties": { "Month": "June", "Day": 11, "Year": 1943, "Name of Vessel": "JINBU MARU", "Type of Vessel": "Cargo", "Standard T": "5228", "Latitude": "50-23N", "Longitude": " 155-36E", "Flag of Aggressor": "United States", "Type of Aggression": "Submarine", "Assessment": "Sunk" }, "geometry": { "type": "Point", "coordinates": [ 155.6, 50.383333333333333 ] } },
{ "type": "Feature", "properties": { "Month": "June", "Day": 11, "Year": 1943, "Name of Vessel": "HIDE MARU", "Type of Vessel": "Cargo", "Standard T": "5256", "Latitude": "2-47N", "Longitude": " 152-00E", "Flag of Aggressor": "United States", "Type of Aggression": "Submarine", "Assessment": "Sunk" }, "geometry": { "type": "Point", "coordinates": [ 152.0, 2.783333333333333 ] } },
{ "type": "Feature", "properties": { "Month": "June", "Day": 11, "Year": 1943, "Name of Vessel": "SEINAN MARU", "Type of Vessel": "Cargo", "Standard T": "1338", "Latitude": "41-00N", "Longitude": " 141-30E", "Flag of Aggressor": "United States", "Type of Aggression": "Submarine*", "Assessment": "Sunk" }, "geometry": { "type": "Point", "coordinates": [ 141.5, 41.0 ] } },
{ "type": "Feature", "properties": { "Month": "June", "Day": 13, "Year": 1943, "Name of Vessel": "KONAN MARU", "Type of Vessel": "Passenger-Cargo", "Standard T": "5226", "Latitude": "6-05N", "Longitude": " 138-25E", "Flag of Aggressor": "United States", "Type of Aggression": "Submarine", "Assessment": "Sunk" }, "geometry": { "type": "Point", "coordinates": [ 138.416666666666657, 6.083333333333333 ] } },
{ "type": "Feature", "properties": { "Month": "June", "Day": 13, "Year": 1943, "Name of Vessel": "SUZUYA MARU", "Type of Vessel": "Cargo", "Standard T": "901", "Latitude": "3-08S", "Longitude": " 151-24E", "Flag of Aggressor": "United States", "Type of Aggression": "Submarine", "Assessment": "Sunk" }, "geometry": { "type": "Point", "coordinates": [ 151.4, -3.133333333333333 ] } },
{ "type": "Feature", "properties": { "Month": "June", "Day": 15, "Year": 1943, "Name of Vessel": "KOYO MARU", "Type of Vessel": "Cargo", "Standard T": "6435", "Latitude": "33-55N", "Longitude": " 127-38E", "Flag of Aggressor": "United States", "Type of Aggression": "Submarine", "Assessment": "Sunk" }, "geometry": { "type": "Point", "coordinates": [ 127.63333333333334, 33.916666666666664 ] } },
{ "type": "Feature", "properties": { "Month": "June", "Day": 15, "Year": 1943, "Name of Vessel": "SHINJU MARU", "Type of Vessel": "Cargo", "Standard T": "3617", "Latitude": "39-13N", "Longitude": " 142-00E", "Flag of Aggressor": "United States", "Type of Aggression": "Submarine", "Assessment": "Sunk" }, "geometry": { "type": "Point", "coordinates": [ 142.0, 39.216666666666669 ] } },
{ "type": "Feature", "properties": { "Month": "June", "Day": 15, "Year": 1943, "Name of Vessel": "SANRAKU MARU", "Type of Vessel": "Tanker", "Standard T": "3000", "Latitude": "5-09N", "Longitude": " 119-38E", "Flag of Aggressor": "United States", "Type of Aggression": "Submarine", "Assessment": "Sunk" }, "geometry": { "type": "Point", "coordinates": [ 119.63333333333334, 5.15 ] } },
{ "type": "Feature", "properties": { "Month": "June", "Day": 17, "Year": 1943, "Name of Vessel": "MYOKO MARU", "Type of Vessel": "Passenger-Cargo", "Standard T": "5087", "Latitude": "2-03S", "Longitude": " 153-44E", "Flag of Aggressor": "United States", "Type of Aggression": "Submarine*", "Assessment": "Sunk" }, "geometry": { "type": "Point", "coordinates": [ 153.73333333333332, -2.05 ] } },
{ "type": "Feature", "properties": { "Month": "June", "Day": 19, "Year": 1943, "Name of Vessel": "TOKIWA MARU", "Type of Vessel": "Cargo", "Standard T": "6971", "Latitude": "32-31N", "Longitude": " 126-19E", "Flag of Aggressor": "United States", "Type of Aggression": "Submarine", "Assessment": "Sunk" }, "geometry": { "type": "Point", "coordinates": [ 126.316666666666663, 32.516666666666666 ] } },
{ "type": "Feature", "properties": { "Month": "June", "Day": 19, "Year": 1943, "Name of Vessel": "MIYADONO MARU", "Type of Vessel": "Passenger-Cargo", "Standard T": "5196", "Latitude": "1-38N", "Longitude": " 148-14E", "Flag of Aggressor": "United States", "Type of Aggression": "Submarine", "Assessment": "Sunk" }, "geometry": { "type": "Point", "coordinates": [ 148.23333333333332, 1.633333333333333 ] } },
{ "type": "Feature", "properties": { "Month": "June", "Day": 20, "Year": 1943, "Name of Vessel": "SHOJIN MARU", "Type of Vessel": "Cargo", "Standard T": "4739", "Latitude": "24-39N", "Longitude": " 118-52E", "Flag of Aggressor": "United States", "Type of Aggression": "Submarine", "Assessment": "Sunk" }, "geometry": { "type": "Point", "coordinates": [ 118.86666666666666, 24.65 ] } },
{ "type": "Feature", "properties": { "Month": "June", "Day": 20, "Year": 1943, "Name of Vessel": "MEITEN MARU", "Type of Vessel": "Cargo", "Standard T": "4474", "Latitude": "15-57N", "Longitude": " 140-55E", "Flag of Aggressor": "United States", "Type of Aggression": "Submarine", "Assessment": "Sunk" }, "geometry": { "type": "Point", "coordinates": [ 140.916666666666657, 15.95 ] } },
{ "type": "Feature", "properties": { "Month": "June", "Day": 23, "Year": 1943, "Name of Vessel": "SAGARA MARU", "Type of Vessel": "Converted Seaplane Tender", "Standard T": "7189", "Latitude": "33-45N", "Longitude": " 138-10E", "Flag of Aggressor": "United States", "Type of Aggression": "Submarine", "Assessment": "Sunk" }, "geometry": { "type": "Point", "coordinates": [ 138.166666666666657, 33.75 ] } },
{ "type": "Feature", "properties": { "Month": "June", "Day": 25, "Year": 1943, "Name of Vessel": "IBURI MARU", "Type of Vessel": "Passenger-Cargo", "Standard T": "3291", "Latitude": "39-34N", "Longitude": " 142-06E", "Flag of Aggressor": "United States", "Type of Aggression": "Submarine", "Assessment": "Sunk" }, "geometry": { "type": "Point", "coordinates": [ 142.1, 39.56666666666667 ] } },
{ "type": "Feature", "properties": { "Month": "June", "Day": 26, "Year": 1943, "Name of Vessel": "SHINRYU MARU", "Type of Vessel": "Passenger-Cargo", "Standard T": "4936", "Latitude": "48-06N", "Longitude": " 153-15E", "Flag of Aggressor": "United States", "Type of Aggression": "Submarine*", "Assessment": "Sunk" }, "geometry": { "type": "Point", "coordinates": [ 153.25, 48.1 ] } },
{ "type": "Feature", "properties": { "Month": "June", "Day": 26, "Year": 1943, "Name of Vessel": "TOYO MARU", "Type of Vessel": "Passenger-Cargo", "Standard T": "4163", "Latitude": "33-22N", "Longitude": " 138-56E", "Flag of Aggressor": "United States", "Type of Aggression": "Submarine", "Assessment": "Sunk" }, "geometry": { "type": "Point", "coordinates": [ 138.933333333333337, 33.366666666666667 ] } },
{ "type": "Feature", "properties": { "Month": "June", "Day": 26, "Year": 1943, "Name of Vessel": "SHOZAN MARU", "Type of Vessel": "Cargo", "Standard T": "5859", "Latitude": "33-22N", "Longitude": " 138-56E", "Flag of Aggressor": "United States", "Type of Aggression": "Submarine", "Assessment": "Sunk" }, "geometry": { "type": "Point", "coordinates": [ 138.933333333333337, 33.366666666666667 ] } },
{ "type": "Feature", "properties": { "Month": "June", "Day": 28, "Year": 1943, "Name of Vessel": "SHOTOKU MARU", "Type of Vessel": "Converted Gunboat", "Standard T": "1964", "Latitude": "14-10N", "Longitude": " 145-03E", "Flag of Aggressor": "United States", "Type of Aggression": "Submarine", "Assessment": "Sunk" }, "geometry": { "type": "Point", "coordinates": [ 145.05, 14.166666666666666 ] } },
{ "type": "Feature", "properties": { "Month": "July", "Day": 1, "Year": 1943, "Name of Vessel": "YONEYAMA MARU", "Type of Vessel": "Passenger-Cargo", "Standard T": "5274", "Latitude": "00-20N", "Longitude": " 119-32E", "Flag of Aggressor": "United States", "Type of Aggression": "Submarine", "Assessment": "Sunk" }, "geometry": { "type": "Point", "coordinates": [ 119.533333333333331, 0.333333333333333 ] } },
{ "type": "Feature", "properties": { "Month": "July", "Day": 2, "Year": 1943, "Name of Vessel": "KASHI MARU", "Type of Vessel": "Cargo", "Standard T": "654", "Latitude": "8-06S", "Longitude": " 157-20E", "Flag of Aggressor": "United States", "Type of Aggression": "Army Aircraft", "Assessment": "Sunk" }, "geometry": { "type": "Point", "coordinates": [ 157.333333333333343, -8.1 ] } },
{ "type": "Feature", "properties": { "Month": "July", "Day": 2, "Year": 1943, "Name of Vessel": "CANTON MARU", "Type of Vessel": "Cargo", "Standard T": "2820", "Latitude": "25-07N", "Longitude": " 119-18E", "Flag of Aggressor": "United States", "Type of Aggression": "Submarine", "Assessment": "Sunk" }, "geometry": { "type": "Point", "coordinates": [ 119.3, 25.116666666666667 ] } },
{ "type": "Feature", "properties": { "Month": "July", "Day": 2, "Year": 1943, "Name of Vessel": "BANSHU MARU NO 7", "Type of Vessel": "Cargo", "Standard T": "5430", "Latitude": "52-30N", "Longitude": " 156-12E", "Flag of Aggressor": "United States", "Type of Aggression": "Submarine", "Assessment": "Sunk" }, "geometry": { "type": "Point", "coordinates": [ 156.2, 52.5 ] } },
{ "type": "Feature", "properties": { "Month": "July", "Day": 2, "Year": 1943, "Name of Vessel": "ISUZU MARU", "Type of Vessel": "Cargo", "Standard T": "2866", "Latitude": "13-36N", "Longitude": " 121-49E", "Flag of Aggressor": "United States", "Type of Aggression": "Submarine", "Assessment": "Sunk" }, "geometry": { "type": "Point", "coordinates": [ 121.816666666666663, 13.6 ] } },
{ "type": "Feature", "properties": { "Month": "July", "Day": 3, "Year": 1943, "Name of Vessel": "ANZAN MARU", "Type of Vessel": "Cargo", "Standard T": "3890", "Latitude": "38-08N", "Longitude": " 124-20E", "Flag of Aggressor": "United States", "Type of Aggression": "Submarine", "Assessment": "Sunk" }, "geometry": { "type": "Point", "coordinates": [ 124.333333333333329, 38.133333333333333 ] } },
{ "type": "Feature", "properties": { "Month": "July", "Day": 3, "Year": 1943, "Name of Vessel": "KOKURYU MARU", "Type of Vessel": "Passenger-Cargo", "Standard T": "6112", "Latitude": "38-08N", "Longitude": " 124-20E", "Flag of Aggressor": "United States", "Type of Aggression": "Submarine", "Assessment": "Sunk" }, "geometry": { "type": "Point", "coordinates": [ 124.333333333333329, 38.133333333333333 ] } },
{ "type": "Feature", "properties": { "Month": "July", "Day": 4, "Year": 1943, "Name of Vessel": "NIKKYU MARU", "Type of Vessel": "Cargo", "Standard T": "6529", "Latitude": "34-31N", "Longitude": " 138-35E", "Flag of Aggressor": "United States", "Type of Aggression": "Submarine", "Assessment": "Sunk" }, "geometry": { "type": "Point", "coordinates": [ 138.583333333333343, 34.516666666666666 ] } },
{ "type": "Feature", "properties": { "Month": "July", "Day": 4, "Year": 1943, "Name of Vessel": "KOKI MARU", "Type of Vessel": "Cargo", "Standard T": "5290", "Latitude": "28-40N", "Longitude": " 124-10E", "Flag of Aggressor": "United States", "Type of Aggression": "Submarine", "Assessment": "Sunk" }, "geometry": { "type": "Point", "coordinates": [ 124.166666666666671, 28.666666666666668 ] } },
{ "type": "Feature", "properties": { "Month": "July", "Day": 4, "Year": 1943, "Name of Vessel": "LIVERPOOL MARU", "Type of Vessel": "Cargo", "Standard T": "5865", "Latitude": "28-40N", "Longitude": " 124-10E", "Flag of Aggressor": "United States", "Type of Aggression": "Submarine", "Assessment": "Sunk" }, "geometry": { "type": "Point", "coordinates": [ 124.166666666666671, 28.666666666666668 ] } },
{ "type": "Feature", "properties": { "Month": "July", "Day": 6, "Year": 1943, "Name of Vessel": "BANSHU MARU NO 33", "Type of Vessel": "Cargo", "Standard T": "737", "Latitude": "43-35N", "Longitude": " 140-21E", "Flag of Aggressor": "United States", "Type of Aggression": "Submarine", "Assessment": "Sunk" }, "geometry": { "type": "Point", "coordinates": [ 140.35, 43.583333333333336 ] } },
{ "type": "Feature", "properties": { "Month": "July", "Day": 7, "Year": 1943, "Name of Vessel": "SHOWA MARU", "Type of Vessel": "Passenger-Cargo", "Standard T": "2212", "Latitude": "43-14N", "Longitude": " 139-53E", "Flag of Aggressor": "United States", "Type of Aggression": "Submarine", "Assessment": "Sunk" }, "geometry": { "type": "Point", "coordinates": [ 139.883333333333326, 43.233333333333334 ] } },
{ "type": "Feature", "properties": { "Month": "July", "Day": 11, "Year": 1943, "Name of Vessel": "TAIKO MARU", "Type of Vessel": "Cargo", "Standard T": "1925", "Latitude": "12-53N", "Longitude": " 131-49E", "Flag of Aggressor": "United States", "Type of Aggression": "Submarine", "Assessment": "Sunk" }, "geometry": { "type": "Point", "coordinates": [ 131.816666666666663, 12.883333333333333 ] } },
{ "type": "Feature", "properties": { "Month": "July", "Day": 12, "Year": 1943, "Name of Vessel": "TAIRYO MARU", "Type of Vessel": "Cargo", "Standard T": "1423", "Latitude": "20-52N", "Longitude": " 106-41E", "Flag of Aggressor": "United States", "Type of Aggression": "Army Aircraft", "Assessment": "Sunk" }, "geometry": { "type": "Point", "coordinates": [ 106.683333333333337, 20.866666666666667 ] } },
{ "type": "Feature", "properties": { "Month": "July", "Day": 12, "Year": 1943, "Name of Vessel": "CHIKUZAN MARU", "Type of Vessel": "Cargo", "Standard T": "1840", "Latitude": "20-52N", "Longitude": " 106-41E", "Flag of Aggressor": "United States", "Type of Aggression": "Army Aircraft", "Assessment": "Sunk" }, "geometry": { "type": "Point", "coordinates": [ 106.683333333333337, 20.866666666666667 ] } },
{ "type": "Feature", "properties": { "Month": "July", "Day": 12, "Year": 1943, "Name of Vessel": "NIITAKA MARU", "Type of Vessel": "Passenger-Cargo", "Standard T": "2478", "Latitude": "43-02N", "Longitude": " 140-00E", "Flag of Aggressor": "United States", "Type of Aggression": "Submarine", "Assessment": "Sunk" }, "geometry": { "type": "Point", "coordinates": [ 140.0, 43.033333333333331 ] } },
{ "type": "Feature", "properties": { "Month": "July", "Day": 19, "Year": 1943, "Name of Vessel": "MIKAGE MARU NO 20", "Type of Vessel": "Passenger-Cargo", "Standard T": "2718", "Latitude": "18-34N", "Longitude": " 166-20E", "Flag of Aggressor": "United States", "Type of Aggression": "Submarine", "Assessment": "Sunk" }, "geometry": { "type": "Point", "coordinates": [ 166.333333333333343, 18.566666666666666 ] } },
{ "type": "Feature", "properties": { "Month": "July", "Day": 21, "Year": 1943, "Name of Vessel": "SAIPAN MARU", "Type of Vessel": "Transport", "Standard T": "5533", "Latitude": "16-18N", "Longitude": " 134-09E", "Flag of Aggressor": "United States", "Type of Aggression": "Submarine", "Assessment": "Sunk" }, "geometry": { "type": "Point", "coordinates": [ 134.15, 16.3 ] } },
{ "type": "Feature", "properties": { "Month": "July", "Day": 24, "Year": 1943, "Name of Vessel": "MIE MARU", "Type of Vessel": "Cargo", "Standard T": "2913", "Latitude": "2-45S", "Longitude": " 133-40E", "Flag of Aggressor": "Australia", "Type of Aggression": "Mine", "Assessment": "Sunk" }, "geometry": { "type": "Point", "coordinates": [ 133.666666666666657, -2.75 ] } },
{ "type": "Feature", "properties": { "Month": "July", "Day": 25, "Year": 1943, "Name of Vessel": "THAMES MARU", "Type of Vessel": "Cargo", "Standard T": "5871", "Latitude": "2-40N", "Longitude": " 148-26E", "Flag of Aggressor": "United States", "Type of Aggression": "Submarine", "Assessment": "Sunk" }, "geometry": { "type": "Point", "coordinates": [ 148.433333333333337, 2.666666666666667 ] } },
{ "type": "Feature", "properties": { "Month": "July", "Day": 27, "Year": 1943, "Name of Vessel": "TEIKIN MARU", "Type of Vessel": "Cargo", "Standard T": "1972", "Latitude": "19-57N", "Longitude": " 109-05E", "Flag of Aggressor": "United States", "Type of Aggression": "Navy Mine*", "Assessment": "Sunk" }, "geometry": { "type": "Point", "coordinates": [ 109.083333333333329, 19.95 ] } },
{ "type": "Feature", "properties": { "Month": "July", "Day": 28, "Year": 1943, "Name of Vessel": "TAMISHIMA MARU", "Type of Vessel": "Cargo", "Standard T": "1931", "Latitude": "13-52N", "Longitude": " 97-50E", "Flag of Aggressor": "United States", "Type of Aggression": "Army Aircraft", "Assessment": "Sunk" }, "geometry": { "type": "Point", "coordinates": [ 97.833333333333329, 13.866666666666667 ] } },
{ "type": "Feature", "properties": { "Month": "July", "Day": 30, "Year": 1943, "Name of Vessel": "RYUZAN MARU", "Type of Vessel": "Cargo", "Standard T": "4720", "Latitude": "6-31S", "Longitude": " 111-26E", "Flag of Aggressor": "United States", "Type of Aggression": "Submarine", "Assessment": "Sunk" }, "geometry": { "type": "Point", "coordinates": [ 111.433333333333337, -6.516666666666667 ] } },
{ "type": "Feature", "properties": { "Month": "August", "Day": 1, "Year": 1943, "Name of Vessel": "MOGAMIGAWA MARU", "Type of Vessel": "Aircraft Ferry", "Standard T": "7497", "Latitude": "11-16N", "Longitude": " 153-34E", "Flag of Aggressor": "United States", "Type of Aggression": "Submarine", "Assessment": "Sunk" }, "geometry": { "type": "Point", "coordinates": [ 153.566666666666663, 11.266666666666667 ] } },
{ "type": "Feature", "properties": { "Month": "August", "Day": 3, "Year": 1943, "Name of Vessel": "KAISHO MARU", "Type of Vessel": "Passenger-Cargo", "Standard T": "6070", "Latitude": "5-18S", "Longitude": " 111-52E", "Flag of Aggressor": "United States", "Type of Aggression": "Submarine", "Assessment": "Sunk" }, "geometry": { "type": "Point", "coordinates": [ 111.86666666666666, -5.3 ] } },
{ "type": "Feature", "properties": { "Month": "August", "Day": 5, "Year": 1943, "Name of Vessel": "SHOJU MARU", "Type of Vessel": "Passenger-Cargo", "Standard T": "2022", "Latitude": "24-37N", "Longitude": " 152-45E", "Flag of Aggressor": "United States", "Type of Aggression": "Submarine", "Assessment": "Sunk" }, "geometry": { "type": "Point", "coordinates": [ 152.75, 24.616666666666667 ] } },
{ "type": "Feature", "properties": { "Month": "August", "Day": 8, "Year": 1943, "Name of Vessel": "NARUTO MARU", "Type of Vessel": "Aircraft Ferry", "Standard T": "7149", "Latitude": "24-12N", "Longitude": " 142-51E", "Flag of Aggressor": "United States", "Type of Aggression": "Submarine", "Assessment": "Sunk" }, "geometry": { "type": "Point", "coordinates": [ 142.85, 24.2 ] } },
{ "type": "Feature", "properties": { "Month": "August", "Day": 9, "Year": 1943, "Name of Vessel": "SEKKO MARU", "Type of Vessel": "Passenger-Cargo", "Standard T": "3183", "Latitude": "24-51N", "Longitude": " 122-12E", "Flag of Aggressor": "United States", "Type of Aggression": "Submarine", "Assessment": "Sunk" }, "geometry": { "type": "Point", "coordinates": [ 122.2, 24.85 ] } },
{ "type": "Feature", "properties": { "Month": "August", "Day": 10, "Year": 1943, "Name of Vessel": "WAKANOURA MARU", "Type of Vessel": "Passenger-Cargo", "Standard T": "2411", "Latitude": "46-58N", "Longitude": " 143-30E", "Flag of Aggressor": "United States", "Type of Aggression": "Submarine", "Assessment": "Sunk" }, "geometry": { "type": "Point", "coordinates": [ 143.5, 46.966666666666669 ] } },
{ "type": "Feature", "properties": { "Month": "August", "Day": 13, "Year": 1943, "Name of Vessel": "EDO MARU", "Type of Vessel": "Converted Gunboat", "Standard T": "1299", "Latitude": "23-24N", "Longitude": " 142-26E", "Flag of Aggressor": "United States", "Type of Aggression": "Submarine", "Assessment": "Sunk" }, "geometry": { "type": "Point", "coordinates": [ 142.433333333333337, 23.4 ] } },
{ "type": "Feature", "properties": { "Month": "August", "Day": 20, "Year": 1943, "Name of Vessel": "CHOSA MARU", "Type of Vessel": "Converted Gunboat", "Standard T": "2538", "Latitude": "5-09N", "Longitude": " 100-10E", "Flag of Aggressor": "Netherlands", "Type of Aggression": "Submarine", "Assessment": "Sunk" }, "geometry": { "type": "Point", "coordinates": [ 100.166666666666671, 5.15 ] } },
{ "type": "Feature", "properties": { "Month": "August", "Day": 20, "Year": 1943, "Name of Vessel": "SEITAI MARU", "Type of Vessel": "Cargo", "Standard T": "3404", "Latitude": "42-15N", "Longitude": " 139-53E", "Flag of Aggressor": "United States", "Type of Aggression": "Submarine", "Assessment": "Sunk" }, "geometry": { "type": "Point", "coordinates": [ 139.883333333333326, 42.25 ] } },
{ "type": "Feature", "properties": { "Month": "August", "Day": 20, "Year": 1943, "Name of Vessel": "SEIZAN MARU", "Type of Vessel": "Cargo", "Standard T": "955", "Latitude": "00-58N", "Longitude": " 119-01E", "Flag of Aggressor": "United States", "Type of Aggression": "Submarine", "Assessment": "Sunk" }, "geometry": { "type": "Point", "coordinates": [ 119.016666666666666, 0.966666666666667 ] } },
{ "type": "Feature", "properties": { "Month": "August", "Day": 22, "Year": 1943, "Name of Vessel": "RYOKAI MARU", "Type of Vessel": "Cargo", "Standard T": "4655", "Latitude": "42-40N", "Longitude": " 139-48E", "Flag of Aggressor": "United States", "Type of Aggression": "Submarine", "Assessment": "Sunk" }, "geometry": { "type": "Point", "coordinates": [ 139.8, 42.666666666666664 ] } },
{ "type": "Feature", "properties": { "Month": "August", "Day": 22, "Year": 1943, "Name of Vessel": "KAISHO MARU", "Type of Vessel": "Passenger-Cargo", "Standard T": "4164", "Latitude": "10-09N", "Longitude": " 147-25E", "Flag of Aggressor": "United States", "Type of Aggression": "Submarine", "Assessment": "Sunk" }, "geometry": { "type": "Point", "coordinates": [ 147.416666666666657, 10.15 ] } },
{ "type": "Feature", "properties": { "Month": "August", "Day": 22, "Year": 1943, "Name of Vessel": "NISHIYAMA MARU", "Type of Vessel": "Cargo", "Standard T": "3016", "Latitude": "2-40N", "Longitude": " 137-10E", "Flag of Aggressor": "United States", "Type of Aggression": "Submarine", "Assessment": "Sunk" }, "geometry": { "type": "Point", "coordinates": [ 137.166666666666657, 2.666666666666667 ] } },
{ "type": "Feature", "properties": { "Month": "August", "Day": 23, "Year": 1943, "Name of Vessel": "HEITO MARU", "Type of Vessel": "Cargo", "Standard T": "4468", "Latitude": "9-10N", "Longitude": " 92-50E", "Flag of Aggressor": "United States", "Type of Aggression": "Army Aircraft", "Assessment": "Sunk" }, "geometry": { "type": "Point", "coordinates": [ 92.833333333333329, 9.166666666666666 ] } },
{ "type": "Feature", "properties": { "Month": "August", "Day": 23, "Year": 1943, "Name of Vessel": "ATAKA MARU", "Type of Vessel": "Passenger-Cargo", "Standard T": "5248", "Latitude": "34-37N", "Longitude": " 137-53E", "Flag of Aggressor": "United States", "Type of Aggression": "Submarine", "Assessment": "Sunk" }, "geometry": { "type": "Point", "coordinates": [ 137.883333333333326, 34.616666666666667 ] } },
{ "type": "Feature", "properties": { "Month": "August", "Day": 27, "Year": 1943, "Name of Vessel": "MEIZAN MARU", "Type of Vessel": "Passenger-Cargo", "Standard T": "5480", "Latitude": "13-13N", "Longitude": " 121-23E", "Flag of Aggressor": "United States", "Type of Aggression": "Submarine*", "Assessment": "Sunk" }, "geometry": { "type": "Point", "coordinates": [ 121.38333333333334, 13.216666666666667 ] } },
{ "type": "Feature", "properties": { "Month": "August", "Day": 27, "Year": 1943, "Name of Vessel": "TAIFUKU MARU", "Type of Vessel": "Passenger-Cargo", "Standard T": "3520", "Latitude": "32-27N", "Longitude": " 132-24E", "Flag of Aggressor": "United States", "Type of Aggression": "Submarine", "Assessment": "Sunk" }, "geometry": { "type": "Point", "coordinates": [ 132.4, 32.45 ] } },
{ "type": "Feature", "properties": { "Month": "August", "Day": 30, "Year": 1943, "Name of Vessel": "TAIBUN MARU", "Type of Vessel": "Passenger-Cargo", "Standard T": "6581", "Latitude": "41-53N", "Longitude": " 141-10E", "Flag of Aggressor": "United States", "Type of Aggression": "Submarine", "Assessment": "Sunk" }, "geometry": { "type": "Point", "coordinates": [ 141.166666666666657, 41.883333333333333 ] } },
{ "type": "Feature", "properties": { "Month": "August", "Day": 31, "Year": 1943, "Name of Vessel": "SHOTO MARU", "Type of Vessel": "Passenger-Cargo", "Standard T": "5254", "Latitude": "28-27N", "Longitude": " 123-03E", "Flag of Aggressor": "United States", "Type of Aggression": "Submarine", "Assessment": "Sunk" }, "geometry": { "type": "Point", "coordinates": [ 123.05, 28.45 ] } },
{ "type": "Feature", "properties": { "Month": "August", "Day": 31, "Year": 1943, "Name of Vessel": "KOKKO MARU", "Type of Vessel": "Cargo", "Standard T": "5486", "Latitude": "28-27N", "Longitude": " 123-03E", "Flag of Aggressor": "United States", "Type of Aggression": "Submarine", "Assessment": "Sunk" }, "geometry": { "type": "Point", "coordinates": [ 123.05, 28.45 ] } },
{ "type": "Feature", "properties": { "Month": "September", "Day": 1, "Year": 1943, "Name of Vessel": "FUSEI MARU", "Type of Vessel": "Passenger-Cargo", "Standard T": "2256", "Latitude": "31-28N", "Longitude": " 127-24E", "Flag of Aggressor": "United States", "Type of Aggression": "Submarine", "Assessment": "Sunk" }, "geometry": { "type": "Point", "coordinates": [ 127.4, 31.466666666666665 ] } },
{ "type": "Feature", "properties": { "Month": "September", "Day": 2, "Year": 1943, "Name of Vessel": "HANKOW MARU", "Type of Vessel": "Passenger-Cargo", "Standard T": "4105", "Latitude": "3-35S", "Longitude": " 143-39E", "Flag of Aggressor": "United States", "Type of Aggression": "Army Aircraft", "Assessment": "Sunk" }, "geometry": { "type": "Point", "coordinates": [ 143.65, -3.583333333333333 ] } },
{ "type": "Feature", "properties": { "Month": "September", "Day": 2, "Year": 1943, "Name of Vessel": "NAGATO MARU", "Type of Vessel": "Cargo", "Standard T": "5901", "Latitude": "3-35S", "Longitude": " 143-39E", "Flag of Aggressor": "United States", "Type of Aggression": "Army Aircraft", "Assessment": "Sunk" }, "geometry": { "type": "Point", "coordinates": [ 143.65, -3.583333333333333 ] } },
{ "type": "Feature", "properties": { "Month": "September", "Day": 3, "Year": 1943, "Name of Vessel": "AKAMA MARU", "Type of Vessel": "Cargo", "Standard T": "5600", "Latitude": "41-00N", "Longitude": " 141-30E", "Flag of Aggressor": "United States", "Type of Aggression": "Submarine*", "Assessment": "Sunk" }, "geometry": { "type": "Point", "coordinates": [ 141.5, 41.0 ] } },
{ "type": "Feature", "properties": { "Month": "September", "Day": 3, "Year": 1943, "Name of Vessel": "TAGONOURA MARU", "Type of Vessel": "Cargo", "Standard T": "3521", "Latitude": "34-10N", "Longitude": " 140-12E", "Flag of Aggressor": "United States", "Type of Aggression": "Submarine", "Assessment": "Sunk" }, "geometry": { "type": "Point", "coordinates": [ 140.2, 34.166666666666664 ] } },
{ "type": "Feature", "properties": { "Month": "September", "Day": 4, "Year": 1943, "Name of Vessel": "HEIJO MARU", "Type of Vessel": "Converted Gunboat", "Standard T": "2627", "Latitude": "5-32N", "Longitude": " 156-23E", "Flag of Aggressor": "United States", "Type of Aggression": "Submarine", "Assessment": "Sunk" }, "geometry": { "type": "Point", "coordinates": [ 156.383333333333326, 5.533333333333333 ] } },
{ "type": "Feature", "properties": { "Month": "September", "Day": 4, "Year": 1943, "Name of Vessel": "KOZAN MARU", "Type of Vessel": "Passenger-Cargo", "Standard T": "4180", "Latitude": "22-22N", "Longitude": " 120-04E", "Flag of Aggressor": "United States", "Type of Aggression": "Submarine", "Assessment": "Sunk" }, "geometry": { "type": "Point", "coordinates": [ 120.066666666666663, 22.366666666666667 ] } },
{ "type": "Feature", "properties": { "Month": "September", "Day": 5, "Year": 1943, "Name of Vessel": "TENKAI MARU", "Type of Vessel": "Cargo", "Standard T": "3203", "Latitude": "1-10N", "Longitude": " 142-10E", "Flag of Aggressor": "United States", "Type of Aggression": "Submarine", "Assessment": "Sunk" }, "geometry": { "type": "Point", "coordinates": [ 142.166666666666657, 1.166666666666667 ] } },
{ "type": "Feature", "properties": { "Month": "September", "Day": 6, "Year": 1943, "Name of Vessel": "ANNAN MARU", "Type of Vessel": "Cargo", "Standard T": "2941", "Latitude": "16-46N", "Longitude": " 96-10E", "Flag of Aggressor": "United States", "Type of Aggression": "Army Aircraft", "Assessment": "Sunk" }, "geometry": { "type": "Point", "coordinates": [ 96.166666666666671, 16.766666666666666 ] } },
{ "type": "Feature", "properties": { "Month": "September", "Day": 6, "Year": 1943, "Name of Vessel": "MILAN MARU", "Type of Vessel": "Cargo", "Standard T": "5467", "Latitude": "16-46N", "Longitude": " 96-10E", "Flag of Aggressor": "United States", "Type of Aggression": "Army Aircraft", "Assessment": "Sunk" }, "geometry": { "type": "Point", "coordinates": [ 96.166666666666671, 16.766666666666666 ] } },
{ "type": "Feature", "properties": { "Month": "September", "Day": 6, "Year": 1943, "Name of Vessel": "SHOGEN MARU", "Type of Vessel": "Cargo", "Standard T": "3362", "Latitude": "42-13N", "Longitude": " 142-16E", "Flag of Aggressor": "United States", "Type of Aggression": "Submarine", "Assessment": "Sunk" }, "geometry": { "type": "Point", "coordinates": [ 142.26666666666668, 42.216666666666669 ] } },
{ "type": "Feature", "properties": { "Month": "September", "Day": 8, "Year": 1943, "Name of Vessel": "HAKUTETSU MARU NO 13", "Type of Vessel": "Cargo", "Standard T": "1334", "Latitude": "2-44S", "Longitude": " 141-36E", "Flag of Aggressor": "United States", "Type of Aggression": "Submarine", "Assessment": "Sunk" }, "geometry": { "type": "Point", "coordinates": [ 141.6, -2.733333333333333 ] } },
{ "type": "Feature", "properties": { "Month": "September", "Day": 9, "Year": 1943, "Name of Vessel": "KOYO MARU", "Type of Vessel": "Cargo", "Standard T": "3010", "Latitude": "35-20N", "Longitude": " 140-40E", "Flag of Aggressor": "United States", "Type of Aggression": "Submarine*", "Assessment": "Sunk" }, "geometry": { "type": "Point", "coordinates": [ 140.666666666666657, 35.333333333333336 ] } },
{ "type": "Feature", "properties": { "Month": "September", "Day": 11, "Year": 1943, "Name of Vessel": "YOKO MARU", "Type of Vessel": "Cargo", "Standard T": "1050", "Latitude": "33-50N", "Longitude": " 139-33E", "Flag of Aggressor": "United States", "Type of Aggression": "Submarine", "Assessment": "Sunk" }, "geometry": { "type": "Point", "coordinates": [ 139.55, 33.833333333333336 ] } },
{ "type": "Feature", "properties": { "Month": "September", "Day": 11, "Year": 1943, "Name of Vessel": "HOKUSHO MARU", "Type of Vessel": "Cargo", "Standard T": "4211", "Latitude": "00-28S", "Longitude": " 166-52E", "Flag of Aggressor": "United States", "Type of Aggression": "Submarine", "Assessment": "Sunk" }, "geometry": { "type": "Point", "coordinates": [ 166.866666666666674, -0.466666666666667 ] } },
{ "type": "Feature", "properties": { "Month": "September", "Day": 13, "Year": 1943, "Name of Vessel": "YAMATO MARU", "Type of Vessel": "Transport", "Standard T": "9656", "Latitude": "30-18N", "Longitude": " 123-35E", "Flag of Aggressor": "United States", "Type of Aggression": "Submarine", "Assessment": "Sunk" }, "geometry": { "type": "Point", "coordinates": [ 122.794570858860396, 32.521186625103084 ] } },
{ "type": "Feature", "properties": { "Month": "September", "Day": 16, "Year": 1943, "Name of Vessel": "SEIKAI MARU", "Type of Vessel": "Converted Gunboat", "Standard T": "2663", "Latitude": "2-30S", "Longitude": " 150-48E", "Flag of Aggressor": "Australia", "Type of Aggression": "Mine", "Assessment": "Sunk" }, "geometry": { "type": "Point", "coordinates": [ 150.8, -2.5 ] } },
{ "type": "Feature", "properties": { "Month": "September", "Day": 18, "Year": 1943, "Name of Vessel": "YOWA MARU", "Type of Vessel": "Cargo", "Standard T": "6435", "Latitude": "27-31N", "Longitude": " 126-57E", "Flag of Aggressor": "United States", "Type of Aggression": "Submarine*", "Assessment": "Sunk" }, "geometry": { "type": "Point", "coordinates": [ 126.95, 27.516666666666666 ] } },
{ "type": "Feature", "properties": { "Month": "September", "Day": 18, "Year": 1943, "Name of Vessel": "KANSAI MARU", "Type of Vessel": "Passenger-Cargo", "Standard T": "8614", "Latitude": "00-25N", "Longitude": " 146-21E", "Flag of Aggressor": "United States", "Type of Aggression": "Submarine", "Assessment": "Sunk" }, "geometry": { "type": "Point", "coordinates": [ 146.35, 0.416666666666667 ] } },
{ "type": "Feature", "properties": { "Month": "September", "Day": 19, "Year": 1943, "Name of Vessel": "KATSURA MARU NO 2", "Type of Vessel": "Converted Gunboat", "Standard T": "1368", "Latitude": "49-05N", "Longitude": " 151-45E", "Flag of Aggressor": "United States", "Type of Aggression": "Submarine", "Assessment": "Sunk" }, "geometry": { "type": "Point", "coordinates": [ 151.75, 49.083333333333336 ] } },
{ "type": "Feature", "properties": { "Month": "September", "Day": 19, "Year": 1943, "Name of Vessel": "KACHISAN MARU", "Type of Vessel": "Cargo", "Standard T": "814", "Latitude": "33-30N", "Longitude": " 135-40E", "Flag of Aggressor": "United States", "Type of Aggression": "Submarine", "Assessment": "Sunk" }, "geometry": { "type": "Point", "coordinates": [ 135.666666666666657, 33.5 ] } },
{ "type": "Feature", "properties": { "Month": "September", "Day": 21, "Year": 1943, "Name of Vessel": "SHIRIYA", "Type of Vessel": "Tanker", "Standard T": "6500", "Latitude": "26-27N", "Longitude": " 122-40E", "Flag of Aggressor": "United States", "Type of Aggression": "Submarine", "Assessment": "Sunk" }, "geometry": { "type": "Point", "coordinates": [ 122.666666666666671, 26.45 ] } },
{ "type": "Feature", "properties": { "Month": "September", "Day": 21, "Year": 1943, "Name of Vessel": "SHOYO MARU", "Type of Vessel": "Tanker", "Standard T": "7498", "Latitude": "26-27N", "Longitude": " 122-40E", "Flag of Aggressor": "United States", "Type of Aggression": "Submarine", "Assessment": "Sunk" }, "geometry": { "type": "Point", "coordinates": [ 122.666666666666671, 26.45 ] } },
{ "type": "Feature", "properties": { "Month": "September", "Day": 21, "Year": 1943, "Name of Vessel": "ARGUN MARU", "Type of Vessel": "Cargo", "Standard T": "6662", "Latitude": "26-27N", "Longitude": "122-40E", "Flag of Aggressor": "United States", "Type of Aggression": "Submarine", "Assessment": "Sunk" }, "geometry": { "type": "Point", "coordinates": [ 122.666666666666671, 26.45 ] } },
{ "type": "Feature", "properties": { "Month": "September", "Day": 22, "Year": 1943, "Name of Vessel": "KATSURAHAMA MARU", "Type of Vessel": "Cargo", "Standard T": "715", "Latitude": "39-11N", "Longitude": " 123-20E", "Flag of Aggressor": "United States", "Type of Aggression": "Submarine", "Assessment": "Sunk" }, "geometry": { "type": "Point", "coordinates": [ 123.333333333333329, 39.18333333333333 ] } },
{ "type": "Feature", "properties": { "Month": "September", "Day": 23, "Year": 1943, "Name of Vessel": "KOWA MARU", "Type of Vessel": "Cargo", "Standard T": "4520", "Latitude": "34-15N", "Longitude": " 137-00E", "Flag of Aggressor": "United States", "Type of Aggression": "Submarine", "Assessment": "Sunk" }, "geometry": { "type": "Point", "coordinates": [ 137.0, 34.25 ] } },
{ "type": "Feature", "properties": { "Month": "September", "Day": 23, "Year": 1943, "Name of Vessel": "DAISHIN MARU", "Type of Vessel": "Tanker", "Standard T": "5878", "Latitude": "34-15N", "Longitude": " 137-00E", "Flag of Aggressor": "United States", "Type of Aggression": "Submarine", "Assessment": "Sunk" }, "geometry": { "type": "Point", "coordinates": [ 137.0, 34.25 ] } },
{ "type": "Feature", "properties": { "Month": "September", "Day": 23, "Year": 1943, "Name of Vessel": "RYOTOKU MARU", "Type of Vessel": "Cargo", "Standard T": "3483", "Latitude": "21-17N", "Longitude": " 142-00E", "Flag of Aggressor": "United States", "Type of Aggression": "Submarine", "Assessment": "Sunk" }, "geometry": { "type": "Point", "coordinates": [ 142.0, 21.283333333333335 ] } },
{ "type": "Feature", "properties": { "Month": "September", "Day": 23, "Year": 1943, "Name of Vessel": "YAMASHIRO MARU", "Type of Vessel": "Passenger-Cargo", "Standard T": "3429", "Latitude": "21-17N", "Longitude": " 142-00E", "Flag of Aggressor": "United States", "Type of Aggression": "Submarine", "Assessment": "Sunk" }, "geometry": { "type": "Point", "coordinates": [ 142.0, 21.283333333333335 ] } },
{ "type": "Feature", "properties": { "Month": "September", "Day": 24, "Year": 1943, "Name of Vessel": "SHONAN MARU", "Type of Vessel": "Cargo", "Standard T": "521", "Latitude": "00-27S", "Longitude": " 147-43E", "Flag of Aggressor": "United States", "Type of Aggression": "Army Aircraft", "Assessment": "Sunk" }, "geometry": { "type": "Point", "coordinates": [ 147.716666666666669, -0.45 ] } },
{ "type": "Feature", "properties": { "Month": "September", "Day": 25, "Year": 1943, "Name of Vessel": "TAIKO MARU", "Type of Vessel": "Cargo", "Standard T": "2958", "Latitude": "41-30N", "Longitude": " 139-00E", "Flag of Aggressor": "United States", "Type of Aggression": "Submarine*", "Assessment": "Sunk" }, "geometry": { "type": "Point", "coordinates": [ 139.0, 41.5 ] } },
{ "type": "Feature", "properties": { "Month": "September", "Day": 25, "Year": 1943, "Name of Vessel": "KIRISHIMA MARU", "Type of Vessel": "Passenger-Cargo", "Standard T": "8120", "Latitude": "9-44N", "Longitude": " 111-56E", "Flag of Aggressor": "United States", "Type of Aggression": "Submarine", "Assessment": "Sunk" }, "geometry": { "type": "Point", "coordinates": [ 111.933333333333337, 9.733333333333333 ] } },
{ "type": "Feature", "properties": { "Month": "September", "Day": 27, "Year": 1943, "Name of Vessel": "TAISEI MARU", "Type of Vessel": "Cargo", "Standard T": "1957", "Latitude": "3-19S", "Longitude": " 143-33E", "Flag of Aggressor": "United States", "Type of Aggression": "Army Aircraft", "Assessment": "Sunk" }, "geometry": { "type": "Point", "coordinates": [ 143.55, -3.316666666666666 ] } },
{ "type": "Feature", "properties": { "Month": "September", "Day": 27, "Year": 1943, "Name of Vessel": "HAKUSAN MARU", "Type of Vessel": "Cargo", "Standard T": "2197", "Latitude": "1-18N", "Longitude": " 103-52E", "Flag of Aggressor": "Great Britain", "Type of Aggression": "Sabotage", "Assessment": "Sunk" }, "geometry": { "type": "Point", "coordinates": [ 103.86666666666666, 1.3 ] } },
{ "type": "Feature", "properties": { "Month": "September", "Day": 27, "Year": 1943, "Name of Vessel": "KIZAN MARU", "Type of Vessel": "Cargo", "Standard T": "5077", "Latitude": "1-18N", "Longitude": " 103-52E", "Flag of Aggressor": "Great Britain", "Type of Aggression": "Sabotage", "Assessment": "Sunk" }, "geometry": { "type": "Point", "coordinates": [ 103.86666666666666, 1.3 ] } },
{ "type": "Feature", "properties": { "Month": "September", "Day": 27, "Year": 1943, "Name of Vessel": "KASHIMA MARU", "Type of Vessel": "Transport", "Standard T": "9908", "Latitude": "10-14N", "Longitude": " 109-45E", "Flag of Aggressor": "United States", "Type of Aggression": "Submarine", "Assessment": "Sunk" }, "geometry": { "type": "Point", "coordinates": [ 109.75, 10.233333333333333 ] } },
{ "type": "Feature", "properties": { "Month": "September", "Day": 28, "Year": 1943, "Name of Vessel": "AKASHI MARU", "Type of Vessel": "Cargo", "Standard T": "3227", "Latitude": "6-11S", "Longitude": " 126-00E", "Flag of Aggressor": "United States", "Type of Aggression": "Submarine", "Assessment": "Sunk" }, "geometry": { "type": "Point", "coordinates": [ 126.0, -6.183333333333334 ] } },
{ "type": "Feature", "properties": { "Month": "September", "Day": 28, "Year": 1943, "Name of Vessel": "TAIAN MARU", "Type of Vessel": "Passenger-Cargo", "Standard T": "3158", "Latitude": "15-22N", "Longitude": " 145-38E", "Flag of Aggressor": "United States", "Type of Aggression": "Submarine", "Assessment": "Sunk" }, "geometry": { "type": "Point", "coordinates": [ 145.633333333333326, 15.366666666666667 ] } },
{ "type": "Feature", "properties": { "Month": "September", "Day": 29, "Year": 1943, "Name of Vessel": "MASAKI MARU NO 2", "Type of Vessel": "Cargo", "Standard T": "1238", "Latitude": "40-00N", "Longitude": " 130-00E", "Flag of Aggressor": "United States", "Type of Aggression": "Submarine*", "Assessment": "Sunk" }, "geometry": { "type": "Point", "coordinates": [ 130.0, 40.0 ] } },
{ "type": "Feature", "properties": { "Month": "September", "Day": 30, "Year": 1943, "Name of Vessel": "MAEBASHI MARU", "Type of Vessel": "Passenger-Cargo", "Standard T": "7005", "Latitude": "6-01N", "Longitude": " 139-08E", "Flag of Aggressor": "United States", "Type of Aggression": "Submarine", "Assessment": "Sunk" }, "geometry": { "type": "Point", "coordinates": [ 139.133333333333326, 6.016666666666667 ] } },
{ "type": "Feature", "properties": { "Month": "October", "Day": 1, "Year": 1943, "Name of Vessel": "TONEI MARU", "Type of Vessel": "Passenger-Cargo", "Standard T": "4930", "Latitude": "4-01N", "Longitude": " 143-47E", "Flag of Aggressor": "United States", "Type of Aggression": "Submarine", "Assessment": "Sunk" }, "geometry": { "type": "Point", "coordinates": [ 143.783333333333331, 4.016666666666667 ] } },
{ "type": "Feature", "properties": { "Month": "October", "Day": 1, "Year": 1943, "Name of Vessel": "KINKASAN MARU", "Type of Vessel": "Cargo", "Standard T": "4980", "Latitude": "4-01N", "Longitude": " 143-47E", "Flag of Aggressor": "United States", "Type of Aggression": "Submarine", "Assessment": "Sunk" }, "geometry": { "type": "Point", "coordinates": [ 143.783333333333331, 4.016666666666667 ] } },
{ "type": "Feature", "properties": { "Month": "October", "Day": 5, "Year": 1943, "Name of Vessel": "KONRON MARU", "Type of Vessel": "Transport", "Standard T": "7908", "Latitude": "34-00N", "Longitude": " 130-00E", "Flag of Aggressor": "United States", "Type of Aggression": "Submarine", "Assessment": "Sunk" }, "geometry": { "type": "Point", "coordinates": [ 130.0, 34.0 ] } },
{ "type": "Feature", "properties": { "Month": "October", "Day": 6, "Year": 1943, "Name of Vessel": "KAZAHAYA", "Type of Vessel": "Tanker", "Standard T": "8,000e", "Latitude": "10-01N", "Longitude": " 148-31E", "Flag of Aggressor": "United States", "Type of Aggression": "Submarine", "Assessment": "Sunk" }, "geometry": { "type": "Point", "coordinates": [ 148.51666666666668, 10.016666666666667 ] } },
{ "type": "Feature", "properties": { "Month": "October", "Day": 6, "Year": 1943, "Name of Vessel": "KANKO MARU", "Type of Vessel": "Passenger-Cargo", "Standard T": "1288", "Latitude": "37-18N", "Longitude": " 129-33E", "Flag of Aggressor": "United States", "Type of Aggression": "Submarine*", "Assessment": "Sunk" }, "geometry": { "type": "Point", "coordinates": [ 129.55, 37.3 ] } },
{ "type": "Feature", "properties": { "Month": "October", "Day": 6, "Year": 1943, "Name of Vessel": "SHINYU MARU", "Type of Vessel": "Cargo", "Standard T": "529", "Latitude": "3-35S", "Longitude": " 143-36E", "Flag of Aggressor": "United States", "Type of Aggression": "Army Aircraft", "Assessment": "Sunk" }, "geometry": { "type": "Point", "coordinates": [ 143.6, -3.583333333333333 ] } },
{ "type": "Feature", "properties": { "Month": "October", "Day": 8, "Year": 1943, "Name of Vessel": "TAIAN MARU", "Type of Vessel": "Cargo", "Standard T": "5655", "Latitude": "18-24N", "Longitude": " 119-09E", "Flag of Aggressor": "United States", "Type of Aggression": "Submarine", "Assessment": "Sunk" }, "geometry": { "type": "Point", "coordinates": [ 119.15, 18.4 ] } },
{ "type": "Feature", "properties": { "Month": "October", "Day": 8, "Year": 1943, "Name of Vessel": "DAINICHI MARU", "Type of Vessel": "Passenger-Cargo", "Standard T": "5813", "Latitude": "18-24N", "Longitude": " 119-09E", "Flag of Aggressor": "United States", "Type of Aggression": "Submarine", "Assessment": "Sunk" }, "geometry": { "type": "Point", "coordinates": [ 119.15, 18.4 ] } },
{ "type": "Feature", "properties": { "Month": "October", "Day": 8, "Year": 1943, "Name of Vessel": "KASHU MARU", "Type of Vessel": "Cargo", "Standard T": "5460", "Latitude": "00-25S", "Longitude": " 146-22E", "Flag of Aggressor": "United States", "Type of Aggression": "Submarine", "Assessment": "Sunk" }, "geometry": { "type": "Point", "coordinates": [ 146.366666666666674, -0.416666666666667 ] } },
{ "type": "Feature", "properties": { "Month": "October", "Day": 9, "Year": 1943, "Name of Vessel": "KANKO MARU", "Type of Vessel": "Cargo", "Standard T": "2995", "Latitude": "37-18N", "Longitude": " 129-33E", "Flag of Aggressor": "United States", "Type of Aggression": "Submarine*", "Assessment": "Sunk" }, "geometry": { "type": "Point", "coordinates": [ 129.55, 37.3 ] } },
{ "type": "Feature", "properties": { "Month": "October", "Day": 9, "Year": 1943, "Name of Vessel": "KOGANE MARU", "Type of Vessel": "Passenger-Cargo", "Standard T": "3132", "Latitude": "3-36S", "Longitude": " 127-44E", "Flag of Aggressor": "United States", "Type of Aggression": "Submarine", "Assessment": "Sunk" }, "geometry": { "type": "Point", "coordinates": [ 127.733333333333334, -3.6 ] } },
{ "type": "Feature", "properties": { "Month": "October", "Day": 10, "Year": 1943, "Name of Vessel": "HINO MARU NO 5", "Type of Vessel": "Cargo", "Standard T": "2725", "Latitude": "5-35S", "Longitude": " 154-25E", "Flag of Aggressor": "United States", "Type of Aggression": "Army Aircraft", "Assessment": "Sunk" }, "geometry": { "type": "Point", "coordinates": [ 154.416666666666657, -5.583333333333333 ] } },
{ "type": "Feature", "properties": { "Month": "October", "Day": 10, "Year": 1943, "Name of Vessel": "TEIBI MARU", "Type of Vessel": "Transport", "Standard T": "10086", "Latitude": "14-44N", "Longitude": " 110-19E", "Flag of Aggressor": "United States", "Type of Aggression": "Submarine", "Assessment": "Sunk" }, "geometry": { "type": "Point", "coordinates": [ 110.316666666666663, 14.733333333333333 ] } },
{ "type": "Feature", "properties": { "Month": "October", "Day": 10, "Year": 1943, "Name of Vessel": "ISUZUGAWA MARU", "Type of Vessel": "Cargo", "Standard T": "4212", "Latitude": "14-44N", "Longitude": " 110-19E", "Flag of Aggressor": "United States", "Type of Aggression": "Submarine", "Assessment": "Sunk" }, "geometry": { "type": "Point", "coordinates": [ 110.316666666666663, 14.733333333333333 ] } },
{ "type": "Feature", "properties": { "Month": "October", "Day": 11, "Year": 1943, "Name of Vessel": "SANWA MARU", "Type of Vessel": "Cargo", "Standard T": "547", "Latitude": "5-30S", "Longitude": " 154-45E", "Flag of Aggressor": "United States", "Type of Aggression": "Army Aircraft", "Assessment": "Sunk" }, "geometry": { "type": "Point", "coordinates": [ 154.75, -5.5 ] } },
{ "type": "Feature", "properties": { "Month": "October", "Day": 12, "Year": 1943, "Name of Vessel": "KEISHO MARU", "Type of Vessel": "Passenger-Cargo", "Standard T": "5879", "Latitude": "4-13S", "Longitude": " 152-12E", "Flag of Aggressor": "United States", "Type of Aggression": "Army Aircraft", "Assessment": "Sunk" }, "geometry": { "type": "Point", "coordinates": [ 152.2, -4.216666666666667 ] } },
{ "type": "Feature", "properties": { "Month": "October", "Day": 12, "Year": 1943, "Name of Vessel": "TSUKINADA MARU", "Type of Vessel": "Passenger-Cargo", "Standard T": "530", "Latitude": "4-13S", "Longitude": " 152-11E", "Flag of Aggressor": "United States", "Type of Aggression": "Army Aircraft", "Assessment": "Sunk" }, "geometry": { "type": "Point", "coordinates": [ 152.183333333333337, -4.216666666666667 ] } },
{ "type": "Feature", "properties": { "Month": "October", "Day": 13, "Year": 1943, "Name of Vessel": "DAIGEN MARU NO 8", "Type of Vessel": "Cargo", "Standard T": "1365", "Latitude": "24-28N", "Longitude": " 118-04E", "Flag of Aggressor": "United States", "Type of Aggression": "Army Aircraft", "Assessment": "Sunk" }, "geometry": { "type": "Point", "coordinates": [ 118.066666666666663, 24.466666666666665 ] } },
{ "type": "Feature", "properties": { "Month": "October", "Day": 13, "Year": 1943, "Name of Vessel": "KENKOKU MARU", "Type of Vessel": "Cargo", "Standard T": "3127", "Latitude": "3-47S", "Longitude": " 127-41E", "Flag of Aggressor": "United States", "Type of Aggression": "Submarine", "Assessment": "Sunk" }, "geometry": { "type": "Point", "coordinates": [ 127.683333333333337, -3.783333333333333 ] } },
{ "type": "Feature", "properties": { "Month": "October", "Day": 14, "Year": 1943, "Name of Vessel": "KOZUI MARU", "Type of Vessel": "Passenger-Cargo", "Standard T": "7072", "Latitude": "27-35N", "Longitude": " 127-27E", "Flag of Aggressor": "United States", "Type of Aggression": "Submarine", "Assessment": "Sunk" }, "geometry": { "type": "Point", "coordinates": [ 127.45, 27.583333333333332 ] } },
{ "type": "Feature", "properties": { "Month": "October", "Day": 15, "Year": 1943, "Name of Vessel": "CHICAGO MARU", "Type of Vessel": "Passenger-Cargo", "Standard T": "5866", "Latitude": "24-35N", "Longitude": " 120-31E", "Flag of Aggressor": "United States", "Type of Aggression": "Submarine", "Assessment": "Sunk" }, "geometry": { "type": "Point", "coordinates": [ 120.516666666666666, 24.583333333333332 ] } },
{ "type": "Feature", "properties": { "Month": "October", "Day": 18, "Year": 1943, "Name of Vessel": "TAICHU MARU", "Type of Vessel": "Cargo", "Standard T": "1906", "Latitude": "34-00N", "Longitude": " 136-24E", "Flag of Aggressor": "United States", "Type of Aggression": "Submarine", "Assessment": "Sunk" }, "geometry": { "type": "Point", "coordinates": [ 136.4, 34.0 ] } },
{ "type": "Feature", "properties": { "Month": "October", "Day": 18, "Year": 1943, "Name of Vessel": "TAIRIN MARU", "Type of Vessel": "Cargo", "Standard T": "1915", "Latitude": "1-00N", "Longitude": " 143-16E", "Flag of Aggressor": "United States", "Type of Aggression": "Submarine", "Assessment": "Sunk" }, "geometry": { "type": "Point", "coordinates": [ 143.26666666666668, 1.0 ] } },
{ "type": "Feature", "properties": { "Month": "October", "Day": 20, "Year": 1943, "Name of Vessel": "SANA MARU", "Type of Vessel": "Cargo", "Standard T": "3365", "Latitude": "12-36N", "Longitude": " 109-30E", "Flag of Aggressor": "United States", "Type of Aggression": "Submarine", "Assessment": "Sunk" }, "geometry": { "type": "Point", "coordinates": [ 109.5, 12.6 ] } },
{ "type": "Feature", "properties": { "Month": "October", "Day": 22, "Year": 1943, "Name of Vessel": "AWATA MARU", "Type of Vessel": "Converted Light Cruiser", "Standard T": "7397", "Latitude": "26-48N", "Longitude": " 124-56E", "Flag of Aggressor": "United States", "Type of Aggression": "Submarine", "Assessment": "Sunk" }, "geometry": { "type": "Point", "coordinates": [ 124.933333333333337, 26.8 ] } },
{ "type": "Feature", "properties": { "Month": "October", "Day": 24, "Year": 1943, "Name of Vessel": "TENNAN MARU", "Type of Vessel": "Cargo", "Standard T": "5407", "Latitude": "2-05N", "Longitude": " 144-39E", "Flag of Aggressor": "United States", "Type of Aggression": "Submarine", "Assessment": "Sunk" }, "geometry": { "type": "Point", "coordinates": [ 144.65, 2.083333333333333 ] } },
{ "type": "Feature", "properties": { "Month": "October", "Day": 24, "Year": 1943, "Name of Vessel": "KAZAN MARU", "Type of Vessel": "Cargo", "Standard T": "1893", "Latitude": "2-05N", "Longitude": " 144-39E", "Flag of Aggressor": "United States", "Type of Aggression": "Submarine", "Assessment": "Sunk" }, "geometry": { "type": "Point", "coordinates": [ 144.65, 2.083333333333333 ] } },
{ "type": "Feature", "properties": { "Month": "October", "Day": 24, "Year": 1943, "Name of Vessel": "JOHORE MARU", "Type of Vessel": "Passenger-Cargo", "Standard T": "6182", "Latitude": "2-05N", "Longitude": " 144-39E", "Flag of Aggressor": "United States", "Type of Aggression": "Submarine", "Assessment": "Sunk" }, "geometry": { "type": "Point", "coordinates": [ 144.65, 2.083333333333333 ] } },
{ "type": "Feature", "properties": { "Month": "October", "Day": 26, "Year": 1943, "Name of Vessel": "DOVER MARU", "Type of Vessel": "Cargo", "Standard T": "3212", "Latitude": "16-16N", "Longitude": " 96-18E", "Flag of Aggressor": "United States", "Type of Aggression": "Army Aircraft", "Assessment": "Sunk" }, "geometry": { "type": "Point", "coordinates": [ 96.3, 16.266666666666666 ] } },
{ "type": "Feature", "properties": { "Month": "October", "Day": 26, "Year": 1943, "Name of Vessel": "HOKUZAN MARU", "Type of Vessel": "Cargo", "Standard T": "1329", "Latitude": "20-05N", "Longitude": " 110-25E", "Flag of Aggressor": "United States", "Type of Aggression": "Army Aircraft", "Assessment": "Sunk" }, "geometry": { "type": "Point", "coordinates": [ 110.416666666666671, 20.083333333333332 ] } },
{ "type": "Feature", "properties": { "Month": "October", "Day": 26, "Year": 1943, "Name of Vessel": "YAMATOGAWA MARU", "Type of Vessel": "Cargo", "Standard T": "776", "Latitude": "20-05N", "Longitude": " 110-25E", "Flag of Aggressor": "United States", "Type of Aggression": "Army Aircraft", "Assessment": "Sunk" }, "geometry": { "type": "Point", "coordinates": [ 110.416666666666671, 20.083333333333332 ] } },
{ "type": "Feature", "properties": { "Month": "October", "Day": 26, "Year": 1943, "Name of Vessel": "SHOZAN MARU", "Type of Vessel": "Cargo", "Standard T": "2937", "Latitude": "20-52N", "Longitude": " 106-40E", "Flag of Aggressor": "United States", "Type of Aggression": "Army Mine", "Assessment": "Sunk" }, "geometry": { "type": "Point", "coordinates": [ 106.666666666666671, 20.866666666666667 ] } },
{ "type": "Feature", "properties": { "Month": "October", "Day": 27, "Year": 1943, "Name of Vessel": "FUJI MARU", "Type of Vessel": "Transport", "Standard T": "9138", "Latitude": "28-25N", "Longitude": " 128-04E", "Flag of Aggressor": "United States", "Type of Aggression": "Submarine", "Assessment": "Sunk" }, "geometry": { "type": "Point", "coordinates": [ 128.066666666666663, 28.416666666666668 ] } },
{ "type": "Feature", "properties": { "Month": "October", "Day": 27, "Year": 1943, "Name of Vessel": "NANMAN MARU", "Type of Vessel": "Cargo", "Standard T": "6550", "Latitude": "12-34N", "Longitude": " 134-48E", "Flag of Aggressor": "United States", "Type of Aggression": "Submarine", "Assessment": "Sunk" }, "geometry": { "type": "Point", "coordinates": [ 134.8, 12.566666666666666 ] } },
{ "type": "Feature", "properties": { "Month": "October", "Day": 29, "Year": 1943, "Name of Vessel": "WUHU MARU", "Type of Vessel": "Cargo", "Standard T": "3222", "Latitude": "22-30N", "Longitude": " 115-25E", "Flag of Aggressor": "United States", "Type of Aggression": "Submarine", "Assessment": "Sunk" }, "geometry": { "type": "Point", "coordinates": [ 115.416666666666671, 22.5 ] } },
{ "type": "Feature", "properties": { "Month": "October", "Day": 31, "Year": 1943, "Name of Vessel": "KORYO MARU", "Type of Vessel": "Tanker", "Standard T": "589", "Latitude": "1-25N", "Longitude": " 120-46E", "Flag of Aggressor": "United States", "Type of Aggression": "Submarine", "Assessment": "Sunk" }, "geometry": { "type": "Point", "coordinates": [ 120.766666666666666, 1.416666666666667 ] } },
{ "type": "Feature", "properties": { "Month": "November", "Day": 2, "Year": 1943, "Name of Vessel": "CHIHAYA MARU", "Type of Vessel": "Cargo", "Standard T": "7089", "Latitude": "28-37N", "Longitude": " 134-47E", "Flag of Aggressor": "United States", "Type of Aggression": "Submarine*", "Assessment": "Sunk" }, "geometry": { "type": "Point", "coordinates": [ 134.783333333333331, 28.616666666666667 ] } },
{ "type": "Feature", "properties": { "Month": "November", "Day": 2, "Year": 1943, "Name of Vessel": "UME MARU", "Type of Vessel": "Passenger-Cargo", "Standard T": "5859", "Latitude": "28-37N", "Longitude": " 134-45E", "Flag of Aggressor": "United States", "Type of Aggression": "Submarine*", "Assessment": "Sunk" }, "geometry": { "type": "Point", "coordinates": [ 134.75, 28.616666666666667 ] } },
{ "type": "Feature", "properties": { "Month": "November", "Day": 2, "Year": 1943, "Name of Vessel": "YAWATA MARU", "Type of Vessel": "Cargo", "Standard T": "1852", "Latitude": "28-49N", "Longitude": " 134-50E", "Flag of Aggressor": "United States", "Type of Aggression": "Submarine*", "Assessment": "Sunk" }, "geometry": { "type": "Point", "coordinates": [ 134.833333333333343, 28.816666666666666 ] } },
{ "type": "Feature", "properties": { "Month": "November", "Day": 2, "Year": 1943, "Name of Vessel": "DELAGOA MARU", "Type of Vessel": "Passenger-Cargo", "Standard T": "7148", "Latitude": "28-55N", "Longitude": " 134-43E", "Flag of Aggressor": "United States", "Type of Aggression": "Submarine*", "Assessment": "Sunk" }, "geometry": { "type": "Point", "coordinates": [ 134.716666666666669, 28.916666666666668 ] } },
{ "type": "Feature", "properties": { "Month": "November", "Day": 2, "Year": 1943, "Name of Vessel": "MANKO MARU", "Type of Vessel": "Cargo", "Standard T": "1503", "Latitude": "4-15S", "Longitude": " 152-10E", "Flag of Aggressor": "United States", "Type of Aggression": "Army Aircraft", "Assessment": "Sunk" }, "geometry": { "type": "Point", "coordinates": [ 152.166666666666657, -4.25 ] } },
{ "type": "Feature", "properties": { "Month": "November", "Day": 2, "Year": 1943, "Name of Vessel": "SHINKO MARU", "Type of Vessel": "Cargo", "Standard T": "3119", "Latitude": "4-13S", "Longitude": " 152-11E", "Flag of Aggressor": "United States", "Type of Aggression": "Army Aircraft", "Assessment": "Sunk" }, "geometry": { "type": "Point", "coordinates": [ 152.183333333333337, -4.216666666666667 ] } },
{ "type": "Feature", "properties": { "Month": "November", "Day": 2, "Year": 1943, "Name of Vessel": "EHIME MARU", "Type of Vessel": "Cargo", "Standard T": "4653", "Latitude": "28-18N", "Longitude": " 134-48E", "Flag of Aggressor": "United States", "Type of Aggression": "Submarine", "Assessment": "Sunk" }, "geometry": { "type": "Point", "coordinates": [ 134.8, 28.3 ] } },
{ "type": "Feature", "properties": { "Month": "November", "Day": 3, "Year": 1943, "Name of Vessel": "MINATO MARU", "Type of Vessel": "Cargo", "Standard T": "664", "Latitude": "00-43N", "Longitude": " 169-10E", "Flag of Aggressor": "United States", "Type of Aggression": "Navy Land-Based Aircraft", "Assessment": "Sunk" }, "geometry": { "type": "Point", "coordinates": [ 169.166666666666657, 0.716666666666667 ] } },
{ "type": "Feature", "properties": { "Month": "November", "Day": 4, "Year": 1943, "Name of Vessel": "CHINKO MARU", "Type of Vessel": "Passenger-Cargo", "Standard T": "3222", "Latitude": "23-20N", "Longitude": " 116-45E", "Flag of Aggressor": "United States", "Type of Aggression": "Army Aircraft", "Assessment": "Sunk" }, "geometry": { "type": "Point", "coordinates": [ 116.75, 23.333333333333332 ] } },
{ "type": "Feature", "properties": { "Month": "November", "Day": 4, "Year": 1943, "Name of Vessel": "RYUOSAN MARU", "Type of Vessel": "Cargo", "Standard T": "2455", "Latitude": "2-40S", "Longitude": " 150-40E", "Flag of Aggressor": "Australia", "Type of Aggression": "Mine", "Assessment": "Sunk" }, "geometry": { "type": "Point", "coordinates": [ 150.666666666666657, -2.666666666666667 ] } },
{ "type": "Feature", "properties": { "Month": "November", "Day": 4, "Year": 1943, "Name of Vessel": "KAIFUKU MARU", "Type of Vessel": "Passenger-Cargo", "Standard T": "3177", "Latitude": "21-22N", "Longitude": " 113-20E", "Flag of Aggressor": "United States", "Type of Aggression": "Submarine", "Assessment": "Sunk" }, "geometry": { "type": "Point", "coordinates": [ 113.333333333333329, 21.366666666666667 ] } },
{ "type": "Feature", "properties": { "Month": "November", "Day": 6, "Year": 1943, "Name of Vessel": "ASAYAMA MARU", "Type of Vessel": "Converted Water Carrier", "Standard T": "1917", "Latitude": "5-44S", "Longitude": " 154-45E", "Flag of Aggressor": "United States", "Type of Aggression": "Army Aircraft", "Assessment": "Sunk" }, "geometry": { "type": "Point", "coordinates": [ 154.75, -5.733333333333333 ] } },
{ "type": "Feature", "properties": { "Month": "November", "Day": 6, "Year": 1943, "Name of Vessel": "UJIGAWA MARU", "Type of Vessel": "Cargo", "Standard T": "782", "Latitude": "5-16N", "Longitude": " 154-33E", "Flag of Aggressor": "United States", "Type of Aggression": "Army Aircraft", "Assessment": "Sunk" }, "geometry": { "type": "Point", "coordinates": [ 154.55, 5.266666666666667 ] } },
{ "type": "Feature", "properties": { "Month": "November", "Day": 7, "Year": 1943, "Name of Vessel": "INUSHIMA MARU NO 6", "Type of Vessel": "Cargo", "Standard T": "586", "Latitude": "24-28N", "Longitude": " 118-04E", "Flag of Aggressor": "United States", "Type of Aggression": "Army Aircraft", "Assessment": "Sunk" }, "geometry": { "type": "Point", "coordinates": [ 118.066666666666663, 24.466666666666665 ] } },
{ "type": "Feature", "properties": { "Month": "November", "Day": 7, "Year": 1943, "Name of Vessel": "NAGATA MARU", "Type of Vessel": "Cargo", "Standard T": "670", "Latitude": "24-28N", "Longitude": " 118-04E", "Flag of Aggressor": "United States", "Type of Aggression": "Army Aircraft", "Assessment": "Sunk" }, "geometry": { "type": "Point", "coordinates": [ 118.066666666666663, 24.466666666666665 ] } },
{ "type": "Feature", "properties": { "Month": "November", "Day": 8, "Year": 1943, "Name of Vessel": "KYOKUEI MARU", "Type of Vessel": "Tanker", "Standard T": "10570", "Latitude": "16-44N", "Longitude": " 116-22E", "Flag of Aggressor": "United States", "Type of Aggression": "Submarine", "Assessment": "Sunk" }, "geometry": { "type": "Point", "coordinates": [ 116.36666666666666, 16.733333333333334 ] } },
{ "type": "Feature", "properties": { "Month": "November", "Day": 8, "Year": 1943, "Name of Vessel": "TANGO MARU", "Type of Vessel": "Tanker", "Standard T": "2046", "Latitude": "00-22N", "Longitude": " 119-44E", "Flag of Aggressor": "United States", "Type of Aggression": "Submarine", "Assessment": "Sunk" }, "geometry": { "type": "Point", "coordinates": [ 119.733333333333334, 0.366666666666667 ] } },
{ "type": "Feature", "properties": { "Month": "November", "Day": 9, "Year": 1943, "Name of Vessel": "TAGA MARU", "Type of Vessel": "Cargo", "Standard T": "2868", "Latitude": "21-38N", "Longitude": " 131-19E", "Flag of Aggressor": "United States", "Type of Aggression": "Submarine", "Assessment": "Sunk" }, "geometry": { "type": "Point", "coordinates": [ 131.316666666666663, 21.633333333333333 ] } },
{ "type": "Feature", "properties": { "Month": "November", "Day": 10, "Year": 1943, "Name of Vessel": "KISOGAWA MARU", "Type of Vessel": "Converted Water Carrier", "Standard T": "1914", "Latitude": "6-12N", "Longitude": " 99-25E", "Flag of Aggressor": "Great Britain", "Type of Aggression": "Submarine", "Assessment": "Sunk" }, "geometry": { "type": "Point", "coordinates": [ 99.416666666666671, 6.2 ] } },
{ "type": "Feature", "properties": { "Month": "November", "Day": 10, "Year": 1943, "Name of Vessel": "GIYU MARU", "Type of Vessel": "Cargo", "Standard T": "877", "Latitude": "5-30S", "Longitude": " 154-45E", "Flag of Aggressor": "United States", "Type of Aggression": "Army Aircraft", "Assessment": "Sunk" }, "geometry": { "type": "Point", "coordinates": [ 154.75, -5.5 ] } },
{ "type": "Feature", "properties": { "Month": "November", "Day": 10, "Year": 1943, "Name of Vessel": "TOKYO MARU", "Type of Vessel": "Passenger-Cargo", "Standard T": "6486", "Latitude": "3-36N", "Longitude": " 150-34E", "Flag of Aggressor": "United States", "Type of Aggression": "Submarine", "Assessment": "Sunk" }, "geometry": { "type": "Point", "coordinates": [ 150.566666666666663, 3.6 ] } },
{ "type": "Feature", "properties": { "Month": "November", "Day": 11, "Year": 1943, "Name of Vessel": "KUNITAMA MARU", "Type of Vessel": "Cargo", "Standard T": "3127", "Latitude": "3-08S", "Longitude": " 127-38E", "Flag of Aggressor": "United States", "Type of Aggression": "Submarine", "Assessment": "Sunk" }, "geometry": { "type": "Point", "coordinates": [ 127.63333333333334, -3.133333333333333 ] } },
{ "type": "Feature", "properties": { "Month": "November", "Day": 11, "Year": 1943, "Name of Vessel": "KOSEI MARU", "Type of Vessel": "Passenger-Cargo", "Standard T": "3551", "Latitude": "27-36N", "Longitude": " 130-32E", "Flag of Aggressor": "United States", "Type of Aggression": "Submarine", "Assessment": "Sunk" }, "geometry": { "type": "Point", "coordinates": [ 130.533333333333331, 27.6 ] } },
{ "type": "Feature", "properties": { "Month": "November", "Day": 13, "Year": 1943, "Name of Vessel": "NACHISAN MARU", "Type of Vessel": "Passenger-Cargo", "Standard T": "4433", "Latitude": "32-57N", "Longitude": " 125-06E", "Flag of Aggressor": "United States", "Type of Aggression": "Submarine", "Assessment": "Sunk" }, "geometry": { "type": "Point", "coordinates": [ 125.1, 32.95 ] } },
{ "type": "Feature", "properties": { "Month": "November", "Day": 13, "Year": 1943, "Name of Vessel": "MUKO MARU", "Type of Vessel": "Transport", "Standard T": "4862", "Latitude": "8-57N", "Longitude": " 152-36E", "Flag of Aggressor": "United States", "Type of Aggression": "Submarine", "Assessment": "Sunk" }, "geometry": { "type": "Point", "coordinates": [ 152.6, 8.95 ] } },
{ "type": "Feature", "properties": { "Month": "November", "Day": 15, "Year": 1943, "Name of Vessel": "KYOKKO MARU", "Type of Vessel": "Passenger-Cargo", "Standard T": "6783", "Latitude": "14-53N", "Longitude": " 119-54E", "Flag of Aggressor": "United States", "Type of Aggression": "Submarine", "Assessment": "Sunk" }, "geometry": { "type": "Point", "coordinates": [ 119.9, 14.883333333333333 ] } },
{ "type": "Feature", "properties": { "Month": "November", "Day": 16, "Year": 1943, "Name of Vessel": "KYORITSU MARU NO 2", "Type of Vessel": "Cargo", "Standard T": "830", "Latitude": "3-25S", "Longitude": " 145-30E", "Flag of Aggressor": "United States", "Type of Aggression": "Army Aircraft", "Assessment": "Sunk" }, "geometry": { "type": "Point", "coordinates": [ 145.5, -3.416666666666667 ] } },
{ "type": "Feature", "properties": { "Month": "November", "Day": 16, "Year": 1943, "Name of Vessel": "TETSUWA MARU", "Type of Vessel": "Cargo", "Standard T": "1951", "Latitude": "23-42N", "Longitude": " 117-35E", "Flag of Aggressor": "United States", "Type of Aggression": "Army Aircraft", "Assessment": "Sunk" }, "geometry": { "type": "Point", "coordinates": [ 117.583333333333329, 23.7 ] } },
{ "type": "Feature", "properties": { "Month": "November", "Day": 17, "Year": 1943, "Name of Vessel": "HIE MARU", "Type of Vessel": "Converted Submarine Tender", "Standard T": "11621", "Latitude": "1-48N", "Longitude": " 148-24E", "Flag of Aggressor": "United States", "Type of Aggression": "Submarine", "Assessment": "Sunk" }, "geometry": { "type": "Point", "coordinates": [ 148.4, 1.8 ] } },
{ "type": "Feature", "properties": { "Month": "November", "Day": 19, "Year": 1943, "Name of Vessel": "DAIGEN MARU", "Type of Vessel": "Cargo", "Standard T": "1517", "Latitude": "19-54N", "Longitude": " 110-10E", "Flag of Aggressor": "United States", "Type of Aggression": "Army Aircraft", "Assessment": "Probably sunk" }, "geometry": { "type": "Point", "coordinates": [ 110.166666666666671, 19.9 ] } },
{ "type": "Feature", "properties": { "Month": "November", "Day": 19, "Year": 1943, "Name of Vessel": "UDO MARU", "Type of Vessel": "Cargo", "Standard T": "3936", "Latitude": "22-27N", "Longitude": " 147-15E", "Flag of Aggressor": "United States", "Type of Aggression": "Submarine", "Assessment": "Sunk" }, "geometry": { "type": "Point", "coordinates": [ 147.25, 22.45 ] } },
{ "type": "Feature", "properties": { "Month": "November", "Day": 19, "Year": 1943, "Name of Vessel": "HOKKO MARU", "Type of Vessel": "Cargo", "Standard T": "5385", "Latitude": "22-27N", "Longitude": " 147-15E", "Flag of Aggressor": "United States", "Type of Aggression": "Submarine", "Assessment": "Sunk" }, "geometry": { "type": "Point", "coordinates": [ 147.25, 22.45 ] } },
{ "type": "Feature", "properties": { "Month": "November", "Day": 20, "Year": 1943, "Name of Vessel": "NAPLES MARU", "Type of Vessel": "Cargo", "Standard T": "5824", "Latitude": "3-22S", "Longitude": " 151-45E", "Flag of Aggressor": "United States", "Type of Aggression": "Navy Land-Based Aircraft", "Assessment": "Sunk" }, "geometry": { "type": "Point", "coordinates": [ 151.75, -3.366666666666667 ] } },
{ "type": "Feature", "properties": { "Month": "November", "Day": 20, "Year": 1943, "Name of Vessel": "NIKKO MARU", "Type of Vessel": "Cargo", "Standard T": "5949", "Latitude": "22-47N", "Longitude": " 147-20E", "Flag of Aggressor": "United States", "Type of Aggression": "Submarine", "Assessment": "Sunk" }, "geometry": { "type": "Point", "coordinates": [ 147.333333333333343, 22.783333333333335 ] } },
{ "type": "Feature", "properties": { "Month": "November", "Day": 21, "Year": 1943, "Name of Vessel": "EIZAN MARU", "Type of Vessel": "Cargo", "Standard T": "1681", "Latitude": "36-40N", "Longitude": " 125-31E", "Flag of Aggressor": "United States", "Type of Aggression": "Submarine*", "Assessment": "Sunk" }, "geometry": { "type": "Point", "coordinates": [ 125.516666666666666, 36.666666666666664 ] } },
{ "type": "Feature", "properties": { "Month": "November", "Day": 21, "Year": 1943, "Name of Vessel": "NICHII MARU", "Type of Vessel": "Cargo", "Standard T": "6550", "Latitude": "2-00S", "Longitude": " 149-15E", "Flag of Aggressor": "United States", "Type of Aggression": "Army Aircraft", "Assessment": "Sunk" }, "geometry": { "type": "Point", "coordinates": [ 149.25, -2.0 ] } },
{ "type": "Feature", "properties": { "Month": "November", "Day": 21, "Year": 1943, "Name of Vessel": "SHINWA MARU", "Type of Vessel": "Cargo", "Standard T": "3328", "Latitude": "2-24S", "Longitude": " 134-36E", "Flag of Aggressor": "United States", "Type of Aggression": "Army Aircraft", "Assessment": "Sunk" }, "geometry": { "type": "Point", "coordinates": [ 134.6, -2.4 ] } },
{ "type": "Feature", "properties": { "Month": "November", "Day": 22, "Year": 1943, "Name of Vessel": "KANAYAMASAN MARU", "Type of Vessel": "Cargo", "Standard T": "2869", "Latitude": "1-00N", "Longitude": " 149-00E", "Flag of Aggressor": "United States", "Type of Aggression": "Army Aircraft", "Assessment": "Sunk" }, "geometry": { "type": "Point", "coordinates": [ 149.0, 1.0 ] } },
{ "type": "Feature", "properties": { "Month": "November", "Day": 22, "Year": 1943, "Name of Vessel": "YAMATO MARU", "Type of Vessel": "Cargo", "Standard T": "4379", "Latitude": "7-09N", "Longitude": " 134-34E", "Flag of Aggressor": "United States", "Type of Aggression": "Submarine", "Assessment": "Sunk" }, "geometry": { "type": "Point", "coordinates": [ 134.566666666666663, 7.15 ] } },
{ "type": "Feature", "properties": { "Month": "November", "Day": 22, "Year": 1943, "Name of Vessel": "DAISHU MARU", "Type of Vessel": "Cargo", "Standard T": "3322", "Latitude": "33-36N", "Longitude": " 128-35E", "Flag of Aggressor": "United States", "Type of Aggression": "Submarine", "Assessment": "Sunk" }, "geometry": { "type": "Point", "coordinates": [ 128.583333333333343, 33.6 ] } },
{ "type": "Feature", "properties": { "Month": "November", "Day": 22, "Year": 1943, "Name of Vessel": "KISO MARU", "Type of Vessel": "Cargo", "Standard T": "4071", "Latitude": "7-09N", "Longitude": " 134-34E", "Flag of Aggressor": "United States", "Type of Aggression": "Submarine", "Assessment": "Sunk" }, "geometry": { "type": "Point", "coordinates": [ 134.566666666666663, 7.15 ] } },
{ "type": "Feature", "properties": { "Month": "November", "Day": 23, "Year": 1943, "Name of Vessel": "KIZAN MARU", "Type of Vessel": "Cargo", "Standard T": "2841", "Latitude": "1-50N", "Longitude": " 127-55E", "Flag of Aggressor": "United States", "Type of Aggression": "Army Aircraft", "Assessment": "Sunk" }, "geometry": { "type": "Point", "coordinates": [ 127.916666666666671, 1.833333333333333 ] } },
{ "type": "Feature", "properties": { "Month": "November", "Day": 23, "Year": 1943, "Name of Vessel": "NEKKA MARU", "Type of Vessel": "Transport", "Standard T": "6784", "Latitude": "28-49N", "Longitude": " 122-11E", "Flag of Aggressor": "United States", "Type of Aggression": "Submarine", "Assessment": "Sunk" }, "geometry": { "type": "Point", "coordinates": [ 122.183333333333337, 28.816666666666666 ] } },
{ "type": "Feature", "properties": { "Month": "November", "Day": 25, "Year": 1943, "Name of Vessel": "KENZAN MARU", "Type of Vessel": "Cargo", "Standard T": "4705", "Latitude": "00-51N", "Longitude": " 145-56E", "Flag of Aggressor": "United States", "Type of Aggression": "Submarine", "Assessment": "Sunk" }, "geometry": { "type": "Point", "coordinates": [ 145.933333333333337, 0.85 ] } },
{ "type": "Feature", "properties": { "Month": "November", "Day": 25, "Year": 1943, "Name of Vessel": "TOA MARU", "Type of Vessel": "Tanker", "Standard T": "10052", "Latitude": "8-20N", "Longitude": " 158-00E", "Flag of Aggressor": "United States", "Type of Aggression": "Submarine", "Assessment": "Sunk" }, "geometry": { "type": "Point", "coordinates": [ 158.0, 8.333333333333334 ] } },
{ "type": "Feature", "properties": { "Month": "November", "Day": 26, "Year": 1943, "Name of Vessel": "OGURASAN MARU", "Type of Vessel": "Tanker", "Standard T": "5069", "Latitude": "12-48N", "Longitude": " 109-34E", "Flag of Aggressor": "United States", "Type of Aggression": "Submarine", "Assessment": "Sunk" }, "geometry": { "type": "Point", "coordinates": [ 109.566666666666663, 12.8 ] } },
{ "type": "Feature", "properties": { "Month": "November", "Day": 26, "Year": 1943, "Name of Vessel": "TAINAN MARU", "Type of Vessel": "Cargo", "Standard T": "5407", "Latitude": "13-02N", "Longitude": " 109-28E", "Flag of Aggressor": "United States", "Type of Aggression": "Submarine", "Assessment": "Sunk" }, "geometry": { "type": "Point", "coordinates": [ 109.466666666666669, 13.033333333333333 ] } },
{ "type": "Feature", "properties": { "Month": "November", "Day": 26, "Year": 1943, "Name of Vessel": "ONOE MARU", "Type of Vessel": "Cargo", "Standard T": "6667", "Latitude": "00-40N", "Longitude": " 148-14E", "Flag of Aggressor": "United States", "Type of Aggression": "Submarine", "Assessment": "Sunk" }, "geometry": { "type": "Point", "coordinates": [ 148.23333333333332, 0.666666666666667 ] } },
{ "type": "Feature", "properties": { "Month": "November", "Day": 26, "Year": 1943, "Name of Vessel": "NIKKAI MARU", "Type of Vessel": "Converted Gunboat", "Standard T": "2562", "Latitude": "4-00N", "Longitude": " 147-50E", "Flag of Aggressor": "United States", "Type of Aggression": "Submarine", "Assessment": "Sunk" }, "geometry": { "type": "Point", "coordinates": [ 147.833333333333343, 4.0 ] } },
{ "type": "Feature", "properties": { "Month": "November", "Day": 26, "Year": 1943, "Name of Vessel": "UNKNOWN MARU", "Type of Vessel": "Cargo", "Standard T": "4,000e", "Latitude": "33-36N", "Longitude": " 128-57E", "Flag of Aggressor": "United States", "Type of Aggression": "Submarine", "Assessment": "Sunk" }, "geometry": { "type": "Point", "coordinates": [ 128.95, 33.6 ] } },
{ "type": "Feature", "properties": { "Month": "November", "Day": 26, "Year": 1943, "Name of Vessel": "SHINI MARU", "Type of Vessel": "Cargo", "Standard T": "3811", "Latitude": "6-56N", "Longitude": " 134-38E", "Flag of Aggressor": "United States", "Type of Aggression": "Submarine", "Assessment": "Sunk" }, "geometry": { "type": "Point", "coordinates": [ 134.633333333333326, 6.933333333333334 ] } },
{ "type": "Feature", "properties": { "Month": "November", "Day": 27, "Year": 1943, "Name of Vessel": "BUENOS AIRES MARU", "Type of Vessel": "Cargo", "Standard T": "9625", "Latitude": "2-44S", "Longitude": " 149-15E", "Flag of Aggressor": "United States", "Type of Aggression": "Unknown Aircraft", "Assessment": "Sunk" }, "geometry": { "type": "Point", "coordinates": [ 149.25, -2.733333333333333 ] } },
{ "type": "Feature", "properties": { "Month": "November", "Day": 27, "Year": 1943, "Name of Vessel": "HAKONE MARU", "Type of Vessel": "Passenger-Cargo", "Standard T": "10420", "Latitude": "25-20N", "Longitude": " 120-00E", "Flag of Aggressor": "United States", "Type of Aggression": "Army Aircraft", "Assessment": "Sunk" }, "geometry": { "type": "Point", "coordinates": [ 120.0, 25.333333333333332 ] } },
{ "type": "Feature", "properties": { "Month": "November", "Day": 27, "Year": 1943, "Name of Vessel": "VAN VOLLENHOVEN", "Type of Vessel": "Cargo", "Standard T": "691", "Latitude": "13-01N", "Longitude": " 109-30E", "Flag of Aggressor": "United States", "Type of Aggression": "Submarine", "Assessment": "Sunk" }, "geometry": { "type": "Point", "coordinates": [ 109.5, 13.016666666666667 ] } },
{ "type": "Feature", "properties": { "Month": "November", "Day": 27, "Year": 1943, "Name of Vessel": "SAN RAMON MARU", "Type of Vessel": "Tanker", "Standard T": "7309", "Latitude": "33-38N", "Longitude": " 129-05E", "Flag of Aggressor": "United States", "Type of Aggression": "Submarine", "Assessment": "Sunk" }, "geometry": { "type": "Point", "coordinates": [ 129.083333333333343, 33.633333333333333 ] } },
{ "type": "Feature", "properties": { "Month": "November", "Day": 28, "Year": 1943, "Name of Vessel": "SYDNEY MARU", "Type of Vessel": "Passenger-Cargo", "Standard T": "5425", "Latitude": "12-46N", "Longitude": " 109-42E", "Flag of Aggressor": "United States", "Type of Aggression": "Submarine", "Assessment": "Sunk" }, "geometry": { "type": "Point", "coordinates": [ 109.7, 12.766666666666667 ] } },
{ "type": "Feature", "properties": { "Month": "November", "Day": 28, "Year": 1943, "Name of Vessel": "TONAN MARU", "Type of Vessel": "Tanker", "Standard T": "9866", "Latitude": "12-46N", "Longitude": " 109-42E", "Flag of Aggressor": "United States", "Type of Aggression": "Submarine", "Assessment": "Sunk" }, "geometry": { "type": "Point", "coordinates": [ 109.7, 12.766666666666667 ] } },
{ "type": "Feature", "properties": { "Month": "November", "Day": 28, "Year": 1943, "Name of Vessel": "HOKKO MARU", "Type of Vessel": "Cargo", "Standard T": "5347", "Latitude": "1-40N", "Longitude": " 141-45E", "Flag of Aggressor": "United States", "Type of Aggression": "Submarine", "Assessment": "Sunk" }, "geometry": { "type": "Point", "coordinates": [ 141.75, 1.666666666666667 ] } },
{ "type": "Feature", "properties": { "Month": "November", "Day": 28, "Year": 1943, "Name of Vessel": "YURI MARU", "Type of Vessel": "Cargo", "Standard T": "6787", "Latitude": "1-40N", "Longitude": " 141-45E", "Flag of Aggressor": "United States", "Type of Aggression": "Submarine", "Assessment": "Sunk" }, "geometry": { "type": "Point", "coordinates": [ 141.75, 1.666666666666667 ] } },
{ "type": "Feature", "properties": { "Month": "November", "Day": 29, "Year": 1943, "Name of Vessel": "SUEZ MARU", "Type of Vessel": "Cargo", "Standard T": "4646", "Latitude": "6-22S", "Longitude": " 116-35E", "Flag of Aggressor": "United States", "Type of Aggression": "Submarine", "Assessment": "Sunk" }, "geometry": { "type": "Point", "coordinates": [ 116.583333333333329, -6.366666666666666 ] } },
{ "type": "Feature", "properties": { "Month": "November", "Day": 29, "Year": 1943, "Name of Vessel": "KENRYU MARU", "Type of Vessel": "Cargo", "Standard T": "4575", "Latitude": "33-19N", "Longitude": " 139-34E", "Flag of Aggressor": "United States", "Type of Aggression": "Submarine", "Assessment": "Sunk" }, "geometry": { "type": "Point", "coordinates": [ 139.566666666666663, 33.31666666666667 ] } },
{ "type": "Feature", "properties": { "Month": "November", "Day": 29, "Year": 1943, "Name of Vessel": "MANJU MARU", "Type of Vessel": "Cargo", "Standard T": "5877", "Latitude": "18-23N", "Longitude": " 140-18E", "Flag of Aggressor": "United States", "Type of Aggression": "Submarine", "Assessment": "Sunk" }, "geometry": { "type": "Point", "coordinates": [ 140.3, 18.383333333333333 ] } },
{ "type": "Feature", "properties": { "Month": "November", "Day": 29, "Year": 1943, "Name of Vessel": "YAMAFUKU MARU", "Type of Vessel": "Passenger-Cargo", "Standard T": "4928", "Latitude": "18-37N", "Longitude": " 139-45E", "Flag of Aggressor": "United States", "Type of Aggression": "Submarine", "Assessment": "Sunk" }, "geometry": { "type": "Point", "coordinates": [ 139.75, 18.616666666666667 ] } },
{ "type": "Feature", "properties": { "Month": "November", "Day": 29, "Year": 1943, "Name of Vessel": "SHIGANOURA MARU", "Type of Vessel": "Cargo", "Standard T": "3512", "Latitude": "18-38N", "Longitude": " 139-35E", "Flag of Aggressor": "United States", "Type of Aggression": "Submarine", "Assessment": "Sunk" }, "geometry": { "type": "Point", "coordinates": [ 139.583333333333343, 18.633333333333333 ] } },
{ "type": "Feature", "properties": { "Month": "November", "Day": 30, "Year": 1943, "Name of Vessel": "COLUMBIA MARU", "Type of Vessel": "Passenger-Cargo", "Standard T": "5618", "Latitude": "1-56N", "Longitude": " 147-23E", "Flag of Aggressor": "United States", "Type of Aggression": "Submarine", "Assessment": "Sunk" }, "geometry": { "type": "Point", "coordinates": [ 147.383333333333326, 1.933333333333333 ] } },
{ "type": "Feature", "properties": { "Month": "November", "Day": 30, "Year": 1943, "Name of Vessel": "SHOKO MARU", "Type of Vessel": "Cargo", "Standard T": "1933", "Latitude": "14-31N", "Longitude": " 140-18E", "Flag of Aggressor": "United States", "Type of Aggression": "Submarine", "Assessment": "Sunk" }, "geometry": { "type": "Point", "coordinates": [ 140.3, 14.516666666666667 ] } },
{ "type": "Feature", "properties": { "Month": "December", "Day": 1, "Year": 1943, "Name of Vessel": "TEIREN MARU", "Type of Vessel": "Passenger-Cargo", "Standard T": "3044", "Latitude": "22-13N", "Longitude": " 114-05E", "Flag of Aggressor": "United States", "Type of Aggression": "Army Aircraft", "Assessment": "Sunk" }, "geometry": { "type": "Point", "coordinates": [ 114.083333333333329, 22.216666666666665 ] } },
{ "type": "Feature", "properties": { "Month": "December", "Day": 1, "Year": 1943, "Name of Vessel": "NICHIRYO MARU", "Type of Vessel": "Passenger-Cargo", "Standard T": "2721", "Latitude": "1-31N", "Longitude": " 120-51E", "Flag of Aggressor": "United States", "Type of Aggression": "Submarine", "Assessment": "Sunk" }, "geometry": { "type": "Point", "coordinates": [ 120.85, 1.516666666666667 ] } },
{ "type": "Feature", "properties": { "Month": "December", "Day": 1, "Year": 1943, "Name of Vessel": "KONEI MARU", "Type of Vessel": "Cargo", "Standard T": "2345", "Latitude": "1-02N", "Longitude": " 146-42E", "Flag of Aggressor": "United States", "Type of Aggression": "Submarine", "Assessment": "Sunk" }, "geometry": { "type": "Point", "coordinates": [ 146.7, 1.033333333333333 ] } },
{ "type": "Feature", "properties": { "Month": "December", "Day": 2, "Year": 1943, "Name of Vessel": "HIMALAYA MARU", "Type of Vessel": "Passenger-Cargo", "Standard T": "5228", "Latitude": "00-52S", "Longitude": " 148-50E", "Flag of Aggressor": "United States", "Type of Aggression": "Army Aircraft", "Assessment": "Sunk" }, "geometry": { "type": "Point", "coordinates": [ 148.833333333333343, -0.866666666666667 ] } },
{ "type": "Feature", "properties": { "Month": "December", "Day": 3, "Year": 1943, "Name of Vessel": "ASSAM", "Type of Vessel": "Cargo", "Standard T": "1668", "Latitude": "18-51N", "Longitude": " 95-17E", "Flag of Aggressor": "United States", "Type of Aggression": "Army Aircraft", "Assessment": "Sunk" }, "geometry": { "type": "Point", "coordinates": [ 95.283333333333331, 18.85 ] } },
{ "type": "Feature", "properties": { "Month": "December", "Day": 3, "Year": 1943, "Name of Vessel": "AZUMA MARU", "Type of Vessel": "Passenger-Cargo", "Standard T": "6646", "Latitude": "6-29N", "Longitude": " 131-28E", "Flag of Aggressor": "United States", "Type of Aggression": "Submarine", "Assessment": "Sunk" }, "geometry": { "type": "Point", "coordinates": [ 131.466666666666669, 6.483333333333333 ] } },
{ "type": "Feature", "properties": { "Month": "December", "Day": 4, "Year": 1943, "Name of Vessel": "HIYOSHI MARU", "Type of Vessel": "Passenger-Cargo", "Standard T": "4046", "Latitude": "29-45N", "Longitude": " 145-55E", "Flag of Aggressor": "United States", "Type of Aggression": "Submarine", "Assessment": "Sunk" }, "geometry": { "type": "Point", "coordinates": [ 145.916666666666657, 29.75 ] } },
{ "type": "Feature", "properties": { "Month": "December", "Day": 4, "Year": 1943, "Name of Vessel": "DAIDO MARU", "Type of Vessel": "Converted Gunboat", "Standard T": "2962", "Latitude": "8-15N", "Longitude": " 159-06E", "Flag of Aggressor": "United States", "Type of Aggression": "Submarine", "Assessment": "Sunk" }, "geometry": { "type": "Point", "coordinates": [ 159.1, 8.25 ] } },
{ "type": "Feature", "properties": { "Month": "December", "Day": 5, "Year": 1943, "Name of Vessel": "ASAKAZE MARU", "Type of Vessel": "Passenger-Cargo", "Standard T": "6517", "Latitude": "9-19N", "Longitude": " 167-25E", "Flag of Aggressor": "United States", "Type of Aggression": "Navy Carrier-Based Aircraft", "Assessment": "Sunk" }, "geometry": { "type": "Point", "coordinates": [ 167.416666666666657, 9.316666666666666 ] } },
{ "type": "Feature", "properties": { "Month": "December", "Day": 5, "Year": 1943, "Name of Vessel": "CHOKO MARU", "Type of Vessel": "Cargo", "Standard T": "3515", "Latitude": "9-19N", "Longitude": " 167-25E", "Flag of Aggressor": "United States", "Type of Aggression": "Navy Carrier-Based Aircraft", "Assessment": "Sunk" }, "geometry": { "type": "Point", "coordinates": [ 167.416666666666657, 9.316666666666666 ] } },
{ "type": "Feature", "properties": { "Month": "December", "Day": 5, "Year": 1943, "Name of Vessel": "TATEBU MARU", "Type of Vessel": "Cargo", "Standard T": "6816", "Latitude": "9-19N", "Longitude": " 167-25E", "Flag of Aggressor": "United States", "Type of Aggression": "Navy Carrier-Based Aircraft", "Assessment": "Sunk" }, "geometry": { "type": "Point", "coordinates": [ 167.416666666666657, 9.316666666666666 ] } },
{ "type": "Feature", "properties": { "Month": "December", "Day": 5, "Year": 1943, "Name of Vessel": "TATEYAMA MARU", "Type of Vessel": "Converted Water Carrier", "Standard T": "3787", "Latitude": "9-19N", "Longitude": " 167-25E", "Flag of Aggressor": "United States", "Type of Aggression": "Navy Carrier-Based Aircraft", "Assessment": "Sunk" }, "geometry": { "type": "Point", "coordinates": [ 167.416666666666657, 9.316666666666666 ] } },
{ "type": "Feature", "properties": { "Month": "December", "Day": 5, "Year": 1943, "Name of Vessel": "HIMENO MARU", "Type of Vessel": "Cargo", "Standard T": "834", "Latitude": "9-10N", "Longitude": " 124-30E", "Flag of Aggressor": "United States", "Type of Aggression": "Submarine", "Assessment": "Sunk" }, "geometry": { "type": "Point", "coordinates": [ 124.5, 9.166666666666666 ] } },
{ "type": "Feature", "properties": { "Month": "December", "Day": 7, "Year": 1943, "Name of Vessel": "SOYO MARU", "Type of Vessel": "Converted Submarine Tender", "Standard T": "6081", "Latitude": "14-04N", "Longitude": " 152-09E", "Flag of Aggressor": "United States", "Type of Aggression": "Submarine", "Assessment": "Sunk" }, "geometry": { "type": "Point", "coordinates": [ 152.15, 14.066666666666666 ] } },
{ "type": "Feature", "properties": { "Month": "December", "Day": 8, "Year": 1943, "Name of Vessel": "SANSEI MARU", "Type of Vessel": "Passenger-Cargo", "Standard T": "3267", "Latitude": "25-20N", "Longitude": " 141-46E", "Flag of Aggressor": "United States", "Type of Aggression": "Submarine", "Assessment": "Sunk" }, "geometry": { "type": "Point", "coordinates": [ 141.76666666666668, 25.333333333333332 ] } },
{ "type": "Feature", "properties": { "Month": "December", "Day": 12, "Year": 1943, "Name of Vessel": "TOSEI MARU", "Type of Vessel": "Cargo", "Standard T": "5484", "Latitude": "2-44N", "Longitude": " 126-14E", "Flag of Aggressor": "United States", "Type of Aggression": "Submarine", "Assessment": "Sunk" }, "geometry": { "type": "Point", "coordinates": [ 126.233333333333334, 2.733333333333333 ] } },
{ "type": "Feature", "properties": { "Month": "December", "Day": 13, "Year": 1943, "Name of Vessel": "TOKIWA MARU", "Type of Vessel": "Cargo", "Standard T": "1203", "Latitude": "3-30S", "Longitude": " 151-30E", "Flag of Aggressor": "United States", "Type of Aggression": "Navy Land-Based Aircraft", "Assessment": "Sunk" }, "geometry": { "type": "Point", "coordinates": [ 151.5, -3.5 ] } },
{ "type": "Feature", "properties": { "Month": "December", "Day": 13, "Year": 1943, "Name of Vessel": "FUKKAI MARU", "Type of Vessel": "Passenger-Cargo", "Standard T": "3829", "Latitude": "7-07N", "Longitude": " 134-31E", "Flag of Aggressor": "United States", "Type of Aggression": "Submarine", "Assessment": "Sunk" }, "geometry": { "type": "Point", "coordinates": [ 134.51666666666668, 7.116666666666666 ] } },
{ "type": "Feature", "properties": { "Month": "December", "Day": 13, "Year": 1943, "Name of Vessel": "TOTAI MARU", "Type of Vessel": "Cargo", "Standard T": "3195", "Latitude": "30-55N", "Longitude": " 132-33E", "Flag of Aggressor": "United States", "Type of Aggression": "Submarine", "Assessment": "Sunk" }, "geometry": { "type": "Point", "coordinates": [ 132.55, 30.916666666666668 ] } },
{ "type": "Feature", "properties": { "Month": "December", "Day": 14, "Year": 1943, "Name of Vessel": "HAKOZAKI MARU", "Type of Vessel": "Passenger-Cargo", "Standard T": "3948", "Latitude": "33-10N", "Longitude": " 125-55E", "Flag of Aggressor": "United States", "Type of Aggression": "Submarine", "Assessment": "Sunk" }, "geometry": { "type": "Point", "coordinates": [ 125.916666666666671, 33.166666666666664 ] } },
{ "type": "Feature", "properties": { "Month": "December", "Day": 16, "Year": 1943, "Name of Vessel": "WAKATSU MARU", "Type of Vessel": "Cargo", "Standard T": "5123", "Latitude": "8-26S", "Longitude": " 126-48E", "Flag of Aggressor": "Netherlands", "Type of Aggression": "Aircraft", "Assessment": "Sunk" }, "geometry": { "type": "Point", "coordinates": [ 126.8, -8.433333333333334 ] } },
{ "type": "Feature", "properties": { "Month": "December", "Day": 16, "Year": 1943, "Name of Vessel": "GENMEI MARU", "Type of Vessel": "Cargo", "Standard T": "3180", "Latitude": "8-26S", "Longitude": " 126-48E", "Flag of Aggressor": "Australia", "Type of Aggression": "Aircraft", "Assessment": "Sunk" }, "geometry": { "type": "Point", "coordinates": [ 126.8, -8.433333333333334 ] } },
{ "type": "Feature", "properties": { "Month": "December", "Day": 16, "Year": 1943, "Name of Vessel": "GINYO MARU", "Type of Vessel": "Cargo", "Standard T": "8613", "Latitude": "22-27N", "Longitude": " 120-08E", "Flag of Aggressor": "United States", "Type of Aggression": "Submarine", "Assessment": "Sunk" }, "geometry": { "type": "Point", "coordinates": [ 120.13333333333334, 22.45 ] } },
{ "type": "Feature", "properties": { "Month": "December", "Day": 18, "Year": 1943, "Name of Vessel": "GYOKUREI MARU", "Type of Vessel": "Cargo", "Standard T": "5588", "Latitude": "26-22N", "Longitude": " 128-20E", "Flag of Aggressor": "United States", "Type of Aggression": "Submarine", "Assessment": "Sunk" }, "geometry": { "type": "Point", "coordinates": [ 128.333333333333343, 26.366666666666667 ] } },
{ "type": "Feature", "properties": { "Month": "December", "Day": 19, "Year": 1943, "Name of Vessel": "KAITO MARU", "Type of Vessel": "Cargo", "Standard T": "2745", "Latitude": "3-05S", "Longitude": " 151-15E", "Flag of Aggressor": "United States", "Type of Aggression": "Army Aircraft", "Assessment": "Sunk" }, "geometry": { "type": "Point", "coordinates": [ 151.25, -3.083333333333333 ] } },
{ "type": "Feature", "properties": { "Month": "December", "Day": 19, "Year": 1943, "Name of Vessel": "ALASKA MARU", "Type of Vessel": "Cargo", "Standard T": "7378", "Latitude": "2-37S", "Longitude": " 150-52E", "Flag of Aggressor": "United States", "Type of Aggression": "Navy Carrier-Based Aircraft", "Assessment": "Sunk" }, "geometry": { "type": "Point", "coordinates": [ 150.866666666666674, -2.616666666666667 ] } },
{ "type": "Feature", "properties": { "Month": "December", "Day": 20, "Year": 1943, "Name of Vessel": "SHOEI MARU", "Type of Vessel": "Cargo", "Standard T": "3083", "Latitude": "8-42N", "Longitude": " 167-44E", "Flag of Aggressor": "United States", "Type of Aggression": "Navy Land-Based Aircraft", "Assessment": "Sunk" }, "geometry": { "type": "Point", "coordinates": [ 167.73333333333332, 8.7 ] } },
{ "type": "Feature", "properties": { "Month": "December", "Day": 20, "Year": 1943, "Name of Vessel": "TSUNESHIMA MARU", "Type of Vessel": "Cargo", "Standard T": "2926", "Latitude": "1-30N", "Longitude": " 148-36E", "Flag of Aggressor": "United States", "Type of Aggression": "Submarine", "Assessment": "Sunk" }, "geometry": { "type": "Point", "coordinates": [ 148.6, 1.5 ] } },
{ "type": "Feature", "properties": { "Month": "December", "Day": 21, "Year": 1943, "Name of Vessel": "UYO MARU", "Type of Vessel": "Cargo", "Standard T": "6376", "Latitude": "32-38N", "Longitude": " 132-04E", "Flag of Aggressor": "United States", "Type of Aggression": "Submarine", "Assessment": "Sunk" }, "geometry": { "type": "Point", "coordinates": [ 132.066666666666663, 32.633333333333333 ] } },
{ "type": "Feature", "properties": { "Month": "December", "Day": 21, "Year": 1943, "Name of Vessel": "TERUKAWA MARU", "Type of Vessel": "Cargo", "Standard T": "6429", "Latitude": "9-50N", "Longitude": " 151-55E", "Flag of Aggressor": "United States", "Type of Aggression": "Submarine", "Assessment": "Sunk" }, "geometry": { "type": "Point", "coordinates": [ 151.916666666666657, 9.833333333333334 ] } },
{ "type": "Feature", "properties": { "Month": "December", "Day": 21, "Year": 1943, "Name of Vessel": "KONAN MARU", "Type of Vessel": "Cargo", "Standard T": "2627", "Latitude": "30-24N", "Longitude": " 129-53E", "Flag of Aggressor": "United States", "Type of Aggression": "Submarine", "Assessment": "Sunk" }, "geometry": { "type": "Point", "coordinates": [ 129.883333333333326, 30.4 ] } },
{ "type": "Feature", "properties": { "Month": "December", "Day": 21, "Year": 1943, "Name of Vessel": "KASHIWA MARU", "Type of Vessel": "Converted Net Tender  ", "Standard T": "515", "Latitude": "30-24N", "Longitude": " 129-53E", "Flag of Aggressor": "United States", "Type of Aggression": "Submarine", "Assessment": "Sunk" }, "geometry": { "type": "Point", "coordinates": [ 129.883333333333326, 30.4 ] } },
{ "type": "Feature", "properties": { "Month": "December", "Day": 22, "Year": 1943, "Name of Vessel": "GINREI MARU", "Type of Vessel": "Passenger-Cargo", "Standard T": "5949", "Latitude": "20-12N", "Longitude": " 113-42E", "Flag of Aggressor": "China", "Type of Aggression": "Aircraft", "Assessment": "Sunk" }, "geometry": { "type": "Point", "coordinates": [ 113.7, 20.2 ] } },
{ "type": "Feature", "properties": { "Month": "December", "Day": 23, "Year": 1943, "Name of Vessel": "NANKAI MARU NO 2", "Type of Vessel": "Cargo", "Standard T": "1960", "Latitude": "6-05N", "Longitude": " 171-43E", "Flag of Aggressor": "United States", "Type of Aggression": "Army Aircraft Navy Land-Based Aircraft", "Assessment": "Sunk" }, "geometry": { "type": "Point", "coordinates": [ 171.716666666666669, 6.083333333333333 ] } },
{ "type": "Feature", "properties": { "Month": "December", "Day": 24, "Year": 1943, "Name of Vessel": "SEIZAN MARU NO 2", "Type of Vessel": "Cargo", "Standard T": "1898", "Latitude": "34-02N", "Longitude": " 136-19E", "Flag of Aggressor": "United States", "Type of Aggression": "Submarine", "Assessment": "Sunk" }, "geometry": { "type": "Point", "coordinates": [ 136.316666666666663, 34.033333333333331 ] } },
{ "type": "Feature", "properties": { "Month": "December", "Day": 24, "Year": 1943, "Name of Vessel": "TOFUKU MARU", "Type of Vessel": "Cargo", "Standard T": "5857", "Latitude": "33-58N", "Longitude": " 136-16E", "Flag of Aggressor": "United States", "Type of Aggression": "Submarine", "Assessment": "Sunk" }, "geometry": { "type": "Point", "coordinates": [ 136.26666666666668, 33.966666666666669 ] } },
{ "type": "Feature", "properties": { "Month": "December", "Day": 24, "Year": 1943, "Name of Vessel": "HEIWA MARU", "Type of Vessel": "Cargo", "Standard T": "5578", "Latitude": "2-45N", "Longitude": " 127-41E", "Flag of Aggressor": "United States", "Type of Aggression": "Submarine", "Assessment": "Sunk" }, "geometry": { "type": "Point", "coordinates": [ 127.683333333333337, 2.75 ] } },
{ "type": "Feature", "properties": { "Month": "December", "Day": 25, "Year": 1943, "Name of Vessel": "TENRYU MARU", "Type of Vessel": "Cargo", "Standard T": "4861", "Latitude": "2-36S", "Longitude": " 150-49E", "Flag of Aggressor": "United States", "Type of Aggression": "Navy Carrier Based Aircraft", "Assessment": "Sunk" }, "geometry": { "type": "Point", "coordinates": [ 150.816666666666663, -2.6 ] } },
{ "type": "Feature", "properties": { "Month": "December", "Day": 27, "Year": 1943, "Name of Vessel": "KYUEI MARU", "Type of Vessel": "Tanker", "Standard T": "10171", "Latitude": "21-42N", "Longitude": " 118-05E", "Flag of Aggressor": "United States", "Type of Aggression": "Submarine", "Assessment": "Sunk" }, "geometry": { "type": "Point", "coordinates": [ 118.083333333333329, 21.7 ] } },
{ "type": "Feature", "properties": { "Month": "December", "Day": 27, "Year": 1943, "Name of Vessel": "KYOKO MARU", "Type of Vessel": "Tanker", "Standard T": "5792", "Latitude": "5-00S", "Longitude": " 121-22E", "Flag of Aggressor": "United States", "Type of Aggression": "Submarine", "Assessment": "Sunk" }, "geometry": { "type": "Point", "coordinates": [ 121.36666666666666, -5.0 ] } },
{ "type": "Feature", "properties": { "Month": "December", "Day": 28, "Year": 1943, "Name of Vessel": "HEIZAN MARU", "Type of Vessel": "Passenger-Cargo", "Standard T": "1061", "Latitude": "30-31N", "Longitude": " 117-02E", "Flag of Aggressor": "United States", "Type of Aggression": "Army Aircraft", "Assessment": "Sunk" }, "geometry": { "type": "Point", "coordinates": [ 117.033333333333331, 30.516666666666666 ] } },
{ "type": "Feature", "properties": { "Month": "December", "Day": 28, "Year": 1943, "Name of Vessel": "UNYO MARU", "Type of Vessel": "Passenger-Cargo", "Standard T": "1037", "Latitude": "30-31N", "Longitude": " 117-02E", "Flag of Aggressor": "United States", "Type of Aggression": "Army Aircraft", "Assessment": "Sunk" }, "geometry": { "type": "Point", "coordinates": [ 117.033333333333331, 30.516666666666666 ] } },
{ "type": "Feature", "properties": { "Month": "December", "Day": 29, "Year": 1943, "Name of Vessel": "DAITEI MARU", "Type of Vessel": "Passenger-Cargo", "Standard T": "2421", "Latitude": "30-31N", "Longitude": " 117-02E", "Flag of Aggressor": "United States", "Type of Aggression": "Army Aircraft", "Assessment": "Sunk" }, "geometry": { "type": "Point", "coordinates": [ 117.033333333333331, 30.516666666666666 ] } },
{ "type": "Feature", "properties": { "Month": "December", "Day": 29, "Year": 1943, "Name of Vessel": "KAKUZAN MARU", "Type of Vessel": "Cargo", "Standard T": "2938", "Latitude": "30-31N", "Longitude": " 117-02E", "Flag of Aggressor": "United States", "Type of Aggression": "Army Aircraft", "Assessment": "Sunk" }, "geometry": { "type": "Point", "coordinates": [ 117.033333333333331, 30.516666666666666 ] } },
{ "type": "Feature", "properties": { "Month": "December", "Day": 29, "Year": 1943, "Name of Vessel": "TENPOSAN MARU", "Type of Vessel": "Cargo", "Standard T": "1970", "Latitude": "8-00N", "Longitude": " 133-51E", "Flag of Aggressor": "United States", "Type of Aggression": "Submarine", "Assessment": "Sunk" }, "geometry": { "type": "Point", "coordinates": [ 133.85, 8.0 ] } },
{ "type": "Feature", "properties": { "Month": "December", "Day": 29, "Year": 1943, "Name of Vessel": "SHICHISEI MARU", "Type of Vessel": "Cargo", "Standard T": "1911", "Latitude": "8-03N", "Longitude": " 134-04E", "Flag of Aggressor": "United States", "Type of Aggression": "Submarine", "Assessment": "Sunk" }, "geometry": { "type": "Point", "coordinates": [ 134.066666666666663, 8.05 ] } },
{ "type": "Feature", "properties": { "Month": "December", "Day": 29, "Year": 1943, "Name of Vessel": "RYUTO MARU", "Type of Vessel": "Cargo", "Standard T": "3311", "Latitude": "8-00N", "Longitude": " 133-51E", "Flag of Aggressor": "United States", "Type of Aggression": "Submarine", "Assessment": "Sunk" }, "geometry": { "type": "Point", "coordinates": [ 133.85, 8.0 ] } },
{ "type": "Feature", "properties": { "Month": "December", "Day": 30, "Year": 1943, "Name of Vessel": "ICHIYU MARU", "Type of Vessel": "Tanker", "Standard T": "5061", "Latitude": "2-45S", "Longitude": " 109-10E", "Flag of Aggressor": "United States", "Type of Aggression": "Submarine", "Assessment": "Sunk" }, "geometry": { "type": "Point", "coordinates": [ 109.166666666666671, -2.75 ] } },
{ "type": "Feature", "properties": { "Month": "December", "Day": 31, "Year": 1943, "Name of Vessel": "SHOHO MARU", "Type of Vessel": "Cargo", "Standard T": "1936", "Latitude": "5-18N", "Longitude": " 160-16E", "Flag of Aggressor": "United States", "Type of Aggression": "Submarine", "Assessment": "Sunk" }, "geometry": { "type": "Point", "coordinates": [ 160.26666666666668, 5.3 ] } }
]
}
