{
"type": "FeatureCollection",
"name": "44",
"crs": { "type": "name", "properties": { "name": "urn:ogc:def:crs:OGC:1.3:CRS84" } },
"features": [
{ "type": "Feature", "properties": { "Month": "January", "Day": 1, "Year": 1944, "Name of Vessel": "KANAIYAMA MARU", "Type of Vessel": "Cargo", "Standard T": "543", "Latitude": "2-03S", "Longitude": "147-27E", "Flag of Aggressor": "United States", "Type of Aggression": "Navy Land-Based Aircraft", "Assessment": "Sunk" }, "geometry": { "type": "Point", "coordinates": [ 147.45, -2.05 ] } },
{ "type": "Feature", "properties": { "Month": "January", "Day": 1, "Year": 1944, "Name of Vessel": "RYUYO MARU", "Type of Vessel": "Cargo", "Standard T": "6707", "Latitude": "8-24N", "Longitude": "122-56E", "Flag of Aggressor": "United States", "Type of Aggression": "Submarine", "Assessment": "Sunk" }, "geometry": { "type": "Point", "coordinates": [ 122.933333333333337, 8.4 ] } },
{ "type": "Feature", "properties": { "Month": "January", "Day": 1, "Year": 1944, "Name of Vessel": "OKUYO MARU", "Type of Vessel": "Converted Gunboat", "Standard T": "2904", "Latitude": "3-51S", "Longitude": "128-04E", "Flag of Aggressor": "United States", "Type of Aggression": "Submarine", "Assessment": "Sunk" }, "geometry": { "type": "Point", "coordinates": [ 128.066666666666663, -3.85 ] } },
{ "type": "Feature", "properties": { "Month": "January", "Day": 1, "Year": 1944, "Name of Vessel": "NAGOYA MARU", "Type of Vessel": "Aircraft Ferry", "Standard T": "6072", "Latitude": "32-10N", "Longitude": "138-37E", "Flag of Aggressor": "United States", "Type of Aggression": "Submarine", "Assessment": "Sunk" }, "geometry": { "type": "Point", "coordinates": [ 138.616666666666674, 32.166666666666664 ] } },
{ "type": "Feature", "properties": { "Month": "January", "Day": 2, "Year": 1944, "Name of Vessel": "ISSHIN MARU", "Type of Vessel": "Tanker", "Standard T": "10,000e", "Latitude": "29-30N", "Longitude": "128-50E", "Flag of Aggressor": "United States", "Type of Aggression": "Submarine", "Assessment": "Sunk" }, "geometry": { "type": "Point", "coordinates": [ 128.833333333333343, 29.5 ] } },
{ "type": "Feature", "properties": { "Month": "January", "Day": 3, "Year": 1944, "Name of Vessel": "SAISHU MARU", "Type of Vessel": "Cargo", "Standard T": "2082", "Latitude": "33-44N", "Longitude": "136-02E", "Flag of Aggressor": "United States", "Type of Aggression": "Submarine", "Assessment": "Sunk" }, "geometry": { "type": "Point", "coordinates": [ 136.033333333333331, 33.733333333333334 ] } },
{ "type": "Feature", "properties": { "Month": "January", "Day": 3, "Year": 1944, "Name of Vessel": "RYUEI MARU", "Type of Vessel": "Tanker", "Standard T": "5144", "Latitude": "8-06N", "Longitude": "112-30E", "Flag of Aggressor": "United States", "Type of Aggression": "Submarine", "Assessment": "Sunk" }, "geometry": { "type": "Point", "coordinates": [ 112.5, 8.1 ] } },
{ "type": "Feature", "properties": { "Month": "January", "Day": 3, "Year": 1944, "Name of Vessel": "BOKUEI MARU", "Type of Vessel": "Tanker", "Standard T": "5135", "Latitude": "6-58N", "Longitude": "112-02E", "Flag of Aggressor": "United States", "Type of Aggression": "Submarine", "Assessment": "Sunk" }, "geometry": { "type": "Point", "coordinates": [ 112.033333333333331, 6.966666666666667 ] } },
{ "type": "Feature", "properties": { "Month": "January", "Day": 4, "Year": 1944, "Name of Vessel": "HEIMEI MARU", "Type of Vessel": "Cargo", "Standard T": "4364", "Latitude": "10-10S", "Longitude": "123-35E", "Flag of Aggressor": "United States", "Type of Aggression": "Army Aircraft", "Assessment": "Sunk" }, "geometry": { "type": "Point", "coordinates": [ 123.583333333333329, -10.166666666666666 ] } },
{ "type": "Feature", "properties": { "Month": "January", "Day": 4, "Year": 1944, "Name of Vessel": "KIYO MARU", "Type of Vessel": "Tanker", "Standard T": "7251", "Latitude": "5-46N", "Longitude": "108-36E", "Flag of Aggressor": "United States", "Type of Aggression": "Submarine", "Assessment": "Sunk" }, "geometry": { "type": "Point", "coordinates": [ 108.6, 5.766666666666667 ] } },
{ "type": "Feature", "properties": { "Month": "January", "Day": 4, "Year": 1944, "Name of Vessel": "USA MARU", "Type of Vessel": "Cargo", "Standard T": "3943", "Latitude": "34-09N", "Longitude": "136-50E", "Flag of Aggressor": "United States", "Type of Aggression": "Submarine", "Assessment": "Sunk" }, "geometry": { "type": "Point", "coordinates": [ 136.833333333333343, 34.15 ] } },
{ "type": "Feature", "properties": { "Month": "January", "Day": 4, "Year": 1944, "Name of Vessel": "HAKKO MARU", "Type of Vessel": "Tanker", "Standard T": "6046", "Latitude": "7-10N", "Longitude": "108-25E", "Flag of Aggressor": "United States", "Type of Aggression": "Submarine", "Assessment": "Sunk" }, "geometry": { "type": "Point", "coordinates": [ 108.416666666666671, 7.166666666666667 ] } },
{ "type": "Feature", "properties": { "Month": "January", "Day": 4, "Year": 1944, "Name of Vessel": "TAMON MARU NO8", "Type of Vessel": "Cargo", "Standard T": "2705", "Latitude": "11-05N", "Longitude": "109-10E", "Flag of Aggressor": "United States", "Type of Aggression": "Submarine", "Assessment": "Sunk" }, "geometry": { "type": "Point", "coordinates": [ 109.166666666666671, 11.083333333333334 ] } },
{ "type": "Feature", "properties": { "Month": "January", "Day": 7, "Year": 1944, "Name of Vessel": "KATSURAGISAN MARU", "Type of Vessel": "Cargo", "Standard T": "2427", "Latitude": "7-30N", "Longitude": "151-50E", "Flag of Aggressor": "Japan", "Type of Aggression": "Mine", "Assessment": "Sunk" }, "geometry": { "type": "Point", "coordinates": [ 151.833333333333343, 7.5 ] } },
{ "type": "Feature", "properties": { "Month": "January", "Day": 7, "Year": 1944, "Name of Vessel": "FUSHIMI MARU NO3", "Type of Vessel": "Tanker", "Standard T": "4292", "Latitude": "9-27N", "Longitude": "117-36E", "Flag of Aggressor": "United States", "Type of Aggression": "Submarine", "Assessment": "Sunk" }, "geometry": { "type": "Point", "coordinates": [ 117.6, 9.45 ] } },
{ "type": "Feature", "properties": { "Month": "January", "Day": 10, "Year": 1944, "Name of Vessel": "YAMABIKO MARU", "Type of Vessel": "Converted Salvage Vessel", "Standard T": "6795", "Latitude": "31-28N", "Longitude": "137-44E", "Flag of Aggressor": "United States", "Type of Aggression": "Submarine", "Assessment": "Sunk" }, "geometry": { "type": "Point", "coordinates": [ 137.73333333333332, 31.466666666666665 ] } },
{ "type": "Feature", "properties": { "Month": "January", "Day": 10, "Year": 1944, "Name of Vessel": "GETSUYO MARU", "Type of Vessel": "Cargo", "Standard T": "6440", "Latitude": "27-22N", "Longitude": "127-31E", "Flag of Aggressor": "United States", "Type of Aggression": "Submarine", "Assessment": "Sunk" }, "geometry": { "type": "Point", "coordinates": [ 127.516666666666666, 27.366666666666667 ] } },
{ "type": "Feature", "properties": { "Month": "January", "Day": 10, "Year": 1944, "Name of Vessel": "ASUKA MARU", "Type of Vessel": "Cargo", "Standard T": "7523", "Latitude": "27-35N", "Longitude": "127-30E", "Flag of Aggressor": "United States", "Type of Aggression": "Submarine", "Assessment": "Sunk" }, "geometry": { "type": "Point", "coordinates": [ 127.5, 27.583333333333332 ] } },
{ "type": "Feature", "properties": { "Month": "January", "Day": 11, "Year": 1944, "Name of Vessel": "YAHIKO MARU", "Type of Vessel": "Cargo", "Standard T": "5747", "Latitude": "27-10N", "Longitude": "127-28E", "Flag of Aggressor": "United States", "Type of Aggression": "Submarine", "Assessment": "Sunk" }, "geometry": { "type": "Point", "coordinates": [ 127.466666666666669, 27.166666666666668 ] } },
{ "type": "Feature", "properties": { "Month": "January", "Day": 11, "Year": 1944, "Name of Vessel": "ERIE MARU", "Type of Vessel": "Cargo", "Standard T": "5493", "Latitude": "32-56N", "Longitude": "132-02E", "Flag of Aggressor": "United States", "Type of Aggression": "Submarine", "Assessment": "Sunk" }, "geometry": { "type": "Point", "coordinates": [ 132.033333333333331, 32.93333333333333 ] } },
{ "type": "Feature", "properties": { "Month": "January", "Day": 12, "Year": 1944, "Name of Vessel": "IKUTA MARU", "Type of Vessel": "Converted Gunboat", "Standard T": "2969", "Latitude": "8-42N", "Longitude": "167-44E", "Flag of Aggressor": "United States", "Type of Aggression": "Navy Land-Based Aircraft", "Assessment": "Sunk" }, "geometry": { "type": "Point", "coordinates": [ 167.73333333333332, 8.7 ] } },
{ "type": "Feature", "properties": { "Month": "January", "Day": 12, "Year": 1944, "Name of Vessel": "KANJO MARU", "Type of Vessel": "Cargo", "Standard T": "2197", "Latitude": "22-37N", "Longitude": "120-15E", "Flag of Aggressor": "United States", "Type of Aggression": "Army Mine", "Assessment": "Sunk" }, "geometry": { "type": "Point", "coordinates": [ 120.25, 22.616666666666667 ] } },
{ "type": "Feature", "properties": { "Month": "January", "Day": 12, "Year": 1944, "Name of Vessel": "NIGITSU MARU", "Type of Vessel": "Transport", "Standard T": "9547", "Latitude": "23-15N", "Longitude": "133-49E", "Flag of Aggressor": "United States", "Type of Aggression": "Submarine", "Assessment": "Sunk" }, "geometry": { "type": "Point", "coordinates": [ 133.816666666666663, 23.25 ] } },
{ "type": "Feature", "properties": { "Month": "January", "Day": 12, "Year": 1944, "Name of Vessel": "CHOKO MARU", "Type of Vessel": "Converted Gunboat", "Standard T": "2629", "Latitude": "3-30N", "Longitude": "147-27E", "Flag of Aggressor": "United States", "Type of Aggression": "Submarine", "Assessment": "Sunk" }, "geometry": { "type": "Point", "coordinates": [ 147.45, 3.5 ] } },
{ "type": "Feature", "properties": { "Month": "January", "Day": 13, "Year": 1944, "Name of Vessel": "HAGURO MARU", "Type of Vessel": "Cargo", "Standard T": "3352", "Latitude": "2-43S", "Longitude": "149-25E", "Flag of Aggressor": "United States", "Type of Aggression": "Array Aircraft", "Assessment": "Sunk" }, "geometry": { "type": "Point", "coordinates": [ 149.416666666666657, -2.716666666666667 ] } },
{ "type": "Feature", "properties": { "Month": "January", "Day": 14, "Year": 1944, "Name of Vessel": "GYOEI MARU", "Type of Vessel": "Cargo", "Standard T": "2790", "Latitude": "20-35N", "Longitude": "113-44E", "Flag of Aggressor": "United States", "Type of Aggression": "Army Aircraft", "Assessment": "Sunk" }, "geometry": { "type": "Point", "coordinates": [ 113.733333333333334, 20.583333333333332 ] } },
{ "type": "Feature", "properties": { "Month": "January", "Day": 14, "Year": 1944, "Name of Vessel": "NIPPON MARU", "Type of Vessel": "Tanker", "Standard T": "9975", "Latitude": "5-02N", "Longitude": "140-43E", "Flag of Aggressor": "United States", "Type of Aggression": "Submarine", "Assessment": "Sunk" }, "geometry": { "type": "Point", "coordinates": [ 140.716666666666669, 5.033333333333333 ] } },
{ "type": "Feature", "properties": { "Month": "January", "Day": 14, "Year": 1944, "Name of Vessel": "YAMATSURU MARU", "Type of Vessel": "Cargo", "Standard T": "3651", "Latitude": "28-30N", "Longitude": "133-40E", "Flag of Aggressor": "United States", "Type of Aggression": "Submarine", "Assessment": "Sunk" }, "geometry": { "type": "Point", "coordinates": [ 133.666666666666657, 28.5 ] } },
{ "type": "Feature", "properties": { "Month": "January", "Day": 14, "Year": 1944, "Name of Vessel": "KENYO MARU", "Type of Vessel": "Tanker", "Standard T": "10022", "Latitude": "5-22N", "Longitude": "141-27E", "Flag of Aggressor": "United States", "Type of Aggression": "Submarine", "Assessment": "Sunk" }, "geometry": { "type": "Point", "coordinates": [ 141.45, 5.366666666666666 ] } },
{ "type": "Feature", "properties": { "Month": "January", "Day": 14, "Year": 1944, "Name of Vessel": "YAMAKUNI MARU", "Type of Vessel": "Passenger-Cargo", "Standard T": "6921", "Latitude": "33-16N", "Longitude": "139-30E", "Flag of Aggressor": "United States", "Type of Aggression": "Submarine", "Assessment": "Sunk" }, "geometry": { "type": "Point", "coordinates": [ 139.5, 33.266666666666666 ] } },
{ "type": "Feature", "properties": { "Month": "January", "Day": 15, "Year": 1944, "Name of Vessel": "RYUKO MARU", "Type of Vessel": "Passenger-Cargo", "Standard T": "2962", "Latitude": "10-00N", "Longitude": "93-00E", "Flag of Aggressor": "Great Britain", "Type of Aggression": "Submarine", "Assessment": "Sunk" }, "geometry": { "type": "Point", "coordinates": [ 93.0, 10.0 ] } },
{ "type": "Feature", "properties": { "Month": "January", "Day": 15, "Year": 1944, "Name of Vessel": "TATSUNO MARU", "Type of Vessel": "Cargo", "Standard T": "6960", "Latitude": "19-45N", "Longitude": "120-40E", "Flag of Aggressor": "United States", "Type of Aggression": "Submarine", "Assessment": "Sunk" }, "geometry": { "type": "Point", "coordinates": [ 120.666666666666671, 19.75 ] } },
{ "type": "Feature", "properties": { "Month": "January", "Day": 15, "Year": 1944, "Name of Vessel": "TOHO MARU", "Type of Vessel": "Cargo", "Standard T": "4092", "Latitude": "19-45N", "Longitude": "120-40E", "Flag of Aggressor": "United States", "Type of Aggression": "Submarine", "Assessment": "Sunk" }, "geometry": { "type": "Point", "coordinates": [ 120.666666666666671, 19.75 ] } },
{ "type": "Feature", "properties": { "Month": "January", "Day": 16, "Year": 1944, "Name of Vessel": "MEISHO MARU", "Type of Vessel": "Cargo", "Standard T": "2735", "Latitude": "2-20S", "Longitude": "149-42E", "Flag of Aggressor": "United States", "Type of Aggression": "Army Aircraft, Navy Land-Based Aircraft", "Assessment": "Sunk" }, "geometry": { "type": "Point", "coordinates": [ 149.7, -2.333333333333333 ] } },
{ "type": "Feature", "properties": { "Month": "January", "Day": 16, "Year": 1944, "Name of Vessel": "HOZUGAWA MARU", "Type of Vessel": "Cargo", "Standard T": "1925", "Latitude": "2-20S", "Longitude": "149-42E", "Flag of Aggressor": "United States", "Type of Aggression": "Navy Land-Based Aircraft", "Assessment": "Sunk" }, "geometry": { "type": "Point", "coordinates": [ 149.7, -2.333333333333333 ] } },
{ "type": "Feature", "properties": { "Month": "January", "Day": 16, "Year": 1944, "Name of Vessel": "SHUNKO MARU", "Type of Vessel": "Cargo", "Standard T": "4027", "Latitude": "2-30S", "Longitude": "149-42E", "Flag of Aggressor": "United States", "Type of Aggression": "Navy Land-Based Aircraft", "Assessment": "Sunk" }, "geometry": { "type": "Point", "coordinates": [ 149.7, -2.5 ] } },
{ "type": "Feature", "properties": { "Month": "January", "Day": 16, "Year": 1944, "Name of Vessel": "NIKKO MARU", "Type of Vessel": "Cargo", "Standard T": "734", "Latitude": "12-49N", "Longitude": "150-19E", "Flag of Aggressor": "United States", "Type of Aggression": "Submarine", "Assessment": "Sunk" }, "geometry": { "type": "Point", "coordinates": [ 150.316666666666663, 12.816666666666666 ] } },
{ "type": "Feature", "properties": { "Month": "January", "Day": 16, "Year": 1944, "Name of Vessel": "DENMARK MARU", "Type of Vessel": "Cargo", "Standard T": "5870", "Latitude": "23-09N", "Longitude": "135-14E", "Flag of Aggressor": "United States", "Type of Aggression": "Submarine", "Assessment": "Sunk" }, "geometry": { "type": "Point", "coordinates": [ 135.23333333333332, 23.15 ] } },
{ "type": "Feature", "properties": { "Month": "January", "Day": 16, "Year": 1944, "Name of Vessel": "DELHI MARU", "Type of Vessel": "Converted Gunboat", "Standard T": "2182", "Latitude": "34-04N", "Longitude": "139-56E", "Flag of Aggressor": "United States", "Type of Aggression": "Submarine", "Assessment": "Sunk" }, "geometry": { "type": "Point", "coordinates": [ 139.933333333333337, 34.06666666666667 ] } },
{ "type": "Feature", "properties": { "Month": "January", "Day": 16, "Year": 1944, "Name of Vessel": "KAIKA MARU", "Type of Vessel": "Cargo", "Standard T": "2087", "Latitude": "4-03N", "Longitude": "148-41E", "Flag of Aggressor": "United States", "Type of Aggression": "Submarine", "Assessment": "Sunk" }, "geometry": { "type": "Point", "coordinates": [ 148.683333333333337, 4.05 ] } },
{ "type": "Feature", "properties": { "Month": "January", "Day": 17, "Year": 1944, "Name of Vessel": "CHIBURI MARU", "Type of Vessel": "Cargo", "Standard T": "1943", "Latitude": "2-27S", "Longitude": "148-58E", "Flag of Aggressor": "United States", "Type of Aggression": "Army Aircraft", "Assessment": "Sunk" }, "geometry": { "type": "Point", "coordinates": [ 148.966666666666669, -2.45 ] } },
{ "type": "Feature", "properties": { "Month": "January", "Day": 17, "Year": 1944, "Name of Vessel": "FUKEI MARU NO9", "Type of Vessel": "Cargo", "Standard T": "617", "Latitude": "2-00S", "Longitude": "149-00E", "Flag of Aggressor": "United States", "Type of Aggression": "Army Aircraft", "Assessment": "Sunk" }, "geometry": { "type": "Point", "coordinates": [ 149.0, -2.0 ] } },
{ "type": "Feature", "properties": { "Month": "January", "Day": 17, "Year": 1944, "Name of Vessel": "HAKKAI MARU", "Type of Vessel": "Converted Salvage Vessel", "Standard T": "5114", "Latitude": "4-13S", "Longitude": "152-12E", "Flag of Aggressor": "United States", "Type of Aggression": "Navy Land-Based Aircraft", "Assessment": "Sunk" }, "geometry": { "type": "Point", "coordinates": [ 152.2, -4.216666666666667 ] } },
{ "type": "Feature", "properties": { "Month": "January", "Day": 17, "Year": 1944, "Name of Vessel": "KENSHIN MARU", "Type of Vessel": "Cargo", "Standard T": "3126", "Latitude": "4-13S", "Longitude": "152-12E", "Flag of Aggressor": "United States", "Type of Aggression": "Navy Land-Based Aircraft", "Assessment": "Sunk" }, "geometry": { "type": "Point", "coordinates": [ 152.2, -4.216666666666667 ] } },
{ "type": "Feature", "properties": { "Month": "January", "Day": 17, "Year": 1944, "Name of Vessel": "KOSEI MARU", "Type of Vessel": "Cargo", "Standard T": "1920", "Latitude": "4-13S", "Longitude": "152-12E", "Flag of Aggressor": "United States", "Type of Aggression": "Navy Land-Based Aircraft", "Assessment": "Sunk" }, "geometry": { "type": "Point", "coordinates": [ 152.2, -4.216666666666667 ] } },
{ "type": "Feature", "properties": { "Month": "January", "Day": 17, "Year": 1944, "Name of Vessel": "LYONS MARU", "Type of Vessel": "Cargo", "Standard T": "7017", "Latitude": "4-13S", "Longitude": "152-12E", "Flag of Aggressor": "United States", "Type of Aggression": "Navy Land-Based Aircraft", "Assessment": "Sunk" }, "geometry": { "type": "Point", "coordinates": [ 152.2, -4.216666666666667 ] } },
{ "type": "Feature", "properties": { "Month": "January", "Day": 17, "Year": 1944, "Name of Vessel": "TENSHIN MARU", "Type of Vessel": "Cargo", "Standard T": "1500", "Latitude": "4-13S", "Longitude": "152-12E", "Flag of Aggressor": "United States", "Type of Aggression": "Navy Land-Based Aircraft", "Assessment": "Sunk" }, "geometry": { "type": "Point", "coordinates": [ 152.2, -4.216666666666667 ] } },
{ "type": "Feature", "properties": { "Month": "January", "Day": 17, "Year": 1944, "Name of Vessel": "SHOYU MARU", "Type of Vessel": "Cargo", "Standard T": "4408", "Latitude": "00-18N", "Longitude": "118-37E", "Flag of Aggressor": "United States", "Type of Aggression": "Submarine", "Assessment": "Sunk" }, "geometry": { "type": "Point", "coordinates": [ 118.61666666666666, 0.3 ] } },
{ "type": "Feature", "properties": { "Month": "January", "Day": 17, "Year": 1944, "Name of Vessel": "TARUSHIMAMARU", "Type of Vessel": "Cargo", "Standard T": "4865", "Latitude": "22-45N", "Longitude": "135-00E", "Flag of Aggressor": "United States", "Type of Aggression": "Submarine", "Assessment": "Sunk" }, "geometry": { "type": "Point", "coordinates": [ 135.0, 22.75 ] } },
{ "type": "Feature", "properties": { "Month": "January", "Day": 18, "Year": 1944, "Name of Vessel": "YOSHIDA MARU", "Type of Vessel": "Converted Gunboat", "Standard T": "2900", "Latitude": "23-50N", "Longitude": "151-28E", "Flag of Aggressor": "United States", "Type of Aggression": "Submarine", "Assessment": "Sunk" }, "geometry": { "type": "Point", "coordinates": [ 151.466666666666669, 23.833333333333332 ] } },
{ "type": "Feature", "properties": { "Month": "January", "Day": 20, "Year": 1944, "Name of Vessel": "JINTSU MARU", "Type of Vessel": "Dredge", "Standard T": "558", "Latitude": "3-04S", "Longitude": "142-10E", "Flag of Aggressor": "United States", "Type of Aggression": "Army Aircraft", "Assessment": "Sunk" }, "geometry": { "type": "Point", "coordinates": [ 142.166666666666657, -3.066666666666667 ] } },
{ "type": "Feature", "properties": { "Month": "January", "Day": 20, "Year": 1944, "Name of Vessel": "MENADO MARU", "Type of Vessel": "Cargo", "Standard T": "2166", "Latitude": "23-10N", "Longitude": "118-15E", "Flag of Aggressor": "United States", "Type of Aggression": "Army Aircraft", "Assessment": "Sunk" }, "geometry": { "type": "Point", "coordinates": [ 118.25, 23.166666666666668 ] } },
{ "type": "Feature", "properties": { "Month": "January", "Day": 20, "Year": 1944, "Name of Vessel": "KUZAN MARU", "Type of Vessel": "Cargo", "Standard T": "l,000e", "Latitude": "22-10N", "Longitude": "118-15E", "Flag of Aggressor": "United States", "Type of Aggression": "Army Aircraft", "Assessment": "Sunk" }, "geometry": { "type": "Point", "coordinates": [ 118.25, 22.166666666666668 ] } },
{ "type": "Feature", "properties": { "Month": "January", "Day": 20, "Year": 1944, "Name of Vessel": "KOYU MARU", "Type of Vessel": "Cargo", "Standard T": "5325", "Latitude": "6-40N", "Longitude": "134-17E", "Flag of Aggressor": "United States", "Type of Aggression": "Submarine", "Assessment": "Sunk" }, "geometry": { "type": "Point", "coordinates": [ 134.283333333333331, 6.666666666666667 ] } },
{ "type": "Feature", "properties": { "Month": "January", "Day": 20, "Year": 1944, "Name of Vessel": "HIDAKA MARU", "Type of Vessel": "Cargo", "Standard T": "5486", "Latitude": "31-28N", "Longitude": "134-52E", "Flag of Aggressor": "United States", "Type of Aggression": "Submarine", "Assessment": "Sunk" }, "geometry": { "type": "Point", "coordinates": [ 134.866666666666674, 31.466666666666665 ] } },
{ "type": "Feature", "properties": { "Month": "January", "Day": 21, "Year": 1944, "Name of Vessel": "YASUKUNI MARU", "Type of Vessel": "Cargo", "Standard T": "3025", "Latitude": "3-19N", "Longitude": "137-02E", "Flag of Aggressor": "United States", "Type of Aggression": "Submarine", "Assessment": "Sunk" }, "geometry": { "type": "Point", "coordinates": [ 137.033333333333331, 3.316666666666666 ] } },
{ "type": "Feature", "properties": { "Month": "January", "Day": 21, "Year": 1944, "Name of Vessel": "IKOMA MARU", "Type of Vessel": "Passenger-Cargo", "Standard T": "3156", "Latitude": "3-19N", "Longitude": "137-02E", "Flag of Aggressor": "United States", "Type of Aggression": "Submarine", "Assessment": "Sunk" }, "geometry": { "type": "Point", "coordinates": [ 137.033333333333331, 3.316666666666666 ] } },
{ "type": "Feature", "properties": { "Month": "January", "Day": 22, "Year": 1944, "Name of Vessel": "KOSHIN MARU", "Type of Vessel": "Passenger-Cargo", "Standard T": "5485", "Latitude": "7-22N", "Longitude": "115-05E", "Flag of Aggressor": "United States", "Type of Aggression": "Submarine", "Assessment": "Sunk" }, "geometry": { "type": "Point", "coordinates": [ 115.083333333333329, 7.366666666666666 ] } },
{ "type": "Feature", "properties": { "Month": "January", "Day": 22, "Year": 1944, "Name of Vessel": "SEINAN MARU", "Type of Vessel": "Cargo", "Standard T": "5401", "Latitude": "7-22N", "Longitude": "115-05E", "Flag of Aggressor": "United States", "Type of Aggression": "Submarine", "Assessment": "Sunk" }, "geometry": { "type": "Point", "coordinates": [ 115.083333333333329, 7.366666666666666 ] } },
{ "type": "Feature", "properties": { "Month": "January", "Day": 23, "Year": 1944, "Name of Vessel": "SEIKAI MARU", "Type of Vessel": "Cargo", "Standard T": "3180", "Latitude": "12-26N", "Longitude": "98-36E", "Flag of Aggressor": "United States", "Type of Aggression": "Army Aircraft", "Assessment": "Sunk" }, "geometry": { "type": "Point", "coordinates": [ 98.6, 12.433333333333334 ] } },
{ "type": "Feature", "properties": { "Month": "January", "Day": 23, "Year": 1944, "Name of Vessel": "PANAMA MARU", "Type of Vessel": "Cargo", "Standard T": "5287", "Latitude": "27-08N", "Longitude": "120-30E", "Flag of Aggressor": "China", "Type of Aggression": "Aircraft", "Assessment": "Sunk" }, "geometry": { "type": "Point", "coordinates": [ 120.5, 27.133333333333333 ] } },
{ "type": "Feature", "properties": { "Month": "January", "Day": 23, "Year": 1944, "Name of Vessel": "TAIAN MARU", "Type of Vessel": "Cargo", "Standard T": "3670", "Latitude": "5-45N", "Longitude": "134-45E", "Flag of Aggressor": "United States", "Type of Aggression": "Submarine", "Assessment": "Sunk" }, "geometry": { "type": "Point", "coordinates": [ 134.75, 5.75 ] } },
{ "type": "Feature", "properties": { "Month": "January", "Day": 23, "Year": 1944, "Name of Vessel": "MAGANE MARU", "Type of Vessel": "Converted Gunboat", "Standard T": "3120", "Latitude": "29-49N", "Longitude": "140-07E", "Flag of Aggressor": "United States", "Type of Aggression": "Submarine", "Assessment": "Sunk" }, "geometry": { "type": "Point", "coordinates": [ 140.116666666666674, 29.816666666666666 ] } },
{ "type": "Feature", "properties": { "Month": "January", "Day": 24, "Year": 1944, "Name of Vessel": "LIU HSING", "Type of Vessel": "Cargo", "Standard T": "1076", "Latitude": "26-58N", "Longitude": "120-04E", "Flag of Aggressor": "United States", "Type of Aggression": "Army Aircraft", "Assessment": "Sunk" }, "geometry": { "type": "Point", "coordinates": [ 120.066666666666663, 26.966666666666665 ] } },
{ "type": "Feature", "properties": { "Month": "January", "Day": 24, "Year": 1944, "Name of Vessel": "UNKNOWN MARU", "Type of Vessel": "Cargo", "Standard T": "1,000e", "Latitude": "26-58N", "Longitude": "120-04E", "Flag of Aggressor": "United States", "Type of Aggression": "Army Aircraft", "Assessment": "Sunk" }, "geometry": { "type": "Point", "coordinates": [ 120.066666666666663, 26.966666666666665 ] } },
{ "type": "Feature", "properties": { "Month": "January", "Day": 24, "Year": 1944, "Name of Vessel": "UNKNOWN MARU", "Type of Vessel": "Cargo", "Standard T": "1,000e", "Latitude": "26-58N", "Longitude": "120-04E", "Flag of Aggressor": "United States", "Type of Aggression": "Army Aircraft", "Assessment": "Sunk" }, "geometry": { "type": "Point", "coordinates": [ 120.066666666666663, 26.966666666666665 ] } },
{ "type": "Feature", "properties": { "Month": "January", "Day": 24, "Year": 1944, "Name of Vessel": "KOAN MARU", "Type of Vessel": "Converted Water Carrier", "Standard T": "3462", "Latitude": "4-13S", "Longitude": "152-11E", "Flag of Aggressor": "United States", "Type of Aggression": "Navy Carrier-Based Aircraft", "Assessment": "Sunk" }, "geometry": { "type": "Point", "coordinates": [ 152.183333333333337, -4.216666666666667 ] } },
{ "type": "Feature", "properties": { "Month": "January", "Day": 24, "Year": 1944, "Name of Vessel": "OGASHIMA MARU", "Type of Vessel": "Cargo", "Standard T": "1424", "Latitude": "8-14N", "Longitude": "168-02E", "Flag of Aggressor": "United States", "Type of Aggression": "Navy Land-Based Aircraft", "Assessment": "Sunk" }, "geometry": { "type": "Point", "coordinates": [ 168.033333333333331, 8.233333333333333 ] } },
{ "type": "Feature", "properties": { "Month": "January", "Day": 24, "Year": 1944, "Name of Vessel": "NARUTO", "Type of Vessel": "Tanker", "Standard T": "6500", "Latitude": "4-13S", "Longitude": "152-11E", "Flag of Aggressor": "United States", "Type of Aggression": "Navy Carrier-Based Aircraft", "Assessment": "Sunk" }, "geometry": { "type": "Point", "coordinates": [ 152.183333333333337, -4.216666666666667 ] } },
{ "type": "Feature", "properties": { "Month": "January", "Day": 24, "Year": 1944, "Name of Vessel": "TAISHO MARU", "Type of Vessel": "Cargo", "Standard T": "4815", "Latitude": "4-13S", "Longitude": "152-11E", "Flag of Aggressor": "United States", "Type of Aggression": "Navy Carrier-Based Aircraft", "Assessment": "Sunk" }, "geometry": { "type": "Point", "coordinates": [ 152.183333333333337, -4.216666666666667 ] } },
{ "type": "Feature", "properties": { "Month": "January", "Day": 24, "Year": 1944, "Name of Vessel": "YAMAYURI MARU", "Type of Vessel": "Cargo", "Standard T": "5028", "Latitude": "4-13S", "Longitude": "152-11E", "Flag of Aggressor": "United States", "Type of Aggression": "Navy Carrier-Based Aircraft", "Assessment": "Sunk" }, "geometry": { "type": "Point", "coordinates": [ 152.183333333333337, -4.216666666666667 ] } },
{ "type": "Feature", "properties": { "Month": "January", "Day": 24, "Year": 1944, "Name of Vessel": "CHOSEN MARU", "Type of Vessel": "Cargo", "Standard T": "3110", "Latitude": "32-25N", "Longitude": "133-00E", "Flag of Aggressor": "United States", "Type of Aggression": "Submarine", "Assessment": "Sunk" }, "geometry": { "type": "Point", "coordinates": [ 133.0, 32.416666666666664 ] } },
{ "type": "Feature", "properties": { "Month": "January", "Day": 24, "Year": 1944, "Name of Vessel": "HARAJI MARU", "Type of Vessel": "Converted Minesweeper", "Standard T": "500", "Latitude": "21-33N", "Longitude": "112-00E", "Flag of Aggressor": "United States", "Type of Aggression": "Army Aircraft*", "Assessment": "Probably sunk" }, "geometry": { "type": "Point", "coordinates": [ 112.0, 21.55 ] } },
{ "type": "Feature", "properties": { "Month": "January", "Day": 26, "Year": 1944, "Name of Vessel": "OKITSU MARU", "Type of Vessel": "Converted Seaplane Tender", "Standard T": "6666", "Latitude": "9-22N", "Longitude": "157-26E", "Flag of Aggressor": "United States", "Type of Aggression": "Submarine", "Assessment": "Sunk" }, "geometry": { "type": "Point", "coordinates": [ 157.433333333333337, 9.366666666666667 ] } },
{ "type": "Feature", "properties": { "Month": "January", "Day": 26, "Year": 1944, "Name of Vessel": "BUSHO MARU", "Type of Vessel": "Converted Gunboat", "Standard T": "2552", "Latitude": "8-27N", "Longitude": "109-12E", "Flag of Aggressor": "United States", "Type of Aggression": "Submarine", "Assessment": "Sunk" }, "geometry": { "type": "Point", "coordinates": [ 109.2, 8.45 ] } },
{ "type": "Feature", "properties": { "Month": "January", "Day": 27, "Year": 1944, "Name of Vessel": "KASAGI MARU", "Type of Vessel": "Converted Salvage Vessel", "Standard T": "3140", "Latitude": "33-31N", "Longitude": "139-36E", "Flag of Aggressor": "United States", "Type of Aggression": "Submarine", "Assessment": "Sunk" }, "geometry": { "type": "Point", "coordinates": [ 139.6, 33.516666666666666 ] } },
{ "type": "Feature", "properties": { "Month": "January", "Day": 27, "Year": 1944, "Name of Vessel": "KIKUZUKI MARU", "Type of Vessel": "Cargo", "Standard T": "1266", "Latitude": "22-11N", "Longitude": "119-12E", "Flag of Aggressor": "United States", "Type of Aggression": "Submarine", "Assessment": "Sunk" }, "geometry": { "type": "Point", "coordinates": [ 119.2, 22.183333333333334 ] } },
{ "type": "Feature", "properties": { "Month": "January", "Day": 27, "Year": 1944, "Name of Vessel": "KOSEI MARU", "Type of Vessel": "Cargo", "Standard T": "2205", "Latitude": "22-11N", "Longitude": "119-12E", "Flag of Aggressor": "United States", "Type of Aggression": "Submarine", "Assessment": "Sunk" }, "geometry": { "type": "Point", "coordinates": [ 119.2, 22.183333333333334 ] } },
{ "type": "Feature", "properties": { "Month": "January", "Day": 28, "Year": 1944, "Name of Vessel": "NEIKAI MARU", "Type of Vessel": "Cargo", "Standard T": "2827", "Latitude": "3-45S", "Longitude": "150-38E", "Flag of Aggressor": "United States", "Type of Aggression": "Army Aircraft", "Assessment": "Sunk" }, "geometry": { "type": "Point", "coordinates": [ 150.633333333333326, -3.75 ] } },
{ "type": "Feature", "properties": { "Month": "January", "Day": 28, "Year": 1944, "Name of Vessel": "UJI MARU", "Type of Vessel": "Converted Net Tender", "Standard T": "872", "Latitude": "9-20N", "Longitude": "167-28E", "Flag of Aggressor": "United States", "Type of Aggression": "Navy Carrier-Based Aircraft", "Assessment": "Sunk" }, "geometry": { "type": "Point", "coordinates": [ 167.466666666666669, 9.333333333333334 ] } },
{ "type": "Feature", "properties": { "Month": "January", "Day": 29, "Year": 1944, "Name of Vessel": "SHUNTAI MARU", "Type of Vessel": "Cargo", "Standard T": "2253", "Latitude": "27-22N", "Longitude": "128-29E", "Flag of Aggressor": "United States", "Type of Aggression": "Submarine", "Assessment": "Sunk" }, "geometry": { "type": "Point", "coordinates": [ 128.48333333333332, 27.366666666666667 ] } },
{ "type": "Feature", "properties": { "Month": "January", "Day": 29, "Year": 1944, "Name of Vessel": "SHUKO MARU", "Type of Vessel": "Converted Net Tender", "Standard T": "889", "Latitude": "23-07N", "Longitude": "142-27E", "Flag of Aggressor": "United States", "Type of Aggression": "Submarine", "Assessment": "Sunk" }, "geometry": { "type": "Point", "coordinates": [ 142.45, 23.116666666666667 ] } },
{ "type": "Feature", "properties": { "Month": "January", "Day": 30, "Year": 1944, "Name of Vessel": "EIKO MARU", "Type of Vessel": "Cargo", "Standard T": "3535", "Latitude": "9-10N", "Longitude": "167-20E", "Flag of Aggressor": "United States", "Type of Aggression": "Surface Craft", "Assessment": "Sunk" }, "geometry": { "type": "Point", "coordinates": [ 167.333333333333343, 9.166666666666666 ] } },
{ "type": "Feature", "properties": { "Month": "January", "Day": 30, "Year": 1944, "Name of Vessel": "TOKIHIMEMARU", "Type of Vessel": "Cargo", "Standard T": "741", "Latitude": "4-10S", "Longitude": "144-51E", "Flag of Aggressor": "United States", "Type of Aggression": "Army Aircraft", "Assessment": "Sunk" }, "geometry": { "type": "Point", "coordinates": [ 144.85, -4.166666666666667 ] } },
{ "type": "Feature", "properties": { "Month": "January", "Day": 30, "Year": 1944, "Name of Vessel": "AKIBASANMARU", "Type of Vessel": "Cargo", "Standard T": "4603", "Latitude": "8-42N", "Longitude": "167-44E", "Flag of Aggressor": "United States", "Type of Aggression": "Navy Carrier-Based Aircraft", "Assessment": "Sunk" }, "geometry": { "type": "Point", "coordinates": [ 167.73333333333332, 8.7 ] } },
{ "type": "Feature", "properties": { "Month": "January", "Day": 30, "Year": 1944, "Name of Vessel": "IWATE MARU", "Type of Vessel": "Converted Water Carrier", "Standard T": "2984", "Latitude": "4-12S", "Longitude": "152-12E", "Flag of Aggressor": "United States", "Type of Aggression": "Navy Carrier-Based Aircraft", "Assessment": "Sunk" }, "geometry": { "type": "Point", "coordinates": [ 152.2, -4.2 ] } },
{ "type": "Feature", "properties": { "Month": "January", "Day": 30, "Year": 1944, "Name of Vessel": "KATSURA MARU", "Type of Vessel": "Converted Net Tender", "Standard T": "540", "Latitude": "11-32N", "Longitude": "162-22E", "Flag of Aggressor": "United States", "Type of Aggression": "Navy Carrier-Based Aircraft, Navy Surface Craft", "Assessment": "Sunk" }, "geometry": { "type": "Point", "coordinates": [ 162.366666666666674, 11.533333333333333 ] } },
{ "type": "Feature", "properties": { "Month": "January", "Day": 30, "Year": 1944, "Name of Vessel": "PARAN MARU", "Type of Vessel": "Cargo", "Standard T": "562", "Latitude": "8-42N", "Longitude": "167-44E", "Flag of Aggressor": "United States", "Type of Aggression": "Navy Carrier-Based Aircraft, Navy Surface Craft", "Assessment": "Probably sunk" }, "geometry": { "type": "Point", "coordinates": [ 167.73333333333332, 8.7 ] } },
{ "type": "Feature", "properties": { "Month": "January", "Day": 30, "Year": 1944, "Name of Vessel": "TOKO MARU", "Type of Vessel": "Passenger-Cargo", "Standard T": "2747", "Latitude": "6-10N", "Longitude": "138-14E", "Flag of Aggressor": "United States", "Type of Aggression": "Submarine", "Assessment": "Sunk" }, "geometry": { "type": "Point", "coordinates": [ 138.23333333333332, 6.166666666666667 ] } },
{ "type": "Feature", "properties": { "Month": "January", "Day": 30, "Year": 1944, "Name of Vessel": "TAMASHIMAMARU", "Type of Vessel": "Passenger-Cargo", "Standard T": "3560", "Latitude": "21-15N", "Longitude": "149-18E", "Flag of Aggressor": "United States", "Type of Aggression": "Submarine", "Assessment": "Sunk" }, "geometry": { "type": "Point", "coordinates": [ 149.3, 21.25 ] } },
{ "type": "Feature", "properties": { "Month": "January", "Day": 31, "Year": 1944, "Name of Vessel": "YASUKUNI MARU", "Type of Vessel": "Converted Submarine Tender", "Standard T": "11933", "Latitude": "9-21N", "Longitude": "147-02E", "Flag of Aggressor": "United States", "Type of Aggression": "Submarine", "Assessment": "Sunk" }, "geometry": { "type": "Point", "coordinates": [ 147.033333333333331, 9.35 ] } },
{ "type": "Feature", "properties": { "Month": "January", "Day": 31, "Year": 1944, "Name of Vessel": "HIRO MARU", "Type of Vessel": "Converted Net Tender", "Standard T": "549", "Latitude": "15-23N", "Longitude": "145-35E", "Flag of Aggressor": "United States", "Type of Aggression": "Submarine", "Assessment": "Sunk" }, "geometry": { "type": "Point", "coordinates": [ 145.583333333333343, 15.383333333333333 ] } },
{ "type": "Feature", "properties": { "Month": "February", "Day": 1, "Year": 1944, "Name of Vessel": "TOEI MARU", "Type of Vessel": "Cargo", "Standard T": "4004", "Latitude": "4-21N", "Longitude": "143-16E", "Flag of Aggressor": "United States", "Type of Aggression": "Submarine", "Assessment": "Sunk" }, "geometry": { "type": "Point", "coordinates": [ 143.26666666666668, 4.35 ] } },
{ "type": "Feature", "properties": { "Month": "February", "Day": 1, "Year": 1944, "Name of Vessel": "TACOMA MARU", "Type of Vessel": "Passenger-Cargo", "Standard T": "5772", "Latitude": "1-35N", "Longitude": "128-58E", "Flag of Aggressor": "United States", "Type of Aggression": "Submarine", "Assessment": "Sunk" }, "geometry": { "type": "Point", "coordinates": [ 128.966666666666669, 1.583333333333333 ] } },
{ "type": "Feature", "properties": { "Month": "February", "Day": 1, "Year": 1944, "Name of Vessel": "NANKA MARU", "Type of Vessel": "Cargo", "Standard T": "4065", "Latitude": "1-35N", "Longitude": "128-58E", "Flag of Aggressor": "United States", "Type of Aggression": "Submarine", "Assessment": "Sunk" }, "geometry": { "type": "Point", "coordinates": [ 128.966666666666669, 1.583333333333333 ] } },
{ "type": "Feature", "properties": { "Month": "February", "Day": 2, "Year": 1944, "Name of Vessel": "TOYO MARU NO5", "Type of Vessel": "Cargo", "Standard T": "2193", "Latitude": "33-32N", "Longitude": "135-58E", "Flag of Aggressor": "United States", "Type of Aggression": "Submarine", "Assessment": "Sunk" }, "geometry": { "type": "Point", "coordinates": [ 135.966666666666669, 33.533333333333331 ] } },
{ "type": "Feature", "properties": { "Month": "February", "Day": 2, "Year": 1944, "Name of Vessel": "TOYO MARU NO8", "Type of Vessel": "Cargo", "Standard T": "2191", "Latitude": "33-32N", "Longitude": "135-58E", "Flag of Aggressor": "United States", "Type of Aggression": "Submarine", "Assessment": "Sunk" }, "geometry": { "type": "Point", "coordinates": [ 135.966666666666669, 33.533333333333331 ] } },
{ "type": "Feature", "properties": { "Month": "February", "Day": 3, "Year": 1944, "Name of Vessel": "NICHIAI MARU", "Type of Vessel": "Cargo", "Standard T": "5439", "Latitude": "3-00S", "Longitude": "150-10E", "Flag of Aggressor": "United States", "Type of Aggression": "Army Aircraft, Navy Land-Based Aircraft", "Assessment": "Sunk" }, "geometry": { "type": "Point", "coordinates": [ 150.166666666666657, -3.0 ] } },
{ "type": "Feature", "properties": { "Month": "February", "Day": 3, "Year": 1944, "Name of Vessel": "ARIAKE MARU", "Type of Vessel": "Cargo", "Standard T": "5000", "Latitude": "29-11N", "Longitude": "124-45E", "Flag of Aggressor": "United States", "Type of Aggression": "Submarine", "Assessment": "Sunk" }, "geometry": { "type": "Point", "coordinates": [ 124.75, 29.183333333333334 ] } },
{ "type": "Feature", "properties": { "Month": "February", "Day": 3, "Year": 1944, "Name of Vessel": "GOYO MARU", "Type of Vessel": "Tanker", "Standard T": "8496", "Latitude": "29-11N", "Longitude": "124-45E", "Flag of Aggressor": "United States", "Type of Aggression": "Submarine", "Assessment": "Sunk" }, "geometry": { "type": "Point", "coordinates": [ 124.75, 29.183333333333334 ] } },
{ "type": "Feature", "properties": { "Month": "February", "Day": 4, "Year": 1944, "Name of Vessel": "GORYU MARU", "Type of Vessel": "Converted Water Carrier", "Standard T": "1912", "Latitude": "6-00N", "Longitude": "169-44E", "Flag of Aggressor": "United States", "Type of Aggression": "Navy Land-Based Aircraft", "Assessment": "Sunk" }, "geometry": { "type": "Point", "coordinates": [ 169.73333333333332, 6.0 ] } },
{ "type": "Feature", "properties": { "Month": "February", "Day": 5, "Year": 1944, "Name of Vessel": "SEIKYO MARU", "Type of Vessel": "Passenger-Cargo", "Standard T": "2565", "Latitude": "22-00N", "Longitude": "116-00E", "Flag of Aggressor": "United States", "Type of Aggression": "Army Aircraft", "Assessment": "Sunk" }, "geometry": { "type": "Point", "coordinates": [ 116.0, 22.0 ] } },
{ "type": "Feature", "properties": { "Month": "February", "Day": 5, "Year": 1944, "Name of Vessel": "LUSHAN MARU", "Type of Vessel": "Cargo", "Standard T": "2531", "Latitude": "22-00N", "Longitude": "116-00E", "Flag of Aggressor": "United States", "Type of Aggression": "Army Aircraft", "Assessment": "Sunk" }, "geometry": { "type": "Point", "coordinates": [ 116.0, 22.0 ] } },
{ "type": "Feature", "properties": { "Month": "February", "Day": 5, "Year": 1944, "Name of Vessel": "TATSUMI MARU", "Type of Vessel": "Cargo", "Standard T": "850", "Latitude": "3-21S", "Longitude": "143-33E", "Flag of Aggressor": "United States", "Type of Aggression": "Army Aircraft", "Assessment": "Sunk" }, "geometry": { "type": "Point", "coordinates": [ 143.55, -3.35 ] } },
{ "type": "Feature", "properties": { "Month": "February", "Day": 5, "Year": 1944, "Name of Vessel": "SUZAN MARU", "Type of Vessel": "Passenger-Cargo", "Standard T": "2539", "Latitude": "22-00N", "Longitude": "116-00E", "Flag of Aggressor": "United States", "Type of Aggression": "Army Aircraft", "Assessment": "Sunk" }, "geometry": { "type": "Point", "coordinates": [ 116.0, 22.0 ] } },
{ "type": "Feature", "properties": { "Month": "February", "Day": 5, "Year": 1944, "Name of Vessel": "TAISHIN MARU", "Type of Vessel": "Cargo", "Standard T": "1723", "Latitude": "13-09N", "Longitude": "120-24E", "Flag of Aggressor": "United States", "Type of Aggression": "Submarine", "Assessment": "Sunk" }, "geometry": { "type": "Point", "coordinates": [ 120.4, 13.15 ] } },
{ "type": "Feature", "properties": { "Month": "February", "Day": 8, "Year": 1944, "Name of Vessel": "LIMA MARU", "Type of Vessel": "Cargo", "Standard T": "6989", "Latitude": "32-18N", "Longitude": "129-20E", "Flag of Aggressor": "United States", "Type of Aggression": "Submarine", "Assessment": "Sunk" }, "geometry": { "type": "Point", "coordinates": [ 129.333333333333343, 32.3 ] } },
{ "type": "Feature", "properties": { "Month": "February", "Day": 10, "Year": 1944, "Name of Vessel": "MALTA MARU", "Type of Vessel": "Passenger-Cargo", "Standard T": "5500", "Latitude": "23-12N", "Longitude": "121-30E", "Flag of Aggressor": "United States", "Type of Aggression": "Submarine", "Assessment": "Sunk" }, "geometry": { "type": "Point", "coordinates": [ 121.5, 23.2 ] } },
{ "type": "Feature", "properties": { "Month": "February", "Day": 11, "Year": 1944, "Name of Vessel": "SATSUMA MARU", "Type of Vessel": "Passenger-Cargo", "Standard T": "3091", "Latitude": "28-01N", "Longitude": "121-30E", "Flag of Aggressor": "China", "Type of Aggression": "Aircraft", "Assessment": "Sunk" }, "geometry": { "type": "Point", "coordinates": [ 121.5, 28.016666666666666 ] } },
{ "type": "Feature", "properties": { "Month": "February", "Day": 12, "Year": 1944, "Name of Vessel": "CHOKO MARU", "Type of Vessel": "Converted Net Tender", "Standard T": "889", "Latitude": "5-45N", "Longitude": "99-50E", "Flag of Aggressor": "Great Britain", "Type of Aggression": "Submarine", "Assessment": "Sunk" }, "geometry": { "type": "Point", "coordinates": [ 99.833333333333329, 5.75 ] } },
{ "type": "Feature", "properties": { "Month": "February", "Day": 12, "Year": 1944, "Name of Vessel": "RONSAN MARU", "Type of Vessel": "Passenger-Cargo", "Standard T": "2735", "Latitude": "27-43N", "Longitude": "128-35E", "Flag of Aggressor": "United States", "Type of Aggression": "Submarine", "Assessment": "Sunk" }, "geometry": { "type": "Point", "coordinates": [ 128.583333333333343, 27.716666666666665 ] } },
{ "type": "Feature", "properties": { "Month": "February", "Day": 13, "Year": 1944, "Name of Vessel": "YOSHINO MARU", "Type of Vessel": "Cargo", "Standard T": "872", "Latitude": "3-20S", "Longitude": "143-00E", "Flag of Aggressor": "United States", "Type of Aggression": "Army Aircraft", "Assessment": "Sunk" }, "geometry": { "type": "Point", "coordinates": [ 143.0, -3.333333333333333 ] } },
{ "type": "Feature", "properties": { "Month": "February", "Day": 13, "Year": 1944, "Name of Vessel": "SHOKA MARU", "Type of Vessel": "Cargo", "Standard T": "1381", "Latitude": "18-35N", "Longitude": "108-30E", "Flag of Aggressor": "United States", "Type of Aggression": "Army Aircraft", "Assessment": "Sunk" }, "geometry": { "type": "Point", "coordinates": [ 108.5, 18.583333333333332 ] } },
{ "type": "Feature", "properties": { "Month": "February", "Day": 14, "Year": 1944, "Name of Vessel": "NITTOKU MARU", "Type of Vessel": "Cargo", "Standard T": "3591", "Latitude": "33-48N", "Longitude": "128-49E", "Flag of Aggressor": "United States", "Type of Aggression": "Submarine", "Assessment": "Sunk" }, "geometry": { "type": "Point", "coordinates": [ 128.816666666666663, 33.8 ] } },
{ "type": "Feature", "properties": { "Month": "February", "Day": 14, "Year": 1944, "Name of Vessel": "MINRYO MARU", "Type of Vessel": "Cargo", "Standard T": "2193", "Latitude": "13-44N", "Longitude": "120-40E", "Flag of Aggressor": "United States", "Type of Aggression": "Submarine", "Assessment": "Sunk" }, "geometry": { "type": "Point", "coordinates": [ 120.666666666666671, 13.733333333333333 ] } },
{ "type": "Feature", "properties": { "Month": "February", "Day": 14, "Year": 1944, "Name of Vessel": "HOKUAN MARU", "Type of Vessel": "Cargo", "Standard T": "3712", "Latitude": "13-40N", "Longitude": "120-27E", "Flag of Aggressor": "United States", "Type of Aggression": "Submarine", "Assessment": "Sunk" }, "geometry": { "type": "Point", "coordinates": [ 120.45, 13.666666666666666 ] } },
{ "type": "Feature", "properties": { "Month": "February", "Day": 15, "Year": 1944, "Name of Vessel": "MATSU MARU", "Type of Vessel": "Converted Net Tender", "Standard T": "509", "Latitude": "2-36S", "Longitude": "150-36E", "Flag of Aggressor": "United States", "Type of Aggression": "Army Aircraft", "Assessment": "Sunk" }, "geometry": { "type": "Point", "coordinates": [ 150.6, -2.6 ] } },
{ "type": "Feature", "properties": { "Month": "February", "Day": 15, "Year": 1944, "Name of Vessel": "ODATSUKI MARU", "Type of Vessel": "Cargo", "Standard T": "1988", "Latitude": "10-03N", "Longitude": "126-54E", "Flag of Aggressor": "United States", "Type of Aggression": "Submarine", "Assessment": "Sunk" }, "geometry": { "type": "Point", "coordinates": [ 126.9, 10.05 ] } },
{ "type": "Feature", "properties": { "Month": "February", "Day": 15, "Year": 1944, "Name of Vessel": "HOSHI MARU NO2", "Type of Vessel": "Cargo", "Standard T": "875", "Latitude": "34-23N", "Longitude": "128-12E", "Flag of Aggressor": "United States", "Type of Aggression": "Submarine", "Assessment": "Sunk" }, "geometry": { "type": "Point", "coordinates": [ 128.2, 34.383333333333333 ] } },
{ "type": "Feature", "properties": { "Month": "February", "Day": 15, "Year": 1944, "Name of Vessel": "RYOKA MARU", "Type of Vessel": "Passenger-Cargo", "Standard T": "5307", "Latitude": "31-16N", "Longitude": "121-45E", "Flag of Aggressor": "United States", "Type of Aggression": "Army Mine", "Assessment": "Sunk" }, "geometry": { "type": "Point", "coordinates": [ 121.75, 31.266666666666666 ] } },
{ "type": "Feature", "properties": { "Month": "February", "Day": 16, "Year": 1944, "Name of Vessel": "SANKO MARU", "Type of Vessel": "Tanker", "Standard T": "5461", "Latitude": "2-24S", "Longitude": "150-06E", "Flag of Aggressor": "United States", "Type of Aggression": "Army Aircraft", "Assessment": "Sunk" }, "geometry": { "type": "Point", "coordinates": [ 150.1, -2.4 ] } },
{ "type": "Feature", "properties": { "Month": "February", "Day": 16, "Year": 1944, "Name of Vessel": "CHOJO MARU", "Type of Vessel": "Transport", "Standard T": "2610", "Latitude": "9-15N", "Longitude": "127-05E", "Flag of Aggressor": "United States", "Type of Aggression": "Submarine", "Assessment": "Sunk" }, "geometry": { "type": "Point", "coordinates": [ 127.083333333333329, 9.25 ] } },
{ "type": "Feature", "properties": { "Month": "February", "Day": 17, "Year": 1944, "Name of Vessel": "KASHI MARU", "Type of Vessel": "Converted Net Tender", "Standard T": "540", "Latitude": "2-24S", "Longitude": "150-06E", "Flag of Aggressor": "United States", "Type of Aggression": "Army Aircraft", "Assessment": "Sunk" }, "geometry": { "type": "Point", "coordinates": [ 150.1, -2.4 ] } },
{ "type": "Feature", "properties": { "Month": "February", "Day": 17, "Year": 1944, "Name of Vessel": "AIKOKU MARU", "Type of Vessel": "Converted Light Cruiser", "Standard T": "10437", "Latitude": "7-22N", "Longitude": "151-54E", "Flag of Aggressor": "United States", "Type of Aggression": "Navy Carrier-Based Aircraft", "Assessment": "Sunk" }, "geometry": { "type": "Point", "coordinates": [ 151.9, 7.366666666666666 ] } },
{ "type": "Feature", "properties": { "Month": "February", "Day": 17, "Year": 1944, "Name of Vessel": "AKAGI MARU", "Type of Vessel": "Converted Light Cruiser", "Standard T": "7389", "Latitude": "7-54N", "Longitude": "151-25E", "Flag of Aggressor": "United States", "Type of Aggression": "Navy Carrier-Based Aircraft", "Assessment": "Sunk" }, "geometry": { "type": "Point", "coordinates": [ 151.416666666666657, 7.9 ] } },
{ "type": "Feature", "properties": { "Month": "February", "Day": 17, "Year": 1944, "Name of Vessel": "AMAGISAN MARU", "Type of Vessel": "Passenger-Cargo", "Standard T": "7620", "Latitude": "7-18N", "Longitude": "151-53E", "Flag of Aggressor": "United States", "Type of Aggression": "Navy Carrier-Based Aircraft", "Assessment": "Sunk" }, "geometry": { "type": "Point", "coordinates": [ 151.883333333333326, 7.3 ] } },
{ "type": "Feature", "properties": { "Month": "February", "Day": 17, "Year": 1944, "Name of Vessel": "FUJIKAWA MARU", "Type of Vessel": "Aircraft Ferry", "Standard T": "6938", "Latitude": "7-20N", "Longitude": "151-53E", "Flag of Aggressor": "United States", "Type of Aggression": "Navy Carrier-Based Aircraft", "Assessment": "Sunk" }, "geometry": { "type": "Point", "coordinates": [ 151.883333333333326, 7.333333333333333 ] } },
{ "type": "Feature", "properties": { "Month": "February", "Day": 17, "Year": 1944, "Name of Vessel": "FUJISAN MARU", "Type of Vessel": "Tanker", "Standard T": "9524", "Latitude": "7-23N", "Longitude": "151-53E", "Flag of Aggressor": "United States", "Type of Aggression": "Navy Carrier-Based Aircraft", "Assessment": "Sunk" }, "geometry": { "type": "Point", "coordinates": [ 151.883333333333326, 7.383333333333334 ] } },
{ "type": "Feature", "properties": { "Month": "February", "Day": 17, "Year": 1944, "Name of Vessel": "GOSEI MARU", "Type of Vessel": "Cargo", "Standard T": "1931", "Latitude": "7-18N", "Longitude": "151-53E", "Flag of Aggressor": "United States", "Type of Aggression": "Navy Carrier-Based Aircraft", "Assessment": "Sunk" }, "geometry": { "type": "Point", "coordinates": [ 151.883333333333326, 7.3 ] } },
{ "type": "Feature", "properties": { "Month": "February", "Day": 17, "Year": 1944, "Name of Vessel": "HANAGAWA MARU", "Type of Vessel": "Tanker", "Standard T": "4739", "Latitude": "7-25N", "Longitude": "151-45E", "Flag of Aggressor": "United States", "Type of Aggression": "Navy Carrier-Based Aircraft", "Assessment": "Sunk" }, "geometry": { "type": "Point", "coordinates": [ 151.75, 7.416666666666667 ] } },
{ "type": "Feature", "properties": { "Month": "February", "Day": 17, "Year": 1944, "Name of Vessel": "HEIAN MARU", "Type of Vessel": "Converted Submarine Tender", "Standard T": "11614", "Latitude": "7-23N", "Longitude": "151-51E", "Flag of Aggressor": "United States", "Type of Aggression": "Navy Carrier-Based Aircraft", "Assessment": "Sunk" }, "geometry": { "type": "Point", "coordinates": [ 151.85, 7.383333333333334 ] } },
{ "type": "Feature", "properties": { "Month": "February", "Day": 17, "Year": 1944, "Name of Vessel": "HOKI MARU", "Type of Vessel": "Cargo", "Standard T": "7112", "Latitude": "7-22N", "Longitude": "151-45E", "Flag of Aggressor": "United States", "Type of Aggression": "Navy Carrier-Based Aircraft", "Assessment": "Sunk" }, "geometry": { "type": "Point", "coordinates": [ 151.75, 7.366666666666666 ] } },
{ "type": "Feature", "properties": { "Month": "February", "Day": 17, "Year": 1944, "Name of Vessel": "HOKUYO MARU", "Type of Vessel": "Passenger-Cargo", "Standard T": "4216", "Latitude": "7-18N", "Longitude": "151-53E", "Flag of Aggressor": "United States", "Type of Aggression": "Navy Carrier-Based Aircraft", "Assessment": "Sunk" }, "geometry": { "type": "Point", "coordinates": [ 151.883333333333326, 7.3 ] } },
{ "type": "Feature", "properties": { "Month": "February", "Day": 17, "Year": 1944, "Name of Vessel": "HOYO MARU", "Type of Vessel": "Tanker", "Standard T": "8691", "Latitude": "7-23N", "Longitude": "151-50E", "Flag of Aggressor": "United States", "Type of Aggression": "Navy Carrier-Based Aircraft", "Assessment": "Sunk" }, "geometry": { "type": "Point", "coordinates": [ 151.833333333333343, 7.383333333333334 ] } },
{ "type": "Feature", "properties": { "Month": "February", "Day": 17, "Year": 1944, "Name of Vessel": "KENSHO MARU", "Type of Vessel": "Passenger-Cargo", "Standard T": "4862", "Latitude": "7-18N", "Longitude": "151-53E", "Flag of Aggressor": "United States", "Type of Aggression": "Navy Carrier-Based Aircraft", "Assessment": "Sunk" }, "geometry": { "type": "Point", "coordinates": [ 151.883333333333326, 7.3 ] } },
{ "type": "Feature", "properties": { "Month": "February", "Day": 17, "Year": 1944, "Name of Vessel": "KIYOSUMI MARU", "Type of Vessel": "Converted Light Cruiser", "Standard T": "8613", "Latitude": "7-23N", "Longitude": "151-53E", "Flag of Aggressor": "United States", "Type of Aggression": "Navy Carrier-Based Aircraft", "Assessment": "Sunk" }, "geometry": { "type": "Point", "coordinates": [ 151.883333333333326, 7.383333333333334 ] } },
{ "type": "Feature", "properties": { "Month": "February", "Day": 17, "Year": 1944, "Name of Vessel": "REIYO MARU", "Type of Vessel": "Cargo", "Standard T": "5445", "Latitude": "7-25N", "Longitude": "151-45E", "Flag of Aggressor": "United States", "Type of Aggression": "Navy Carrier-Based Aircraft", "Assessment": "Sunk" }, "geometry": { "type": "Point", "coordinates": [ 151.75, 7.416666666666667 ] } },
{ "type": "Feature", "properties": { "Month": "February", "Day": 17, "Year": 1944, "Name of Vessel": "RIO DE JANEIRO MARU", "Type of Vessel": "Converted Submarine Tender", "Standard T": "9626", "Latitude": "7-20N", "Longitude": "151-53E", "Flag of Aggressor": "United States", "Type of Aggression": "Navy Carrier-Based Aircraft", "Assessment": "Sunk" }, "geometry": { "type": "Point", "coordinates": [ 151.883333333333326, 7.333333333333333 ] } },
{ "type": "Feature", "properties": { "Month": "February", "Day": 17, "Year": 1944, "Name of Vessel": "SAN FRANCISCO MARU", "Type of Vessel": "Passenger-Cargo", "Standard T": "5831", "Latitude": "7-22N", "Longitude": "151-54E", "Flag of Aggressor": "United States", "Type of Aggression": "Navy Carrier-Based Aircraft", "Assessment": "Sunk" }, "geometry": { "type": "Point", "coordinates": [ 151.9, 7.366666666666666 ] } },
{ "type": "Feature", "properties": { "Month": "February", "Day": 17, "Year": 1944, "Name of Vessel": "SANKISAN MARU", "Type of Vessel": "Cargo", "Standard T": "4776", "Latitude": "7-25N", "Longitude": "151-45E", "Flag of Aggressor": "United States", "Type of Aggression": "Navy Carrier-Based Aircraft", "Assessment": "Sunk" }, "geometry": { "type": "Point", "coordinates": [ 151.75, 7.416666666666667 ] } },
{ "type": "Feature", "properties": { "Month": "February", "Day": 17, "Year": 1944, "Name of Vessel": "SEIKO MARU", "Type of Vessel": "Cargo", "Standard T": "5385", "Latitude": "7-22N", "Longitude": "151-45E", "Flag of Aggressor": "United States", "Type of Aggression": "Navy Carrier-Based Aircraft", "Assessment": "Sunk" }, "geometry": { "type": "Point", "coordinates": [ 151.75, 7.366666666666666 ] } },
{ "type": "Feature", "properties": { "Month": "February", "Day": 17, "Year": 1944, "Name of Vessel": "MOMOGAWA MARU", "Type of Vessel": "Passenger-Cargo", "Standard T": "3829", "Latitude": "7-20N", "Longitude": "151-53E", "Flag of Aggressor": "United States", "Type of Aggression": "Navy Carrier-Based Aircraft", "Assessment": "Sunk" }, "geometry": { "type": "Point", "coordinates": [ 151.883333333333326, 7.333333333333333 ] } },
{ "type": "Feature", "properties": { "Month": "February", "Day": 17, "Year": 1944, "Name of Vessel": "NAGANO MARU", "Type of Vessel": "Passenger-Cargo", "Standard T": "3824", "Latitude": "7-25N", "Longitude": "151-45E", "Flag of Aggressor": "United States", "Type of Aggression": "Navy Carrier-Based Aircraft", "Assessment": "Sunk" }, "geometry": { "type": "Point", "coordinates": [ 151.75, 7.416666666666667 ] } },
{ "type": "Feature", "properties": { "Month": "February", "Day": 17, "Year": 1944, "Name of Vessel": "NIPPO MARU", "Type of Vessel": "Converted Water Carrier", "Standard T": "3763", "Latitude": "7-18N", "Longitude": "151-53E", "Flag of Aggressor": "United States", "Type of Aggression": "Navy Carrier-Based Aircraft", "Assessment": "Sunk" }, "geometry": { "type": "Point", "coordinates": [ 151.883333333333326, 7.3 ] } },
{ "type": "Feature", "properties": { "Month": "February", "Day": 17, "Year": 1944, "Name of Vessel": "MATSUTAN MARU", "Type of Vessel": "Cargo", "Standard T": "1999", "Latitude": "7-23N", "Longitude": "151-05E", "Flag of Aggressor": "United States", "Type of Aggression": "Navy Carrier-Based Aircraft", "Assessment": "Sunk" }, "geometry": { "type": "Point", "coordinates": [ 151.083333333333343, 7.383333333333334 ] } },
{ "type": "Feature", "properties": { "Month": "February", "Day": 17, "Year": 1944, "Name of Vessel": "TONAN MARU NO3", "Type of Vessel": "Tanker", "Standard T": "19209", "Latitude": "7-23N", "Longitude": "151-51E", "Flag of Aggressor": "United States", "Type of Aggression": "Navy Carrier-Based Aircraft", "Assessment": "Sunk" }, "geometry": { "type": "Point", "coordinates": [ 151.85, 7.383333333333334 ] } },
{ "type": "Feature", "properties": { "Month": "February", "Day": 17, "Year": 1944, "Name of Vessel": "UNKAI MARU NO6", "Type of Vessel": "Cargo", "Standard T": "3220", "Latitude": "7-25N", "Longitude": "151-45E", "Flag of Aggressor": "United States", "Type of Aggression": "Navy Carrier-Based Aircraft", "Assessment": "Sunk" }, "geometry": { "type": "Point", "coordinates": [ 151.75, 7.416666666666667 ] } },
{ "type": "Feature", "properties": { "Month": "February", "Day": 17, "Year": 1944, "Name of Vessel": "YAMAGIRI MARU", "Type of Vessel": "Passenger-Cargo", "Standard T": "6438", "Latitude": "7-23N", "Longitude": "151-51E", "Flag of Aggressor": "United States", "Type of Aggression": "Navy Carrier-Based Aircraft", "Assessment": "Sunk" }, "geometry": { "type": "Point", "coordinates": [ 151.85, 7.383333333333334 ] } },
{ "type": "Feature", "properties": { "Month": "February", "Day": 17, "Year": 1944, "Name of Vessel": "YUBAE MARU", "Type of Vessel": "Cargo", "Standard T": "3217", "Latitude": "7-18N", "Longitude": "151-53E", "Flag of Aggressor": "United States", "Type of Aggression": "Navy Carrier-Based Aircraft", "Assessment": "Sunk" }, "geometry": { "type": "Point", "coordinates": [ 151.883333333333326, 7.3 ] } },
{ "type": "Feature", "properties": { "Month": "February", "Day": 17, "Year": 1944, "Name of Vessel": "ZUIKAI MARU", "Type of Vessel": "Cargo", "Standard T": "2827", "Latitude": "7-46N", "Longitude": "150-27E", "Flag of Aggressor": "United States", "Type of Aggression": "Navy Carrier-Based Aircraft", "Assessment": "Sunk" }, "geometry": { "type": "Point", "coordinates": [ 150.45, 7.766666666666667 ] } },
{ "type": "Feature", "properties": { "Month": "February", "Day": 17, "Year": 1944, "Name of Vessel": "TATSUHA MARU", "Type of Vessel": "Passenger-Cargo", "Standard T": "5784", "Latitude": "7-46N", "Longitude": "150-27E", "Flag of Aggressor": "United States", "Type of Aggression": "Navy Carrier-Based Aircraft", "Assessment": "Sunk" }, "geometry": { "type": "Point", "coordinates": [ 150.45, 7.766666666666667 ] } },
{ "type": "Feature", "properties": { "Month": "February", "Day": 17, "Year": 1944, "Name of Vessel": "SHINKOKU MARU", "Type of Vessel": "Tanker", "Standard T": "10020", "Latitude": "7-20N", "Longitude": "151-40E", "Flag of Aggressor": "United States", "Type of Aggression": "Navy Carrier-Based Aircraft", "Assessment": "Sunk" }, "geometry": { "type": "Point", "coordinates": [ 151.666666666666657, 7.333333333333333 ] } },
{ "type": "Feature", "properties": { "Month": "February", "Day": 17, "Year": 1944, "Name of Vessel": "TAIHO MARU", "Type of Vessel": "Cargo", "Standard T": "2829", "Latitude": "7-22N", "Longitude": "151-54E", "Flag of Aggressor": "United States", "Type of Aggression": "Navy Carrier-Based Aircraft", "Assessment": "Sunk" }, "geometry": { "type": "Point", "coordinates": [ 151.9, 7.366666666666666 ] } },
{ "type": "Feature", "properties": { "Month": "February", "Day": 17, "Year": 1944, "Name of Vessel": "NICHIRO MARU", "Type of Vessel": "Passenger-Cargo", "Standard T": "6534", "Latitude": "8-50N", "Longitude": "135-57E", "Flag of Aggressor": "United States", "Type of Aggression": "Submarine", "Assessment": "Sunk" }, "geometry": { "type": "Point", "coordinates": [ 135.95, 8.833333333333334 ] } },
{ "type": "Feature", "properties": { "Month": "February", "Day": 17, "Year": 1944, "Name of Vessel": "GYOTEN MARU", "Type of Vessel": "Cargo", "Standard T": "6854", "Latitude": "8-04N", "Longitude": "149-28E", "Flag of Aggressor": "United States", "Type of Aggression": "Submarine", "Assessment": "Sunk" }, "geometry": { "type": "Point", "coordinates": [ 149.466666666666669, 8.066666666666666 ] } },
{ "type": "Feature", "properties": { "Month": "February", "Day": 18, "Year": 1944, "Name of Vessel": "SHINSOKU MARU", "Type of Vessel": "Cargo", "Standard T": "3202", "Latitude": "28-21N", "Longitude": "121-51E", "Flag of Aggressor": "United States", "Type of Aggression": "Army Aircraft", "Assessment": "Sunk" }, "geometry": { "type": "Point", "coordinates": [ 121.85, 28.35 ] } },
{ "type": "Feature", "properties": { "Month": "February", "Day": 19, "Year": 1944, "Name of Vessel": "TATSUKIKU MARU", "Type of Vessel": "Cargo", "Standard T": "892", "Latitude": "2-50S", "Longitude": "150-42E", "Flag of Aggressor": "United States", "Type of Aggression": "Army Aircraft", "Assessment": "Sunk" }, "geometry": { "type": "Point", "coordinates": [ 150.7, -2.833333333333333 ] } },
{ "type": "Feature", "properties": { "Month": "February", "Day": 19, "Year": 1944, "Name of Vessel": "SHINTO MARU NO1", "Type of Vessel": "Cargo", "Standard T": "1934", "Latitude": "2-50S", "Longitude": "150-42E", "Flag of Aggressor": "United States", "Type of Aggression": "Army Aircraft", "Assessment": "Sunk" }, "geometry": { "type": "Point", "coordinates": [ 150.7, -2.833333333333333 ] } },
{ "type": "Feature", "properties": { "Month": "February", "Day": 19, "Year": 1944, "Name of Vessel": "TAIRYU MARU", "Type of Vessel": "Cargo", "Standard T": "4994", "Latitude": "25-25N", "Longitude": "121-30E", "Flag of Aggressor": "United States", "Type of Aggression": "Army Aircraft", "Assessment": "Sunk" }, "geometry": { "type": "Point", "coordinates": [ 121.5, 25.416666666666668 ] } },
{ "type": "Feature", "properties": { "Month": "February", "Day": 19, "Year": 1944, "Name of Vessel": "KOKUEI MARU", "Type of Vessel": "Tanker", "Standard T": "5154", "Latitude": "14-34N", "Longitude": "114-11E", "Flag of Aggressor": "United States", "Type of Aggression": "Submarine", "Assessment": "Sunk" }, "geometry": { "type": "Point", "coordinates": [ 114.183333333333337, 14.566666666666666 ] } },
{ "type": "Feature", "properties": { "Month": "February", "Day": 19, "Year": 1944, "Name of Vessel": "NANEI MARU", "Type of Vessel": "Tanker", "Standard T": "5019", "Latitude": "14-34N", "Longitude": "114-11E", "Flag of Aggressor": "United States", "Type of Aggression": "Submarine", "Assessment": "Sunk" }, "geometry": { "type": "Point", "coordinates": [ 114.183333333333337, 14.566666666666666 ] } },
{ "type": "Feature", "properties": { "Month": "February", "Day": 19, "Year": 1944, "Name of Vessel": "NICHIRIN MARU", "Type of Vessel": "Tanker", "Standard T": "5162", "Latitude": "15-45N", "Longitude": "115-39E", "Flag of Aggressor": "United States", "Type of Aggression": "Submarine", "Assessment": "Sunk" }, "geometry": { "type": "Point", "coordinates": [ 115.65, 15.75 ] } },
{ "type": "Feature", "properties": { "Month": "February", "Day": 19, "Year": 1944, "Name of Vessel": "ICHIYO MARU", "Type of Vessel": "Tanker", "Standard T": "5106", "Latitude": "15-40N", "Longitude": "115-48E", "Flag of Aggressor": "United States", "Type of Aggression": "Submarine", "Assessment": "Sunk" }, "geometry": { "type": "Point", "coordinates": [ 115.8, 15.666666666666666 ] } },
{ "type": "Feature", "properties": { "Month": "February", "Day": 19, "Year": 1944, "Name of Vessel": "TAIKEI MARU", "Type of Vessel": "Cargo", "Standard T": "4739", "Latitude": "21-48N", "Longitude": "119-50E", "Flag of Aggressor": "United States", "Type of Aggression": "Submarine*", "Assessment": "Sunk" }, "geometry": { "type": "Point", "coordinates": [ 119.833333333333329, 21.8 ] } },
{ "type": "Feature", "properties": { "Month": "February", "Day": 19, "Year": 1944, "Name of Vessel": "TOSHIN MARU", "Type of Vessel": "Cargo", "Standard T": "1917", "Latitude": "21-46N", "Longitude": "120-06E", "Flag of Aggressor": "United States", "Type of Aggression": "Submarine*", "Assessment": "Sunk" }, "geometry": { "type": "Point", "coordinates": [ 120.1, 21.766666666666666 ] } },
{ "type": "Feature", "properties": { "Month": "February", "Day": 20, "Year": 1944, "Name of Vessel": "TAIJIN MARU", "Type of Vessel": "Cargo", "Standard T": "5154", "Latitude": "24-12N", "Longitude": "123-20E", "Flag of Aggressor": "United States", "Type of Aggression": "Submarine", "Assessment": "Sunk" }, "geometry": { "type": "Point", "coordinates": [ 123.333333333333329, 24.2 ] } },
{ "type": "Feature", "properties": { "Month": "February", "Day": 20, "Year": 1944, "Name of Vessel": "MANYO MARU", "Type of Vessel": "Cargo", "Standard T": "3610", "Latitude": "24-28N", "Longitude": "123-31E", "Flag of Aggressor": "United States", "Type of Aggression": "Submarine", "Assessment": "Sunk" }, "geometry": { "type": "Point", "coordinates": [ 123.516666666666666, 24.466666666666665 ] } },
{ "type": "Feature", "properties": { "Month": "February", "Day": 21, "Year": 1944, "Name of Vessel": "DAIGEN MARU NO6", "Type of Vessel": "Cargo", "Standard T": "510", "Latitude": "3-15N", "Longitude": "100-40E", "Flag of Aggressor": "Great Britain", "Type of Aggression": "Submarine", "Assessment": "Sunk" }, "geometry": { "type": "Point", "coordinates": [ 100.666666666666671, 3.25 ] } },
{ "type": "Feature", "properties": { "Month": "February", "Day": 21, "Year": 1944, "Name of Vessel": "KOKAI MARU", "Type of Vessel": "Cargo", "Standard T": "3871", "Latitude": "2-30S", "Longitude": "150-15E", "Flag of Aggressor": "United States", "Type of Aggression": "Army Aircraft", "Assessment": "Sunk" }, "geometry": { "type": "Point", "coordinates": [ 150.25, -2.5 ] } },
{ "type": "Feature", "properties": { "Month": "February", "Day": 21, "Year": 1944, "Name of Vessel": "KOWA MARU", "Type of Vessel": "Cargo", "Standard T": "1106", "Latitude": "2-30S", "Longitude": "150-15E", "Flag of Aggressor": "United States", "Type of Aggression": "Army Aircraft", "Assessment": "Sunk" }, "geometry": { "type": "Point", "coordinates": [ 150.25, -2.5 ] } },
{ "type": "Feature", "properties": { "Month": "February", "Day": 22, "Year": 1944, "Name of Vessel": "KYOSEI MARU", "Type of Vessel": "Cargo", "Standard T": "556", "Latitude": "2-00S", "Longitude": "149-50E", "Flag of Aggressor": "United States", "Type of Aggression": "Surface Craft", "Assessment": "Sunk" }, "geometry": { "type": "Point", "coordinates": [ 149.833333333333343, -2.0 ] } },
{ "type": "Feature", "properties": { "Month": "February", "Day": 22, "Year": 1944, "Name of Vessel": "TEIKO MARU", "Type of Vessel": "Transport", "Standard T": "15105", "Latitude": "3-03N", "Longitude": "109-16E", "Flag of Aggressor": "United States", "Type of Aggression": "Submarine", "Assessment": "Sunk" }, "geometry": { "type": "Point", "coordinates": [ 109.266666666666666, 3.05 ] } },
{ "type": "Feature", "properties": { "Month": "February", "Day": 22, "Year": 1944, "Name of Vessel": "FUKUYAMAMARU", "Type of Vessel": "Passenger-Cargo", "Standard T": "3581", "Latitude": "14-47N", "Longitude": "144-50E", "Flag of Aggressor": "United States", "Type of Aggression": "Submarine", "Assessment": "Sunk" }, "geometry": { "type": "Point", "coordinates": [ 144.833333333333343, 14.783333333333333 ] } },
{ "type": "Feature", "properties": { "Month": "February", "Day": 22, "Year": 1944, "Name of Vessel": "TAISHO MARU", "Type of Vessel": "Cargo", "Standard T": "4815", "Latitude": "4-10S", "Longitude": "152-18E", "Flag of Aggressor": "United States", "Type of Aggression": "Navy Carrier-Based Aircraft", "Assessment": "Sunk" }, "geometry": { "type": "Point", "coordinates": [ 152.3, -4.166666666666667 ] } },
{ "type": "Feature", "properties": { "Month": "February", "Day": 23, "Year": 1944, "Name of Vessel": "SEIZAN MARU", "Type of Vessel": "Passenger-Cargo", "Standard T": "4232", "Latitude": "15-00N", "Longitude": "145-30E", "Flag of Aggressor": "United States", "Type of Aggression": "Navy Carrier-Based Aircraft", "Assessment": "Sunk" }, "geometry": { "type": "Point", "coordinates": [ 145.5, 15.0 ] } },
{ "type": "Feature", "properties": { "Month": "February", "Day": 23, "Year": 1944, "Name of Vessel": "KIMISHIMA MARU", "Type of Vessel": "Cargo", "Standard T": "5193", "Latitude": "30-30N", "Longitude": "140-20E", "Flag of Aggressor": "United States", "Type of Aggression": "Submarine", "Assessment": "Sunk" }, "geometry": { "type": "Point", "coordinates": [ 140.333333333333343, 30.5 ] } },
{ "type": "Feature", "properties": { "Month": "February", "Day": 23, "Year": 1944, "Name of Vessel": "HOREI MARU", "Type of Vessel": "Cargo", "Standard T": "5588", "Latitude": "26-22N", "Longitude": "126-15E", "Flag of Aggressor": "United States", "Type of Aggression": "Submarine", "Assessment": "Sunk" }, "geometry": { "type": "Point", "coordinates": [ 126.25, 26.366666666666667 ] } },
{ "type": "Feature", "properties": { "Month": "February", "Day": 23, "Year": 1944, "Name of Vessel": "KOYO MARU", "Type of Vessel": "Passenger-Cargo", "Standard T": "5471", "Latitude": "28-58N", "Longitude": "141-15E", "Flag of Aggressor": "United States", "Type of Aggression": "Submarine", "Assessment": "Sunk" }, "geometry": { "type": "Point", "coordinates": [ 141.25, 28.966666666666665 ] } },
{ "type": "Feature", "properties": { "Month": "February", "Day": 23, "Year": 1944, "Name of Vessel": "SHINYUBARI MARU", "Type of Vessel": "Cargo", "Standard T": "5354", "Latitude": "15-17N", "Longitude": "145-03E", "Flag of Aggressor": "United States", "Type of Aggression": "Submarine", "Assessment": "Sunk" }, "geometry": { "type": "Point", "coordinates": [ 145.05, 15.283333333333333 ] } },
{ "type": "Feature", "properties": { "Month": "February", "Day": 23, "Year": 1944, "Name of Vessel": "KUNISHIMA MARU", "Type of Vessel": "Cargo", "Standard T": "4083", "Latitude": "15-23N", "Longitude": "145-02E", "Flag of Aggressor": "United States", "Type of Aggression": "Submarine", "Assessment": "Sunk" }, "geometry": { "type": "Point", "coordinates": [ 145.033333333333331, 15.383333333333333 ] } },
{ "type": "Feature", "properties": { "Month": "February", "Day": 23, "Year": 1944, "Name of Vessel": "YAMASHIMO MARU", "Type of Vessel": "Cargo", "Standard T": "6776", "Latitude": "14-45N", "Longitude": "144-32E", "Flag of Aggressor": "United States", "Type of Aggression": "Submarine", "Assessment": "Sunk" }, "geometry": { "type": "Point", "coordinates": [ 144.533333333333331, 14.75 ] } },
{ "type": "Feature", "properties": { "Month": "February", "Day": 23, "Year": 1944, "Name of Vessel": "OGURA MARU NO3", "Type of Vessel": "Tanker", "Standard T": "7350", "Latitude": "3-53N", "Longitude": "129-17E", "Flag of Aggressor": "United States", "Type of Aggression": "Submarine", "Assessment": "Sunk" }, "geometry": { "type": "Point", "coordinates": [ 129.283333333333331, 3.883333333333333 ] } },
{ "type": "Feature", "properties": { "Month": "February", "Day": 23, "Year": 1944, "Name of Vessel": "NIKKI MARU", "Type of Vessel": "Passenger-Cargo", "Standard T": "5857", "Latitude": "00-07N", "Longitude": "135-42E", "Flag of Aggressor": "United States", "Type of Aggression": "Submarine", "Assessment": "Sunk" }, "geometry": { "type": "Point", "coordinates": [ 135.7, 0.116666666666667 ] } },
{ "type": "Feature", "properties": { "Month": "February", "Day": 24, "Year": 1944, "Name of Vessel": "SHUNSAN MARU NO2", "Type of Vessel": "Cargo", "Standard T": "608", "Latitude": "5-20N", "Longitude": "162-58E", "Flag of Aggressor": "United States", "Type of Aggression": "Navy Land-Based Aircraft", "Assessment": "Sunk" }, "geometry": { "type": "Point", "coordinates": [ 162.966666666666669, 5.333333333333333 ] } },
{ "type": "Feature", "properties": { "Month": "February", "Day": 24, "Year": 1944, "Name of Vessel": "NAMPO MARU", "Type of Vessel": "Tanker", "Standard T": "10033", "Latitude": "24-20N", "Longitude": "122-25E", "Flag of Aggressor": "United States", "Type of Aggression": "Submarine", "Assessment": "Sunk" }, "geometry": { "type": "Point", "coordinates": [ 122.416666666666671, 24.333333333333332 ] } },
{ "type": "Feature", "properties": { "Month": "February", "Day": 24, "Year": 1944, "Name of Vessel": "ECHIZEN MARU", "Type of Vessel": "Cargo", "Standard T": "2424", "Latitude": "15-16N", "Longitude": "143-12E", "Flag of Aggressor": "United States", "Type of Aggression": "Submarine", "Assessment": "Sunk" }, "geometry": { "type": "Point", "coordinates": [ 143.2, 15.266666666666667 ] } },
{ "type": "Feature", "properties": { "Month": "February", "Day": 25, "Year": 1944, "Name of Vessel": "TANGO MARU", "Type of Vessel": "Cargo", "Standard T": "6200", "Latitude": "7-46S", "Longitude": "115-09E", "Flag of Aggressor": "United States", "Type of Aggression": "Submarine", "Assessment": "Sunk" }, "geometry": { "type": "Point", "coordinates": [ 115.15, -7.766666666666667 ] } },
{ "type": "Feature", "properties": { "Month": "February", "Day": 25, "Year": 1944, "Name of Vessel": "RYUSEI MARU", "Type of Vessel": "Passenger-Cargo", "Standard T": "4797", "Latitude": "7-56S", "Longitude": "115-14E", "Flag of Aggressor": "United States", "Type of Aggression": "Submarine", "Assessment": "Sunk" }, "geometry": { "type": "Point", "coordinates": [ 115.233333333333334, -7.933333333333334 ] } },
{ "type": "Feature", "properties": { "Month": "February", "Day": 25, "Year": 1944, "Name of Vessel": "CHOKO MARU", "Type of Vessel": "Cargo", "Standard T": "1794", "Latitude": "15-50N", "Longitude": "144-21E", "Flag of Aggressor": "United States", "Type of Aggression": "Submarine", "Assessment": "Sunk" }, "geometry": { "type": "Point", "coordinates": [ 144.35, 15.833333333333334 ] } },
{ "type": "Feature", "properties": { "Month": "February", "Day": 25, "Year": 1944, "Name of Vessel": "NISSHO MARU", "Type of Vessel": "Tanker", "Standard T": "10526", "Latitude": "5-55N", "Longitude": "126-05E", "Flag of Aggressor": "United States", "Type of Aggression": "Submarine", "Assessment": "Sunk" }, "geometry": { "type": "Point", "coordinates": [ 126.083333333333329, 5.916666666666667 ] } },
{ "type": "Feature", "properties": { "Month": "February", "Day": 26, "Year": 1944, "Name of Vessel": "DAIGEN MARU NO3", "Type of Vessel": "Passenger-Cargo", "Standard T": "5256", "Latitude": "00-55S", "Longitude": "139-02E", "Flag of Aggressor": "United States", "Type of Aggression": "Submarine", "Assessment": "Sunk" }, "geometry": { "type": "Point", "coordinates": [ 139.033333333333331, -0.916666666666667 ] } },
{ "type": "Feature", "properties": { "Month": "February", "Day": 27, "Year": 1944, "Name of Vessel": "TAISOKU MARU", "Type of Vessel": "Cargo", "Standard T": "2473", "Latitude": "1-48N", "Longitude": "127-32E", "Flag of Aggressor": "United States", "Type of Aggression": "Submarine", "Assessment": "Sunk" }, "geometry": { "type": "Point", "coordinates": [ 127.533333333333331, 1.8 ] } },
{ "type": "Feature", "properties": { "Month": "February", "Day": 27, "Year": 1944, "Name of Vessel": "CEYLON MARU", "Type of Vessel": "Cargo", "Standard T": "4905", "Latitude": "31-50N", "Longitude": "127-45E", "Flag of Aggressor": "United States", "Type of Aggression": "Submarine*", "Assessment": "Sunk" }, "geometry": { "type": "Point", "coordinates": [ 127.75, 31.833333333333332 ] } },
{ "type": "Feature", "properties": { "Month": "February", "Day": 28, "Year": 1944, "Name of Vessel": "AKIURA MARU", "Type of Vessel": "Passenger-Cargo", "Standard T": "6803", "Latitude": "00-06N", "Longitude": "132-53E", "Flag of Aggressor": "United States", "Type of Aggression": "Submarine", "Assessment": "Sunk" }, "geometry": { "type": "Point", "coordinates": [ 132.883333333333326, 0.1 ] } },
{ "type": "Feature", "properties": { "Month": "February", "Day": 28, "Year": 1944, "Name of Vessel": "KAIKO MARU", "Type of Vessel": "Cargo", "Standard T": "3548", "Latitude": "50-02N", "Longitude": "155-30E", "Flag of Aggressor": "United States", "Type of Aggression": "Submarine", "Assessment": "Sunk" }, "geometry": { "type": "Point", "coordinates": [ 155.5, 50.033333333333331 ] } },
{ "type": "Feature", "properties": { "Month": "February", "Day": 28, "Year": 1944, "Name of Vessel": "SHOHO MARU", "Type of Vessel": "Cargo", "Standard T": "2723", "Latitude": "00-06N", "Longitude": "132-53E", "Flag of Aggressor": "United States", "Type of Aggression": "Submarine", "Assessment": "Sunk" }, "geometry": { "type": "Point", "coordinates": [ 132.883333333333326, 0.1 ] } },
{ "type": "Feature", "properties": { "Month": "February", "Day": 29, "Year": 1944, "Name of Vessel": "UCHIDE MARU", "Type of Vessel": "Passenger-Cargo", "Standard T": "5275", "Latitude": "8-57N", "Longitude": "132-52E", "Flag of Aggressor": "United States", "Type of Aggression": "Submarine", "Assessment": "Sunk" }, "geometry": { "type": "Point", "coordinates": [ 132.866666666666674, 8.95 ] } },
{ "type": "Feature", "properties": { "Month": "February", "Day": 29, "Year": 1944, "Name of Vessel": "SAKITO MARU", "Type of Vessel": "Passenger-Cargo", "Standard T": "7126", "Latitude": "22-40N", "Longitude": "131-50E", "Flag of Aggressor": "United States", "Type of Aggression": "Submarine", "Assessment": "Sunk" }, "geometry": { "type": "Point", "coordinates": [ 131.833333333333343, 22.666666666666668 ] } },
{ "type": "Feature", "properties": { "Month": "March", "Day": 2, "Year": 1944, "Name of Vessel": "SHINKYO MARU", "Type of Vessel": "Converted Gunboat", "Standard T": "2672", "Latitude": "6-25N", "Longitude": "148-31E", "Flag of Aggressor": "United States", "Type of Aggression": "Submarine", "Assessment": "Sunk" }, "geometry": { "type": "Point", "coordinates": [ 148.51666666666668, 6.416666666666667 ] } },
{ "type": "Feature", "properties": { "Month": "March", "Day": 3, "Year": 1944, "Name of Vessel": "NITTAI MARU", "Type of Vessel": "Cargo", "Standard T": "6484", "Latitude": "3-17N", "Longitude": "123-55E", "Flag of Aggressor": "United States", "Type of Aggression": "Submarine", "Assessment": "Sunk" }, "geometry": { "type": "Point", "coordinates": [ 123.916666666666671, 3.283333333333333 ] } },
{ "type": "Feature", "properties": { "Month": "March", "Day": 3, "Year": 1944, "Name of Vessel": "AKASHISAN MARU", "Type of Vessel": "Cargo", "Standard T": "4541", "Latitude": "45-52N", "Longitude": "149-16E", "Flag of Aggressor": "United States", "Type of Aggression": "Submarine", "Assessment": "Sunk" }, "geometry": { "type": "Point", "coordinates": [ 149.26666666666668, 45.866666666666667 ] } },
{ "type": "Feature", "properties": { "Month": "March", "Day": 4, "Year": 1944, "Name of Vessel": "KAYO MARU", "Type of Vessel": "Passenger-Cargo", "Standard T": "4368", "Latitude": "1-28S", "Longitude": "138-40E", "Flag of Aggressor": "United States", "Type of Aggression": "Submarine", "Assessment": "Sunk" }, "geometry": { "type": "Point", "coordinates": [ 138.666666666666657, -1.466666666666667 ] } },
{ "type": "Feature", "properties": { "Month": "March", "Day": 4, "Year": 1944, "Name of Vessel": "OMINESAN MARU", "Type of Vessel": "Tanker", "Standard T": "10536", "Latitude": "5-32N", "Longitude": "109-09E", "Flag of Aggressor": "United States", "Type of Aggression": "Submarine", "Assessment": "Sunk" }, "geometry": { "type": "Point", "coordinates": [ 109.15, 5.533333333333333 ] } },
{ "type": "Feature", "properties": { "Month": "March", "Day": 6, "Year": 1944, "Name of Vessel": "AMERICA MARU", "Type of Vessel": "Transport", "Standard T": "6070", "Latitude": "21-50N", "Longitude": "143-54E", "Flag of Aggressor": "United States", "Type of Aggression": "Submarine", "Assessment": "Sunk" }, "geometry": { "type": "Point", "coordinates": [ 143.9, 21.833333333333332 ] } },
{ "type": "Feature", "properties": { "Month": "March", "Day": 8, "Year": 1944, "Name of Vessel": "SHOBU MARU", "Type of Vessel": "Cargo", "Standard T": "1950", "Latitude": "3-38N", "Longitude": "99-12E", "Flag of Aggressor": "Great Britain", "Type of Aggression": "Submarine", "Assessment": "Sunk" }, "geometry": { "type": "Point", "coordinates": [ 99.2, 3.633333333333333 ] } },
{ "type": "Feature", "properties": { "Month": "March", "Day": 8, "Year": 1944, "Name of Vessel": "JUYO MARU", "Type of Vessel": "Cargo", "Standard T": "5457", "Latitude": "13-10N", "Longitude": "100-50E", "Flag of Aggressor": "United States", "Type of Aggression": "Army Mine", "Assessment": "Sunk" }, "geometry": { "type": "Point", "coordinates": [ 100.833333333333329, 13.166666666666666 ] } },
{ "type": "Feature", "properties": { "Month": "March", "Day": 8, "Year": 1944, "Name of Vessel": "TOYOKUNI MARU", "Type of Vessel": "Cargo", "Standard T": "5792", "Latitude": "19-23N", "Longitude": "116-13E", "Flag of Aggressor": "United States", "Type of Aggression": "Submarine", "Assessment": "Sunk" }, "geometry": { "type": "Point", "coordinates": [ 116.216666666666669, 19.383333333333333 ] } },
{ "type": "Feature", "properties": { "Month": "March", "Day": 9, "Year": 1944, "Name of Vessel": "NICHIREI MARU", "Type of Vessel": "Cargo", "Standard T": "5396", "Latitude": "19-47N", "Longitude": "116-13E", "Flag of Aggressor": "United States", "Type of Aggression": "Submarine", "Assessment": "Sunk" }, "geometry": { "type": "Point", "coordinates": [ 116.216666666666669, 19.783333333333335 ] } },
{ "type": "Feature", "properties": { "Month": "March", "Day": 10, "Year": 1944, "Name of Vessel": "HASSHU MARU", "Type of Vessel": "Cargo", "Standard T": "2655", "Latitude": "2-33S", "Longitude": "140-43E", "Flag of Aggressor": "United States", "Type of Aggression": "Navy Land-Based Aircraft", "Assessment": "Sunk" }, "geometry": { "type": "Point", "coordinates": [ 140.716666666666669, -2.55 ] } },
{ "type": "Feature", "properties": { "Month": "March", "Day": 10, "Year": 1944, "Name of Vessel": "TSUKIKAWA MARU", "Type of Vessel": "Cargo", "Standard T": "4470", "Latitude": "1-30S", "Longitude": "128-17E", "Flag of Aggressor": "United States", "Type of Aggression": "Submarine", "Assessment": "Sunk" }, "geometry": { "type": "Point", "coordinates": [ 128.283333333333331, -1.5 ] } },
{ "type": "Feature", "properties": { "Month": "March", "Day": 12, "Year": 1944, "Name of Vessel": "OKINOYAMA MARU NO3", "Type of Vessel": "Cargo", "Standard T": "871", "Latitude": "00-25S", "Longitude": "132-55E", "Flag of Aggressor": "United States", "Type of Aggression": "Submarine", "Assessment": "Sunk" }, "geometry": { "type": "Point", "coordinates": [ 132.916666666666657, -0.416666666666667 ] } },
{ "type": "Feature", "properties": { "Month": "March", "Day": 12, "Year": 1944, "Name of Vessel": "TAIJIN MARU", "Type of Vessel": "Cargo", "Standard T": "1937", "Latitude": "25-53N", "Longitude": "131-19E", "Flag of Aggressor": "United States", "Type of Aggression": "Submarine", "Assessment": "Sunk" }, "geometry": { "type": "Point", "coordinates": [ 131.316666666666663, 25.883333333333333 ] } },
{ "type": "Feature", "properties": { "Month": "March", "Day": 13, "Year": 1944, "Name of Vessel": "KOKUYO MARU", "Type of Vessel": "Cargo", "Standard T": "4667", "Latitude": "32-58N", "Longitude": "138-52E", "Flag of Aggressor": "United States", "Type of Aggression": "Submarine", "Assessment": "Sunk" }, "geometry": { "type": "Point", "coordinates": [ 138.866666666666674, 32.966666666666669 ] } },
{ "type": "Feature", "properties": { "Month": "March", "Day": 13, "Year": 1944, "Name of Vessel": "RYUA MARU", "Type of Vessel": "Cargo", "Standard T": "1925", "Latitude": "47-41N", "Longitude": "152-41E", "Flag of Aggressor": "United States", "Type of Aggression": "Submarine", "Assessment": "Sunk" }, "geometry": { "type": "Point", "coordinates": [ 152.683333333333337, 47.68333333333333 ] } },
{ "type": "Feature", "properties": { "Month": "March", "Day": 13, "Year": 1944, "Name of Vessel": "SHOJIN MARU", "Type of Vessel": "Cargo", "Standard T": "1942", "Latitude": "47-41N", "Longitude": "152-41E", "Flag of Aggressor": "United States", "Type of Aggression": "Submarine", "Assessment": "Sunk" }, "geometry": { "type": "Point", "coordinates": [ 152.683333333333337, 47.68333333333333 ] } },
{ "type": "Feature", "properties": { "Month": "March", "Day": 16, "Year": 1944, "Name of Vessel": "KOFUKU MARU", "Type of Vessel": "Cargo", "Standard T": "1920", "Latitude": "4-28N", "Longitude": "136-56E", "Flag of Aggressor": "United States", "Type of Aggression": "Submarine", "Assessment": "Sunk" }, "geometry": { "type": "Point", "coordinates": [ 136.933333333333337, 4.466666666666667 ] } },
{ "type": "Feature", "properties": { "Month": "March", "Day": 16, "Year": 1944, "Name of Vessel": "NICHIREN MARU", "Type of Vessel": "Passenger-Cargo", "Standard T": "5460", "Latitude": "42-25N", "Longitude": "144-55E", "Flag of Aggressor": "United States", "Type of Aggression": "Submarine", "Assessment": "Sunk" }, "geometry": { "type": "Point", "coordinates": [ 144.916666666666657, 42.416666666666664 ] } },
{ "type": "Feature", "properties": { "Month": "March", "Day": 16, "Year": 1944, "Name of Vessel": "ANZAN MARU", "Type of Vessel": "Passenger-Cargo", "Standard T": "5493", "Latitude": "27-41N", "Longitude": "128-41E", "Flag of Aggressor": "United States", "Type of Aggression": "Submarine", "Assessment": "Sunk" }, "geometry": { "type": "Point", "coordinates": [ 128.683333333333337, 27.683333333333334 ] } },
{ "type": "Feature", "properties": { "Month": "March", "Day": 18, "Year": 1944, "Name of Vessel": "HOKUROKU MARU", "Type of Vessel": "Passenger-Cargo", "Standard T": "8359", "Latitude": "19-22N", "Longitude": "116-52E", "Flag of Aggressor": "United States", "Type of Aggression": "Submarine", "Assessment": "Sunk" }, "geometry": { "type": "Point", "coordinates": [ 116.86666666666666, 19.366666666666667 ] } },
{ "type": "Feature", "properties": { "Month": "March", "Day": 19, "Year": 1944, "Name of Vessel": "YAKUMO MARU", "Type of Vessel": "Cargo", "Standard T": "3198", "Latitude": "2-55S", "Longitude": "143-40E", "Flag of Aggressor": "United States", "Type of Aggression": "Army Aircraft", "Assessment": "Sunk" }, "geometry": { "type": "Point", "coordinates": [ 143.666666666666657, -2.916666666666667 ] } },
{ "type": "Feature", "properties": { "Month": "March", "Day": 19, "Year": 1944, "Name of Vessel": "TAIEI MARU", "Type of Vessel": "Cargo", "Standard T": "3221", "Latitude": "2-55S", "Longitude": "143-40E", "Flag of Aggressor": "United States", "Type of Aggression": "Army Aircraft", "Assessment": "Sunk" }, "geometry": { "type": "Point", "coordinates": [ 143.666666666666657, -2.916666666666667 ] } },
{ "type": "Feature", "properties": { "Month": "March", "Day": 20, "Year": 1944, "Name of Vessel": "HAKUYO MARU", "Type of Vessel": "Cargo", "Standard T": "1327", "Latitude": "30-53N", "Longitude": "140-42E", "Flag of Aggressor": "United States", "Type of Aggression": "Submarine", "Assessment": "Sunk" }, "geometry": { "type": "Point", "coordinates": [ 140.7, 30.883333333333333 ] } },
{ "type": "Feature", "properties": { "Month": "March", "Day": 20, "Year": 1944, "Name of Vessel": "HOKO MARU", "Type of Vessel": "Cargo", "Standard T": "1504", "Latitude": "10-06N", "Longitude": "138-10E", "Flag of Aggressor": "United States", "Type of Aggression": "Submarine", "Assessment": "Sunk" }, "geometry": { "type": "Point", "coordinates": [ 138.166666666666657, 10.1 ] } },
{ "type": "Feature", "properties": { "Month": "March", "Day": 24, "Year": 1944, "Name of Vessel": "SHINKYO MARU", "Type of Vessel": "Cargo", "Standard T": "5139", "Latitude": "5-27N", "Longitude": "125-38E", "Flag of Aggressor": "United States", "Type of Aggression": "Submarine", "Assessment": "Sunk" }, "geometry": { "type": "Point", "coordinates": [ 125.63333333333334, 5.45 ] } },
{ "type": "Feature", "properties": { "Month": "March", "Day": 24, "Year": 1944, "Name of Vessel": "BENGAL MARU", "Type of Vessel": "Cargo", "Standard T": "5399", "Latitude": "5-27N", "Longitude": "125-38E", "Flag of Aggressor": "United States", "Type of Aggression": "Submarine", "Assessment": "Sunk" }, "geometry": { "type": "Point", "coordinates": [ 125.63333333333334, 5.45 ] } },
{ "type": "Feature", "properties": { "Month": "March", "Day": 27, "Year": 1944, "Name of Vessel": "SHINSEI MARU", "Type of Vessel": "Cargo", "Standard T": "575", "Latitude": "7-44S", "Longitude": "130-02E", "Flag of Aggressor": "Australia", "Type of Aggression": "Aircraft", "Assessment": "Sunk" }, "geometry": { "type": "Point", "coordinates": [ 130.033333333333331, -7.733333333333333 ] } },
{ "type": "Feature", "properties": { "Month": "March", "Day": 27, "Year": 1944, "Name of Vessel": "NICHINAN MARU", "Type of Vessel": "Cargo", "Standard T": "2750", "Latitude": "7-31S", "Longitude": "115-57E", "Flag of Aggressor": "United States", "Type of Aggression": "Submarine", "Assessment": "Sunk" }, "geometry": { "type": "Point", "coordinates": [ 115.95, -7.516666666666667 ] } },
{ "type": "Feature", "properties": { "Month": "March", "Day": 27, "Year": 1944, "Name of Vessel": "YAMAMIZU MARU", "Type of Vessel": "Tanker", "Standard T": "5174", "Latitude": "3-52S", "Longitude": "109-40E", "Flag of Aggressor": "United States", "Type of Aggression": "Submarine", "Assessment": "Sunk" }, "geometry": { "type": "Point", "coordinates": [ 109.666666666666671, -3.866666666666667 ] } },
{ "type": "Feature", "properties": { "Month": "March", "Day": 28, "Year": 1944, "Name of Vessel": "YASUSHIMA MARU", "Type of Vessel": "Cargo", "Standard T": "1911", "Latitude": "3-38N", "Longitude": "100-50E", "Flag of Aggressor": "Great Britain", "Type of Aggression": "Submarine", "Assessment": "Sunk" }, "geometry": { "type": "Point", "coordinates": [ 100.833333333333329, 3.633333333333333 ] } },
{ "type": "Feature", "properties": { "Month": "March", "Day": 28, "Year": 1944, "Name of Vessel": "FUKUSEI MARU", "Type of Vessel": "Cargo", "Standard T": "2219", "Latitude": "24-25N", "Longitude": "131-11E", "Flag of Aggressor": "United States", "Type of Aggression": "Submarine", "Assessment": "Sunk" }, "geometry": { "type": "Point", "coordinates": [ 131.183333333333337, 24.416666666666668 ] } },
{ "type": "Feature", "properties": { "Month": "March", "Day": 30, "Year": 1944, "Name of Vessel": "MATSUEI MARU", "Type of Vessel": "Cargo", "Standard T": "1877", "Latitude": "7-30N", "Longitude": "134-30E", "Flag of Aggressor": "United States", "Type of Aggression": "Navy Carrier-Based Aircraft", "Assessment": "Sunk" }, "geometry": { "type": "Point", "coordinates": [ 134.5, 7.5 ] } },
{ "type": "Feature", "properties": { "Month": "March", "Day": 30, "Year": 1944, "Name of Vessel": "URAKAMI MARU", "Type of Vessel": "Converted Submarine Tender", "Standard T": "4317", "Latitude": "7-30N", "Longitude": "134-30E", "Flag of Aggressor": "United States", "Type of Aggression": "Navy Carrier-Based Aircraft", "Assessment": "Sunk" }, "geometry": { "type": "Point", "coordinates": [ 134.5, 7.5 ] } },
{ "type": "Feature", "properties": { "Month": "March", "Day": 30, "Year": 1944, "Name of Vessel": "TESHIO MARU", "Type of Vessel": "Cargo", "Standard T": "2840", "Latitude": "7-30N", "Longitude": "134-30E", "Flag of Aggressor": "United States", "Type of Aggression": "Navy Carrier-Based Aircraft", "Assessment": "Sunk" }, "geometry": { "type": "Point", "coordinates": [ 134.5, 7.5 ] } },
{ "type": "Feature", "properties": { "Month": "March", "Day": 30, "Year": 1944, "Name of Vessel": "SHINSEI MARU NO18", "Type of Vessel": "Cargo", "Standard T": "2711", "Latitude": "7-30N", "Longitude": "134-30E", "Flag of Aggressor": "United States", "Type of Aggression": "Navy Carrier-Based Aircraft", "Assessment": "Sunk" }, "geometry": { "type": "Point", "coordinates": [ 134.5, 7.5 ] } },
{ "type": "Feature", "properties": { "Month": "March", "Day": 30, "Year": 1944, "Name of Vessel": "UNYU MARU NO2", "Type of Vessel": "Tanker", "Standard T": "634", "Latitude": "7-30N", "Longitude": "134-35E", "Flag of Aggressor": "United States", "Type of Aggression": "Navy Carrier-Based Aircraft", "Assessment": "Sunk" }, "geometry": { "type": "Point", "coordinates": [ 134.583333333333343, 7.5 ] } },
{ "type": "Feature", "properties": { "Month": "March", "Day": 30, "Year": 1944, "Name of Vessel": "SHOSEI MARU", "Type of Vessel": "Converted Net Tender", "Standard T": "773", "Latitude": "7-50S", "Longitude": "134-30E", "Flag of Aggressor": "United States", "Type of Aggression": "Navy Carrier-Based Aircraft", "Assessment": "Sunk" }, "geometry": { "type": "Point", "coordinates": [ 134.5, -7.833333333333333 ] } },
{ "type": "Feature", "properties": { "Month": "March", "Day": 30, "Year": 1944, "Name of Vessel": "AKEBONO MARU", "Type of Vessel": "Tanker", "Standard T": "10182", "Latitude": "7-30N", "Longitude": "134-30E", "Flag of Aggressor": "United States", "Type of Aggression": "Navy Carrier-Based Aircraft", "Assessment": "Sunk" }, "geometry": { "type": "Point", "coordinates": [ 134.5, 7.5 ] } },
{ "type": "Feature", "properties": { "Month": "March", "Day": 30, "Year": 1944, "Name of Vessel": "AMATSU MARU", "Type of Vessel": "Tanker", "Standard T": "10567", "Latitude": "7-30N", "Longitude": "134-30E", "Flag of Aggressor": "United States", "Type of Aggression": "Navy Carrier-Based Aircraft", "Assessment": "Sunk" }, "geometry": { "type": "Point", "coordinates": [ 134.5, 7.5 ] } },
{ "type": "Feature", "properties": { "Month": "March", "Day": 30, "Year": 1944, "Name of Vessel": "ASASHIO MARU", "Type of Vessel": "Tanker", "Standard T": "5111", "Latitude": "7-30N", "Longitude": "134-30E", "Flag of Aggressor": "United States", "Type of Aggression": "Navy Carrier-Based Aircraft", "Assessment": "Sunk" }, "geometry": { "type": "Point", "coordinates": [ 134.5, 7.5 ] } },
{ "type": "Feature", "properties": { "Month": "March", "Day": 30, "Year": 1944, "Name of Vessel": "CHUYO MARU", "Type of Vessel": "Cargo", "Standard T": "1900", "Latitude": "7-30N", "Longitude": "134-30E", "Flag of Aggressor": "United States", "Type of Aggression": "Navy Carrier-Based Aircraft", "Assessment": "Sunk" }, "geometry": { "type": "Point", "coordinates": [ 134.5, 7.5 ] } },
{ "type": "Feature", "properties": { "Month": "March", "Day": 30, "Year": 1944, "Name of Vessel": "GOSHU MARU", "Type of Vessel": "Aircraft Ferry", "Standard T": "8592", "Latitude": "7-30N", "Longitude": "134-30E", "Flag of Aggressor": "United States", "Type of Aggression": "Navy Carrier-Based Aircraft", "Assessment": "Sunk" }, "geometry": { "type": "Point", "coordinates": [ 134.5, 7.5 ] } },
{ "type": "Feature", "properties": { "Month": "March", "Day": 30, "Year": 1944, "Name of Vessel": "GOZAN MARU", "Type of Vessel": "Cargo", "Standard T": "3213", "Latitude": "7-30N", "Longitude": "134-30E", "Flag of Aggressor": "United States", "Type of Aggression": "Navy Carrier-Based Aircraft", "Assessment": "Sunk" }, "geometry": { "type": "Point", "coordinates": [ 134.5, 7.5 ] } },
{ "type": "Feature", "properties": { "Month": "March", "Day": 30, "Year": 1944, "Name of Vessel": "HOKUTAI MARU", "Type of Vessel": "Cargo", "Standard T": "5220", "Latitude": "7-30N", "Longitude": "134-30E", "Flag of Aggressor": "United States", "Type of Aggression": "Navy Carrier-Based Aircraft", "Assessment": "Sunk" }, "geometry": { "type": "Point", "coordinates": [ 134.5, 7.5 ] } },
{ "type": "Feature", "properties": { "Month": "March", "Day": 30, "Year": 1944, "Name of Vessel": "IRO", "Type of Vessel": "Tanker", "Standard T": "6500", "Latitude": "7-30N", "Longitude": "134-30E", "Flag of Aggressor": "United States", "Type of Aggression": "Navy Carrier-Based Aircraft", "Assessment": "Sunk" }, "geometry": { "type": "Point", "coordinates": [ 134.5, 7.5 ] } },
{ "type": "Feature", "properties": { "Month": "March", "Day": 30, "Year": 1944, "Name of Vessel": "KAMIKAZE MARU", "Type of Vessel": "Motor Torpedo Boat Tender", "Standard T": "4916", "Latitude": "7-30N", "Longitude": "134-30E", "Flag of Aggressor": "United States", "Type of Aggression": "Navy Carrier-Based Aircraft", "Assessment": "Sunk" }, "geometry": { "type": "Point", "coordinates": [ 134.5, 7.5 ] } },
{ "type": "Feature", "properties": { "Month": "March", "Day": 30, "Year": 1944, "Name of Vessel": "KIBI MARU", "Type of Vessel": "Cargo", "Standard T": "2961", "Latitude": "7-19N", "Longitude": "134-28E", "Flag of Aggressor": "United States", "Type of Aggression": "Navy Carrier-Based Aircraft", "Assessment": "Sunk" }, "geometry": { "type": "Point", "coordinates": [ 134.466666666666669, 7.316666666666666 ] } },
{ "type": "Feature", "properties": { "Month": "March", "Day": 30, "Year": 1944, "Name of Vessel": "KIBI MARU", "Type of Vessel": "Cargo", "Standard T": "2759", "Latitude": "7-30N", "Longitude": "134-30E", "Flag of Aggressor": "United States", "Type of Aggression": "Navy Carrier-Based Aircraft", "Assessment": "Sunk" }, "geometry": { "type": "Point", "coordinates": [ 134.5, 7.5 ] } },
{ "type": "Feature", "properties": { "Month": "March", "Day": 30, "Year": 1944, "Name of Vessel": "NISSHOMARUNO5", "Type of Vessel": "Converted Net Tender", "Standard T": "783", "Latitude": "7-30N", "Longitude": "134-30E", "Flag of Aggressor": "United States", "Type of Aggression": "Navy Carrier-Based Aircraft", "Assessment": "Sunk" }, "geometry": { "type": "Point", "coordinates": [ 134.5, 7.5 ] } },
{ "type": "Feature", "properties": { "Month": "March", "Day": 30, "Year": 1944, "Name of Vessel": "OSE", "Type of Vessel": "Tanker", "Standard T": "7987", "Latitude": "7-30N", "Longitude": "134-30E", "Flag of Aggressor": "United States", "Type of Aggression": "Navy Carrier-Based Aircraft", "Assessment": "Sunk" }, "geometry": { "type": "Point", "coordinates": [ 134.5, 7.5 ] } },
{ "type": "Feature", "properties": { "Month": "March", "Day": 30, "Year": 1944, "Name of Vessel": "RAIZAN MARU", "Type of Vessel": "Cargo", "Standard T": "2813", "Latitude": "7-30N", "Longitude": "134-30E", "Flag of Aggressor": "United States", "Type of Aggression": "Navy Carrier-Based Aircraft", "Assessment": "Sunk" }, "geometry": { "type": "Point", "coordinates": [ 134.5, 7.5 ] } },
{ "type": "Feature", "properties": { "Month": "March", "Day": 30, "Year": 1944, "Name of Vessel": "RYUKO MARU", "Type of Vessel": "Passenger-Cargo", "Standard T": "2764", "Latitude": "7-30N", "Longitude": "134-30E", "Flag of Aggressor": "United States", "Type of Aggression": "Navy Carrier-Based Aircraft", "Assessment": "Sunk" }, "geometry": { "type": "Point", "coordinates": [ 134.5, 7.5 ] } },
{ "type": "Feature", "properties": { "Month": "March", "Day": 30, "Year": 1944, "Name of Vessel": "SATA", "Type of Vessel": "Tanker", "Standard T": "6500", "Latitude": "7-30N", "Longitude": "134-30E", "Flag of Aggressor": "United States", "Type of Aggression": "Navy Carrier-Based Aircraft", "Assessment": "Sunk" }, "geometry": { "type": "Point", "coordinates": [ 134.5, 7.5 ] } },
{ "type": "Feature", "properties": { "Month": "March", "Day": 30, "Year": 1944, "Name of Vessel": "NAGISAN MARU", "Type of Vessel": "Passenger-Cargo", "Standard T": "4391", "Latitude": "7-30N", "Longitude": "134-30E", "Flag of Aggressor": "United States", "Type of Aggression": "Navy Carrier-Based Aircraft", "Assessment": "Sunk" }, "geometry": { "type": "Point", "coordinates": [ 134.5, 7.5 ] } },
{ "type": "Feature", "properties": { "Month": "March", "Day": 30, "Year": 1944, "Name of Vessel": "ATLANTIC MARU", "Type of Vessel": "Cargo", "Standard T": "5873", "Latitude": "12-15N", "Longitude": "145-42E", "Flag of Aggressor": "United States", "Type of Aggression": "Submarine", "Assessment": "Sunk" }, "geometry": { "type": "Point", "coordinates": [ 145.7, 12.25 ] } },
{ "type": "Feature", "properties": { "Month": "March", "Day": 30, "Year": 1944, "Name of Vessel": "IKUSHIMA MARU", "Type of Vessel": "Cargo", "Standard T": "3943", "Latitude": "20-42N", "Longitude": "143-00E", "Flag of Aggressor": "United States", "Type of Aggression": "Submarine", "Assessment": "Sunk" }, "geometry": { "type": "Point", "coordinates": [ 143.0, 20.7 ] } },
{ "type": "Feature", "properties": { "Month": "March", "Day": 30, "Year": 1944, "Name of Vessel": "FUJIKAWA MARU", "Type of Vessel": "Cargo", "Standard T": "2829", "Latitude": "1-56N", "Longitude": "133-00E", "Flag of Aggressor": "United States", "Type of Aggression": "Submarine", "Assessment": "Sunk" }, "geometry": { "type": "Point", "coordinates": [ 133.0, 1.933333333333333 ] } },
{ "type": "Feature", "properties": { "Month": "April", "Day": 1, "Year": 1944, "Name of Vessel": "MINAMI MARU", "Type of Vessel": "Cargo", "Standard T": "2398", "Latitude": "25-56N", "Longitude": "131-18E", "Flag of Aggressor": "United States", "Type of Aggression": "Submarine", "Assessment": "Sunk" }, "geometry": { "type": "Point", "coordinates": [ 131.3, 25.933333333333334 ] } },
{ "type": "Feature", "properties": { "Month": "April", "Day": 3, "Year": 1944, "Name of Vessel": "TOSEI MARU", "Type of Vessel": "Passenger-Cargo", "Standard T": "2814", "Latitude": "30-00N", "Longitude": "139-44E", "Flag of Aggressor": "United States", "Type of Aggression": "Submarine", "Assessment": "Sunk" }, "geometry": { "type": "Point", "coordinates": [ 139.73333333333332, 30.0 ] } },
{ "type": "Feature", "properties": { "Month": "April", "Day": 5, "Year": 1944, "Name of Vessel": "TENRYU MARU", "Type of Vessel": "Cargo", "Standard T": "554", "Latitude": "3-35S", "Longitude": "143-38E", "Flag of Aggressor": "United States", "Type of Aggression": "Army Aircraft", "Assessment": "Sunk" }, "geometry": { "type": "Point", "coordinates": [ 143.633333333333326, -3.583333333333333 ] } },
{ "type": "Feature", "properties": { "Month": "April", "Day": 8, "Year": 1944, "Name of Vessel": "ARATAMA MARU", "Type of Vessel": "Converted Submarine Tender", "Standard T": "6784", "Latitude": "13-16N", "Longitude": "144-45E", "Flag of Aggressor": "United States", "Type of Aggression": "Submarine", "Assessment": "Sunk" }, "geometry": { "type": "Point", "coordinates": [ 144.75, 13.266666666666667 ] } },
{ "type": "Feature", "properties": { "Month": "April", "Day": 8, "Year": 1944, "Name of Vessel": "KIZUGAWA MARU", "Type of Vessel": "Cargo", "Standard T": "1915", "Latitude": "13-16N", "Longitude": "144-45E", "Flag of Aggressor": "United States", "Type of Aggression": "Submarine", "Assessment": "Sunk" }, "geometry": { "type": "Point", "coordinates": [ 144.75, 13.266666666666667 ] } },
{ "type": "Feature", "properties": { "Month": "April", "Day": 9, "Year": 1944, "Name of Vessel": "HOKUREI MARU", "Type of Vessel": "Cargo", "Standard T": "515", "Latitude": "19-00N", "Longitude": "110-00E", "Flag of Aggressor": "United States", "Type of Aggression": "Army Aircraft", "Assessment": "Sunk" }, "geometry": { "type": "Point", "coordinates": [ 110.0, 19.0 ] } },
{ "type": "Feature", "properties": { "Month": "April", "Day": 9, "Year": 1944, "Name of Vessel": "BISAKU MARU", "Type of Vessel": "Cargo", "Standard T": "4467", "Latitude": "15-22N", "Longitude": "145-06E", "Flag of Aggressor": "United States", "Type of Aggression": "Submarine", "Assessment": "Sunk" }, "geometry": { "type": "Point", "coordinates": [ 145.1, 15.366666666666667 ] } },
{ "type": "Feature", "properties": { "Month": "April", "Day": 9, "Year": 1944, "Name of Vessel": "HONAN MARU", "Type of Vessel": "Cargo", "Standard T": "5401", "Latitude": "33-50N", "Longitude": "128-01E", "Flag of Aggressor": "United States", "Type of Aggression": "Submarine", "Assessment": "Sunk" }, "geometry": { "type": "Point", "coordinates": [ 128.01666666666668, 33.833333333333336 ] } },
{ "type": "Feature", "properties": { "Month": "April", "Day": 12, "Year": 1944, "Name of Vessel": "NARITA MARU", "Type of Vessel": "Cargo", "Standard T": "1915", "Latitude": "2-30S", "Longitude": "140-52E", "Flag of Aggressor": "United States", "Type of Aggression": "Army Aircraft", "Assessment": "Sunk" }, "geometry": { "type": "Point", "coordinates": [ 140.866666666666674, -2.5 ] } },
{ "type": "Feature", "properties": { "Month": "April", "Day": 12, "Year": 1944, "Name of Vessel": "TAICHU MARU", "Type of Vessel": "Passenger-Cargo", "Standard T": "3213", "Latitude": "28-07N", "Longitude": "129-01E", "Flag of Aggressor": "United States", "Type of Aggression": "Submarine", "Assessment": "Sunk" }, "geometry": { "type": "Point", "coordinates": [ 129.01666666666668, 28.116666666666667 ] } },
{ "type": "Feature", "properties": { "Month": "April", "Day": 15, "Year": 1944, "Name of Vessel": "SHINYU MARU", "Type of Vessel": "Passenger-Cargo", "Standard T": "4621", "Latitude": "6-41N", "Longitude": "123-40E", "Flag of Aggressor": "United States", "Type of Aggression": "Submarine", "Assessment": "Sunk" }, "geometry": { "type": "Point", "coordinates": [ 123.666666666666671, 6.683333333333334 ] } },
{ "type": "Feature", "properties": { "Month": "April", "Day": 15, "Year": 1944, "Name of Vessel": "SUMIDA MARU", "Type of Vessel": "Cargo", "Standard T": "2022", "Latitude": "42-02N", "Longitude": "142-22E", "Flag of Aggressor": "Japan", "Type of Aggression": "Mine*", "Assessment": "Sunk" }, "geometry": { "type": "Point", "coordinates": [ 142.366666666666674, 42.033333333333331 ] } },
{ "type": "Feature", "properties": { "Month": "April", "Day": 16, "Year": 1944, "Name of Vessel": "YAMAGATA MARU", "Type of Vessel": "Passenger-Cargo", "Standard T": "3807", "Latitude": "7-04N", "Longitude": "123-27E", "Flag of Aggressor": "United States", "Type of Aggression": "Submarine", "Assessment": "Sunk" }, "geometry": { "type": "Point", "coordinates": [ 123.45, 7.066666666666666 ] } },
{ "type": "Feature", "properties": { "Month": "April", "Day": 16, "Year": 1944, "Name of Vessel": "MITO MARU", "Type of Vessel": "Passenger-Cargo", "Standard T": "7061", "Latitude": "2-02S", "Longitude": "127-20E", "Flag of Aggressor": "United States", "Type of Aggression": "Submarine", "Assessment": "Sunk" }, "geometry": { "type": "Point", "coordinates": [ 127.333333333333329, -2.033333333333333 ] } },
{ "type": "Feature", "properties": { "Month": "April", "Day": 16, "Year": 1944, "Name of Vessel": "HINO MARU NO1", "Type of Vessel": "Cargo", "Standard T": "2671", "Latitude": "2-02S", "Longitude": "127-20E", "Flag of Aggressor": "United States", "Type of Aggression": "Submarine", "Assessment": "Sunk" }, "geometry": { "type": "Point", "coordinates": [ 127.333333333333329, -2.033333333333333 ] } },
{ "type": "Feature", "properties": { "Month": "April", "Day": 17, "Year": 1944, "Name of Vessel": "MIKAGEMARUNO2", "Type of Vessel": "Cargo", "Standard T": "617", "Latitude": "2-41S", "Longitude": "141-18E", "Flag of Aggressor": "United States", "Type of Aggression": "Army Aircraft", "Assessment": "Sunk" }, "geometry": { "type": "Point", "coordinates": [ 141.3, -2.683333333333334 ] } },
{ "type": "Feature", "properties": { "Month": "April", "Day": 17, "Year": 1944, "Name of Vessel": "MATSUE MARU", "Type of Vessel": "Cargo", "Standard T": "7061", "Latitude": "9-22N", "Longitude": "142-18E", "Flag of Aggressor": "United States", "Type of Aggression": "Submarine", "Assessment": "Sunk" }, "geometry": { "type": "Point", "coordinates": [ 142.3, 9.366666666666667 ] } },
{ "type": "Feature", "properties": { "Month": "April", "Day": 19, "Year": 1944, "Name of Vessel": "KUNITSU MARU", "Type of Vessel": "Cargo", "Standard T": "2724", "Latitude": "5-54N", "Longitude": "95-20E", "Flag of Aggressor": "United States, Great Britain", "Type of Aggression": "Navy Carrier-Based Aircraft", "Assessment": "Sunk" }, "geometry": { "type": "Point", "coordinates": [ 95.333333333333329, 5.9 ] } },
{ "type": "Feature", "properties": { "Month": "April", "Day": 19, "Year": 1944, "Name of Vessel": "HARUNO MARU", "Type of Vessel": "Cargo", "Standard T": "776", "Latitude": "5-54N", "Longitude": "95-20E", "Flag of Aggressor": "United States, Great Britain", "Type of Aggression": "Navy Carrier-Based Aircraft", "Assessment": "Sunk" }, "geometry": { "type": "Point", "coordinates": [ 95.333333333333329, 5.9 ] } },
{ "type": "Feature", "properties": { "Month": "April", "Day": 20, "Year": 1944, "Name of Vessel": "IWAKUNI MARU", "Type of Vessel": "Cargo", "Standard T": "619", "Latitude": "2-10S", "Longitude": "139-50E", "Flag of Aggressor": "United States", "Type of Aggression": "Army Aircraft", "Assessment": "Sunk" }, "geometry": { "type": "Point", "coordinates": [ 139.833333333333343, -2.166666666666667 ] } },
{ "type": "Feature", "properties": { "Month": "April", "Day": 22, "Year": 1944, "Name of Vessel": "KORYU MARU", "Type of Vessel": "Cargo", "Standard T": "6680", "Latitude": "10-19N", "Longitude": "107-05E", "Flag of Aggressor": "United States", "Type of Aggression": "Army Aircraft", "Assessment": "Sunk" }, "geometry": { "type": "Point", "coordinates": [ 107.083333333333329, 10.316666666666666 ] } },
{ "type": "Feature", "properties": { "Month": "April", "Day": 22, "Year": 1944, "Name of Vessel": "NAGATA MARU", "Type of Vessel": "Converted Gunboat", "Standard T": "2969", "Latitude": "10-19N", "Longitude": "107-05E", "Flag of Aggressor": "United States", "Type of Aggression": "Army Aircraft", "Assessment": "Sunk" }, "geometry": { "type": "Point", "coordinates": [ 107.083333333333329, 10.316666666666666 ] } },
{ "type": "Feature", "properties": { "Month": "April", "Day": 22, "Year": 1944, "Name of Vessel": "LONDON MARU", "Type of Vessel": "Cargo", "Standard T": "7190", "Latitude": "10-19N", "Longitude": "107-05E", "Flag of Aggressor": "United States", "Type of Aggression": "Army Aircraft", "Assessment": "Sunk" }, "geometry": { "type": "Point", "coordinates": [ 107.083333333333329, 10.316666666666666 ] } },
{ "type": "Feature", "properties": { "Month": "April", "Day": 22, "Year": 1944, "Name of Vessel": "YAMAMIZU MARU NO3", "Type of Vessel": "Tanker", "Standard T": "5244", "Latitude": "10-19N", "Longitude": "107-05E", "Flag of Aggressor": "United States", "Type of Aggression": "Army Aircraft", "Assessment": "Sunk" }, "geometry": { "type": "Point", "coordinates": [ 107.083333333333329, 10.316666666666666 ] } },
{ "type": "Feature", "properties": { "Month": "April", "Day": 23, "Year": 1944, "Name of Vessel": "DAIJU MARU", "Type of Vessel": "Cargo", "Standard T": "1279", "Latitude": "33-35N", "Longitude": "135-45E", "Flag of Aggressor": "United States", "Type of Aggression": "Submarine", "Assessment": "Sunk" }, "geometry": { "type": "Point", "coordinates": [ 135.75, 33.583333333333336 ] } },
{ "type": "Feature", "properties": { "Month": "April", "Day": 25, "Year": 1944, "Name of Vessel": "KASHIWA MARU", "Type of Vessel": "ConvertedNetTender", "Standard T": "976", "Latitude": "7-09N", "Longitude": "116-48E", "Flag of Aggressor": "United States", "Type of Aggression": "Submarine", "Assessment": "Sunk" }, "geometry": { "type": "Point", "coordinates": [ 116.8, 7.15 ] } },
{ "type": "Feature", "properties": { "Month": "April", "Day": 26, "Year": 1944, "Name of Vessel": "WAZAN MARU", "Type of Vessel": "Cargo", "Standard T": "4851", "Latitude": "33-30N", "Longitude": "135-27E", "Flag of Aggressor": "United States", "Type of Aggression": "Submarine", "Assessment": "Sunk" }, "geometry": { "type": "Point", "coordinates": [ 135.45, 33.5 ] } },
{ "type": "Feature", "properties": { "Month": "April", "Day": 26, "Year": 1944, "Name of Vessel": "NOSHIRO MARU", "Type of Vessel": "Cargo", "Standard T": "2333", "Latitude": "28-37N", "Longitude": "141-00E", "Flag of Aggressor": "United States", "Type of Aggression": "Submarine", "Assessment": "Sunk" }, "geometry": { "type": "Point", "coordinates": [ 141.0, 28.616666666666667 ] } },
{ "type": "Feature", "properties": { "Month": "April", "Day": 26, "Year": 1944, "Name of Vessel": "TOKIWA MARU", "Type of Vessel": "Passenger-Cargo", "Standard T": "806", "Latitude": "6-12N", "Longitude": "125-47E", "Flag of Aggressor": "United States", "Type of Aggression": "Submarine", "Assessment": "Sunk" }, "geometry": { "type": "Point", "coordinates": [ 125.783333333333331, 6.2 ] } },
{ "type": "Feature", "properties": { "Month": "April", "Day": 26, "Year": 1944, "Name of Vessel": "YOSHIDA MARU NO1", "Type of Vessel": "Passenger-Cargo", "Standard T": "5425", "Latitude": "18-06N", "Longitude": "119-47E", "Flag of Aggressor": "United States", "Type of Aggression": "Submarine", "Assessment": "Sunk" }, "geometry": { "type": "Point", "coordinates": [ 119.783333333333331, 18.1 ] } },
{ "type": "Feature", "properties": { "Month": "April", "Day": 27, "Year": 1944, "Name of Vessel": "AKIGAWA MARU", "Type of Vessel": "Cargo", "Standard T": "5244", "Latitude": "14-50N", "Longitude": "142-23E", "Flag of Aggressor": "United States", "Type of Aggression": "Submarine", "Assessment": "Sunk" }, "geometry": { "type": "Point", "coordinates": [ 142.383333333333326, 14.833333333333334 ] } },
{ "type": "Feature", "properties": { "Month": "April", "Day": 27, "Year": 1944, "Name of Vessel": "MIIKE MARU", "Type of Vessel": "Passenger-Cargo", "Standard T": "11739", "Latitude": "8-20N", "Longitude": "134-53E", "Flag of Aggressor": "United States", "Type of Aggression": "Submarine", "Assessment": "Sunk" }, "geometry": { "type": "Point", "coordinates": [ 134.883333333333326, 8.333333333333334 ] } },
{ "type": "Feature", "properties": { "Month": "April", "Day": 27, "Year": 1944, "Name of Vessel": "GENBU MARU", "Type of Vessel": "Passenger-Cargo", "Standard T": "1872", "Latitude": "27-20N", "Longitude": "128-15E", "Flag of Aggressor": "United States", "Type of Aggression": "Submarine", "Assessment": "Sunk" }, "geometry": { "type": "Point", "coordinates": [ 128.25, 27.333333333333332 ] } },
{ "type": "Feature", "properties": { "Month": "April", "Day": 29, "Year": 1944, "Name of Vessel": "SONG GIANG MARU", "Type of Vessel": "Cargo", "Standard T": "1065", "Latitude": "13-02N", "Longitude": "109-28E", "Flag of Aggressor": "United States", "Type of Aggression": "Submarine", "Assessment": "Sunk" }, "geometry": { "type": "Point", "coordinates": [ 109.466666666666669, 13.033333333333333 ] } },
{ "type": "Feature", "properties": { "Month": "April", "Day": 29, "Year": 1944, "Name of Vessel": "TAKEGAWA MARU", "Type of Vessel": "Cargo", "Standard T": "1930", "Latitude": "19-26N", "Longitude": "118-45E", "Flag of Aggressor": "United States", "Type of Aggression": "Submarine", "Assessment": "Sunk" }, "geometry": { "type": "Point", "coordinates": [ 118.75, 19.433333333333334 ] } },
{ "type": "Feature", "properties": { "Month": "April", "Day": 30, "Year": 1944, "Name of Vessel": "HINO MARU NO2", "Type of Vessel": "Converted Gunboat", "Standard T": "998", "Latitude": "7-22N", "Longitude": "151-45E", "Flag of Aggressor": "United States", "Type of Aggression": "Navy Carrier-Based Aircraft", "Assessment": "Sunk" }, "geometry": { "type": "Point", "coordinates": [ 151.75, 7.366666666666666 ] } },
{ "type": "Feature", "properties": { "Month": "April", "Day": 30, "Year": 1944, "Name of Vessel": "NITTATSU MARU", "Type of Vessel": "Cargo", "Standard T": "2859", "Latitude": "19-11N", "Longitude": "119-10E", "Flag of Aggressor": "United States", "Type of Aggression": "Submarine", "Assessment": "Sunk" }, "geometry": { "type": "Point", "coordinates": [ 119.166666666666671, 19.183333333333334 ] } },
{ "type": "Feature", "properties": { "Month": "May", "Day": 1, "Year": 1944, "Name of Vessel": "ASOSAN MARU", "Type of Vessel": "Cargo", "Standard T": "8812", "Latitude": "7-07N", "Longitude": "129-56E", "Flag of Aggressor": "United States", "Type of Aggression": "Submarine", "Assessment": "Sunk" }, "geometry": { "type": "Point", "coordinates": [ 129.933333333333337, 7.116666666666666 ] } },
{ "type": "Feature", "properties": { "Month": "May", "Day": 2, "Year": 1944, "Name of Vessel": "RYOYO MARU", "Type of Vessel": "Passenger-Cargo", "Standard T": "5973", "Latitude": "48-04N", "Longitude": "153-16E", "Flag of Aggressor": "United States", "Type of Aggression": "Submarine", "Assessment": "Sunk" }, "geometry": { "type": "Point", "coordinates": [ 153.26666666666668, 48.06666666666667 ] } },
{ "type": "Feature", "properties": { "Month": "May", "Day": 3, "Year": 1944, "Name of Vessel": "AMAGI MARU", "Type of Vessel": "Passenger-Cargo", "Standard T": "3165", "Latitude": "11-00N", "Longitude": "92-00E", "Flag of Aggressor": "Great Britain", "Type of Aggression": "Submarine", "Assessment": "Sunk" }, "geometry": { "type": "Point", "coordinates": [ 92.0, 11.0 ] } },
{ "type": "Feature", "properties": { "Month": "May", "Day": 3, "Year": 1944, "Name of Vessel": "SHINGU MARU", "Type of Vessel": "Cargo", "Standard T": "2745", "Latitude": "22-05N", "Longitude": "117-50E", "Flag of Aggressor": "United States", "Type of Aggression": "Army Aircraft", "Assessment": "Sunk" }, "geometry": { "type": "Point", "coordinates": [ 117.833333333333329, 22.083333333333332 ] } },
{ "type": "Feature", "properties": { "Month": "May", "Day": 3, "Year": 1944, "Name of Vessel": "KENAN MARU", "Type of Vessel": "Cargo", "Standard T": "3129", "Latitude": "15-29N", "Longitude": "145-42E", "Flag of Aggressor": "United States", "Type of Aggression": "Submarine", "Assessment": "Sunk" }, "geometry": { "type": "Point", "coordinates": [ 145.7, 15.483333333333333 ] } },
{ "type": "Feature", "properties": { "Month": "May", "Day": 3, "Year": 1944, "Name of Vessel": "FUSHIMI MARU", "Type of Vessel": "Passenger-Cargo", "Standard T": "4935", "Latitude": "45-28N", "Longitude": "149-56E", "Flag of Aggressor": "United States", "Type of Aggression": "Submarine", "Assessment": "Sunk" }, "geometry": { "type": "Point", "coordinates": [ 149.933333333333337, 45.466666666666669 ] } },
{ "type": "Feature", "properties": { "Month": "May", "Day": 3, "Year": 1944, "Name of Vessel": "TEISEN MARU", "Type of Vessel": "Cargo", "Standard T": "5050", "Latitude": "12-54N", "Longitude": "114-07E", "Flag of Aggressor": "United States", "Type of Aggression": "Submarine", "Assessment": "Sunk" }, "geometry": { "type": "Point", "coordinates": [ 114.11666666666666, 12.9 ] } },
{ "type": "Feature", "properties": { "Month": "May", "Day": 4, "Year": 1944, "Name of Vessel": "TOYOHI MARU", "Type of Vessel": "Cargo", "Standard T": "6436", "Latitude": "20-51N", "Longitude": "118-02E", "Flag of Aggressor": "United States", "Type of Aggression": "Submarine", "Assessment": "Sunk" }, "geometry": { "type": "Point", "coordinates": [ 118.033333333333331, 20.85 ] } },
{ "type": "Feature", "properties": { "Month": "May", "Day": 4, "Year": 1944, "Name of Vessel": "SHORYU MARU", "Type of Vessel": "Cargo", "Standard T": "6475", "Latitude": "20-48N", "Longitude": "118-03E", "Flag of Aggressor": "United States", "Type of Aggression": "Submarine", "Assessment": "Sunk" }, "geometry": { "type": "Point", "coordinates": [ 118.05, 20.8 ] } },
{ "type": "Feature", "properties": { "Month": "May", "Day": 4, "Year": 1944, "Name of Vessel": "EIRYU MARU", "Type of Vessel": "Converted Net Tender", "Standard T": "758", "Latitude": "7-04N", "Longitude": "129-18E", "Flag of Aggressor": "United States", "Type of Aggression": "Submarine", "Assessment": "Sunk" }, "geometry": { "type": "Point", "coordinates": [ 129.3, 7.066666666666666 ] } },
{ "type": "Feature", "properties": { "Month": "May", "Day": 4, "Year": 1944, "Name of Vessel": "TAIBU MARU", "Type of Vessel": "Cargo", "Standard T": "6440", "Latitude": "20-54N", "Longitude": "118-14E", "Flag of Aggressor": "United States", "Type of Aggression": "Submarine*", "Assessment": "Sunk" }, "geometry": { "type": "Point", "coordinates": [ 118.233333333333334, 20.9 ] } },
{ "type": "Feature", "properties": { "Month": "May", "Day": 4, "Year": 1944, "Name of Vessel": "TAIYOKU MARU", "Type of Vessel": "Cargo", "Standard T": "5244", "Latitude": "20-48N", "Longitude": "118-03E", "Flag of Aggressor": "United States", "Type of Aggression": "Submarine*", "Assessment": "Sunk" }, "geometry": { "type": "Point", "coordinates": [ 118.05, 20.8 ] } },
{ "type": "Feature", "properties": { "Month": "May", "Day": 4, "Year": 1944, "Name of Vessel": "KINREI MARU", "Type of Vessel": "Cargo", "Standard T": "5947", "Latitude": "20-58N", "Longitude": "117-59E", "Flag of Aggressor": "United States", "Type of Aggression": "Submarine*", "Assessment": "Sunk" }, "geometry": { "type": "Point", "coordinates": [ 117.983333333333334, 20.966666666666665 ] } },
{ "type": "Feature", "properties": { "Month": "May", "Day": 5, "Year": 1944, "Name of Vessel": "SHIRANE MARU", "Type of Vessel": "Cargo", "Standard T": "2825", "Latitude": "33-31N", "Longitude": "135-28E", "Flag of Aggressor": "United States", "Type of Aggression": "Submarine", "Assessment": "Sunk" }, "geometry": { "type": "Point", "coordinates": [ 135.466666666666669, 33.516666666666666 ] } },
{ "type": "Feature", "properties": { "Month": "May", "Day": 6, "Year": 1944, "Name of Vessel": "TOYOURA MARU", "Type of Vessel": "Cargo", "Standard T": "2510", "Latitude": "32-16N", "Longitude": "127-08E", "Flag of Aggressor": "United States", "Type of Aggression": "Submarine", "Assessment": "Sunk" }, "geometry": { "type": "Point", "coordinates": [ 127.13333333333334, 32.266666666666666 ] } },
{ "type": "Feature", "properties": { "Month": "May", "Day": 6, "Year": 1944, "Name of Vessel": "NISSHIN MARU", "Type of Vessel": "Tanker", "Standard T": "16801", "Latitude": "7-17N", "Longitude": "116-51E", "Flag of Aggressor": "United States", "Type of Aggression": "Submarine", "Assessment": "Sunk" }, "geometry": { "type": "Point", "coordinates": [ 116.85, 7.283333333333333 ] } },
{ "type": "Feature", "properties": { "Month": "May", "Day": 6, "Year": 1944, "Name of Vessel": "TENSHINZANMARU", "Type of Vessel": "Cargo", "Standard T": "6886", "Latitude": "2-42N", "Longitude": "124-10E", "Flag of Aggressor": "United States", "Type of Aggression": "Submarine", "Assessment": "Sunk" }, "geometry": { "type": "Point", "coordinates": [ 124.166666666666671, 2.7 ] } },
{ "type": "Feature", "properties": { "Month": "May", "Day": 6, "Year": 1944, "Name of Vessel": "TAIJIMA MARU", "Type of Vessel": "Passenger-Cargo", "Standard T": "6995", "Latitude": "2-42N", "Longitude": "124-10E", "Flag of Aggressor": "United States", "Type of Aggression": "Submarine", "Assessment": "Sunk" }, "geometry": { "type": "Point", "coordinates": [ 124.166666666666671, 2.7 ] } },
{ "type": "Feature", "properties": { "Month": "May", "Day": 6, "Year": 1944, "Name of Vessel": "ADEN MARU", "Type of Vessel": "Passenger-Cargo", "Standard T": "5824", "Latitude": "2-42N", "Longitude": "124-10E", "Flag of Aggressor": "United States", "Type of Aggression": "Submarine", "Assessment": "Sunk" }, "geometry": { "type": "Point", "coordinates": [ 124.166666666666671, 2.7 ] } },
{ "type": "Feature", "properties": { "Month": "May", "Day": 7, "Year": 1944, "Name of Vessel": "ROSSBACH", "Type of Vessel": "Tanker", "Standard T": "5894", "Latitude": "33-14N", "Longitude": "134-40E", "Flag of Aggressor": "United States", "Type of Aggression": "Submarine", "Assessment": "Sunk" }, "geometry": { "type": "Point", "coordinates": [ 134.666666666666657, 33.233333333333334 ] } },
{ "type": "Feature", "properties": { "Month": "May", "Day": 8, "Year": 1944, "Name of Vessel": "MIYAZAKI MARU", "Type of Vessel": "Passenger-Cargo", "Standard T": "3944", "Latitude": "41-49N", "Longitude": "141-12E", "Flag of Aggressor": "United States", "Type of Aggression": "Submarine", "Assessment": "Sunk" }, "geometry": { "type": "Point", "coordinates": [ 141.2, 41.81666666666667 ] } },
{ "type": "Feature", "properties": { "Month": "May", "Day": 10, "Year": 1944, "Name of Vessel": "OKINAWA MARU", "Type of Vessel": "Cargo", "Standard T": "2254", "Latitude": "11-26N", "Longitude": "143-46E", "Flag of Aggressor": "United States", "Type of Aggression": "Submarine", "Assessment": "Sunk" }, "geometry": { "type": "Point", "coordinates": [ 143.76666666666668, 11.433333333333334 ] } },
{ "type": "Feature", "properties": { "Month": "May", "Day": 10, "Year": 1944, "Name of Vessel": "MIKAGE MARU NO18", "Type of Vessel": "Passenger-Cargo", "Standard T": "4319", "Latitude": "11-26N", "Longitude": "143-46E", "Flag of Aggressor": "United States", "Type of Aggression": "Submarine", "Assessment": "Sunk" }, "geometry": { "type": "Point", "coordinates": [ 143.76666666666668, 11.433333333333334 ] } },
{ "type": "Feature", "properties": { "Month": "May", "Day": 10, "Year": 1944, "Name of Vessel": "CHOAN MARU NO2", "Type of Vessel": "Converted Gunboat", "Standard T": "2631", "Latitude": "11-26N", "Longitude": "143-46E", "Flag of Aggressor": "United States", "Type of Aggression": "Submarine", "Assessment": "Sunk" }, "geometry": { "type": "Point", "coordinates": [ 143.76666666666668, 11.433333333333334 ] } },
{ "type": "Feature", "properties": { "Month": "May", "Day": 10, "Year": 1944, "Name of Vessel": "SHOHEI MARU", "Type of Vessel": "Cargo", "Standard T": "7256", "Latitude": "15-38N", "Longitude": "119-25E", "Flag of Aggressor": "United States", "Type of Aggression": "Submarine", "Assessment": "Sunk" }, "geometry": { "type": "Point", "coordinates": [ 119.416666666666671, 15.633333333333333 ] } },
{ "type": "Feature", "properties": { "Month": "May", "Day": 11, "Year": 1944, "Name of Vessel": "CHOI MARU", "Type of Vessel": "Cargo", "Standard T": "1074", "Latitude": "3-30S", "Longitude": "126-06E", "Flag of Aggressor": "United States", "Type of Aggression": "Submarine", "Assessment": "Sunk" }, "geometry": { "type": "Point", "coordinates": [ 126.1, -3.5 ] } },
{ "type": "Feature", "properties": { "Month": "May", "Day": 11, "Year": 1944, "Name of Vessel": "MITAKESAN MARU", "Type of Vessel": "Passenger-Cargo", "Standard T": "4441", "Latitude": "14-58N", "Longitude": "145-26E", "Flag of Aggressor": "United States", "Type of Aggression": "Submarine", "Assessment": "Sunk" }, "geometry": { "type": "Point", "coordinates": [ 145.433333333333337, 14.966666666666667 ] } },
{ "type": "Feature", "properties": { "Month": "May", "Day": 11, "Year": 1944, "Name of Vessel": "SEIRYU MARU", "Type of Vessel": "Cargo", "Standard T": "1904", "Latitude": "29-30N", "Longitude": "141-40E", "Flag of Aggressor": "United States", "Type of Aggression": "Submarine", "Assessment": "Sunk" }, "geometry": { "type": "Point", "coordinates": [ 141.666666666666657, 29.5 ] } },
{ "type": "Feature", "properties": { "Month": "May", "Day": 12, "Year": 1944, "Name of Vessel": "BANEI MARU NO2", "Type of Vessel": "Cargo", "Standard T": "1186", "Latitude": "40-01N", "Longitude": "141-58E", "Flag of Aggressor": "United States", "Type of Aggression": "Submarine", "Assessment": "Sunk" }, "geometry": { "type": "Point", "coordinates": [ 141.966666666666669, 40.016666666666666 ] } },
{ "type": "Feature", "properties": { "Month": "May", "Day": 12, "Year": 1944, "Name of Vessel": "KASUMI MARU", "Type of Vessel": "Cargo", "Standard T": "1400", "Latitude": "5-00N", "Longitude": "100-00E", "Flag of Aggressor": "Japan", "Type of Aggression": "Mine", "Assessment": "Sunk" }, "geometry": { "type": "Point", "coordinates": [ 100.0, 5.0 ] } },
{ "type": "Feature", "properties": { "Month": "May", "Day": 13, "Year": 1944, "Name of Vessel": "ANBO MARU", "Type of Vessel": "Cargo", "Standard T": "4523", "Latitude": "34-31N", "Longitude": "138-33E", "Flag of Aggressor": "United States", "Type of Aggression": "Submarine", "Assessment": "Sunk" }, "geometry": { "type": "Point", "coordinates": [ 138.55, 34.516666666666666 ] } },
{ "type": "Feature", "properties": { "Month": "May", "Day": 14, "Year": 1944, "Name of Vessel": "KOHO MARU", "Type of Vessel": "Cargo", "Standard T": "4291", "Latitude": "13-42N", "Longitude": "144-43E", "Flag of Aggressor": "United States", "Type of Aggression": "Submarine", "Assessment": "Sunk" }, "geometry": { "type": "Point", "coordinates": [ 144.716666666666669, 13.7 ] } },
{ "type": "Feature", "properties": { "Month": "May", "Day": 14, "Year": 1944, "Name of Vessel": "BISAN MARU", "Type of Vessel": "Cargo", "Standard T": "4500", "Latitude": "9-00N", "Longitude": "133-34E", "Flag of Aggressor": "United States", "Type of Aggression": "Submarine", "Assessment": "Sunk" }, "geometry": { "type": "Point", "coordinates": [ 133.566666666666663, 9.0 ] } },
{ "type": "Feature", "properties": { "Month": "May", "Day": 15, "Year": 1944, "Name of Vessel": "JOKUJA MARU", "Type of Vessel": "Cargo", "Standard T": "6440", "Latitude": "10-10N", "Longitude": "131-25E", "Flag of Aggressor": "United States", "Type of Aggression": "Submarine", "Assessment": "Sunk" }, "geometry": { "type": "Point", "coordinates": [ 131.416666666666657, 10.166666666666666 ] } },
{ "type": "Feature", "properties": { "Month": "May", "Day": 17, "Year": 1944, "Name of Vessel": "SHINREI MARU", "Type of Vessel": "Cargo", "Standard T": "987", "Latitude": "5-00S", "Longitude": "110-00E", "Flag of Aggressor": "Great Britain", "Type of Aggression": "Navy Aircraft", "Assessment": "Sunk" }, "geometry": { "type": "Point", "coordinates": [ 110.0, -5.0 ] } },
{ "type": "Feature", "properties": { "Month": "May", "Day": 17, "Year": 1944, "Name of Vessel": "TAIKOKU MARU", "Type of Vessel": "Cargo", "Standard T": "2633", "Latitude": "14-57N", "Longitude": "144-47E", "Flag of Aggressor": "United States", "Type of Aggression": "Submarine", "Assessment": "Sunk" }, "geometry": { "type": "Point", "coordinates": [ 144.783333333333331, 14.95 ] } },
{ "type": "Feature", "properties": { "Month": "May", "Day": 17, "Year": 1944, "Name of Vessel": "FUKKO MARU", "Type of Vessel": "Passenger-Cargo", "Standard T": "3834", "Latitude": "14-55N", "Longitude": "142-30E", "Flag of Aggressor": "United States", "Type of Aggression": "Submarine", "Assessment": "Sunk" }, "geometry": { "type": "Point", "coordinates": [ 142.5, 14.916666666666666 ] } },
{ "type": "Feature", "properties": { "Month": "May", "Day": 17, "Year": 1944, "Name of Vessel": "NICHIWA MARU", "Type of Vessel": "Cargo", "Standard T": "4955", "Latitude": "14-45N", "Longitude": "142-40E", "Flag of Aggressor": "United States", "Type of Aggression": "Submarine", "Assessment": "Sunk" }, "geometry": { "type": "Point", "coordinates": [ 142.666666666666657, 14.75 ] } },
{ "type": "Feature", "properties": { "Month": "May", "Day": 18, "Year": 1944, "Name of Vessel": "SHINRYU MARU", "Type of Vessel": "Cargo", "Standard T": "3181", "Latitude": "7-36S", "Longitude": "113-12E", "Flag of Aggressor": "United States", "Type of Aggression": "Submarine", "Assessment": "Sunk" }, "geometry": { "type": "Point", "coordinates": [ 113.2, -7.6 ] } },
{ "type": "Feature", "properties": { "Month": "May", "Day": 20, "Year": 1944, "Name of Vessel": "JINJU MARU", "Type of Vessel": "Cargo", "Standard T": "3192", "Latitude": "21-05N", "Longitude": "117-00E", "Flag of Aggressor": "United States", "Type of Aggression": "Army Aircraft", "Assessment": "Sunk" }, "geometry": { "type": "Point", "coordinates": [ 117.0, 21.083333333333332 ] } },
{ "type": "Feature", "properties": { "Month": "May", "Day": 20, "Year": 1944, "Name of Vessel": "SHOSEI MARU", "Type of Vessel": "Converted Gunboat", "Standard T": "998", "Latitude": "13-32N", "Longitude": "144-36E", "Flag of Aggressor": "United States", "Type of Aggression": "Submarine", "Assessment": "Sunk" }, "geometry": { "type": "Point", "coordinates": [ 144.6, 13.533333333333333 ] } },
{ "type": "Feature", "properties": { "Month": "May", "Day": 20, "Year": 1944, "Name of Vessel": "MIYAURA MARU", "Type of Vessel": "Cargo", "Standard T": "1856", "Latitude": "2-14N", "Longitude": "128-00E", "Flag of Aggressor": "United States", "Type of Aggression": "Submarine", "Assessment": "Sunk" }, "geometry": { "type": "Point", "coordinates": [ 128.0, 2.233333333333333 ] } },
{ "type": "Feature", "properties": { "Month": "May", "Day": 20, "Year": 1944, "Name of Vessel": "OTORI MARU", "Type of Vessel": "Cargo", "Standard T": "2105", "Latitude": "5-40S", "Longitude": "105-27E", "Flag of Aggressor": "United States", "Type of Aggression": "Submarine", "Assessment": "Sunk" }, "geometry": { "type": "Point", "coordinates": [ 105.45, -5.666666666666667 ] } },
{ "type": "Feature", "properties": { "Month": "May", "Day": 22, "Year": 1944, "Name of Vessel": "KOSHO MARU", "Type of Vessel": "Cargo", "Standard T": "1365", "Latitude": "4-55N", "Longitude": "100-21E", "Flag of Aggressor": "Great Britain", "Type of Aggression": "Submarine", "Assessment": "Sunk" }, "geometry": { "type": "Point", "coordinates": [ 100.35, 4.916666666666667 ] } },
{ "type": "Feature", "properties": { "Month": "May", "Day": 22, "Year": 1944, "Name of Vessel": "TENPEI MARU", "Type of Vessel": "Passenger-Cargo", "Standard T": "6094", "Latitude": "5-43N", "Longitude": "127-37E", "Flag of Aggressor": "United States", "Type of Aggression": "Submarine", "Assessment": "Sunk" }, "geometry": { "type": "Point", "coordinates": [ 127.61666666666666, 5.716666666666667 ] } },
{ "type": "Feature", "properties": { "Month": "May", "Day": 22, "Year": 1944, "Name of Vessel": "TSUKUBA MARU", "Type of Vessel": "Cargo", "Standard T": "3172", "Latitude": "21-20N", "Longitude": "117-10E", "Flag of Aggressor": "United States", "Type of Aggression": "Army Aircraft, Submarine", "Assessment": "Sunk" }, "geometry": { "type": "Point", "coordinates": [ 117.166666666666671, 21.333333333333332 ] } },
{ "type": "Feature", "properties": { "Month": "May", "Day": 23, "Year": 1944, "Name of Vessel": "TAIJUN MARU", "Type of Vessel": "Cargo", "Standard T": "2825", "Latitude": "2-38N", "Longitude": "128-08E", "Flag of Aggressor": "United States", "Type of Aggression": "Submarine", "Assessment": "Sunk" }, "geometry": { "type": "Point", "coordinates": [ 128.133333333333326, 2.633333333333333 ] } },
{ "type": "Feature", "properties": { "Month": "May", "Day": 24, "Year": 1944, "Name of Vessel": "TATEKAWAMARU", "Type of Vessel": "Tanker", "Standard T": "10090", "Latitude": "5-45N", "Longitude": "125-45E", "Flag of Aggressor": "United States", "Type of Aggression": "Submarine", "Assessment": "Sunk" }, "geometry": { "type": "Point", "coordinates": [ 125.75, 5.75 ] } },
{ "type": "Feature", "properties": { "Month": "May", "Day": 24, "Year": 1944, "Name of Vessel": "WALES MARU", "Type of Vessel": "Passenger-Cargo", "Standard T": "6586", "Latitude": "7-16N", "Longitude": "109-04E", "Flag of Aggressor": "United States", "Type of Aggression": "Submarine", "Assessment": "Sunk" }, "geometry": { "type": "Point", "coordinates": [ 109.066666666666663, 7.266666666666667 ] } },
{ "type": "Feature", "properties": { "Month": "May", "Day": 24, "Year": 1944, "Name of Vessel": "BIZEN MARU", "Type of Vessel": "Cargo", "Standard T": "4667", "Latitude": "7-25N", "Longitude": "108-43E", "Flag of Aggressor": "United States", "Type of Aggression": "Submarine", "Assessment": "Sunk" }, "geometry": { "type": "Point", "coordinates": [ 108.716666666666669, 7.416666666666667 ] } },
{ "type": "Feature", "properties": { "Month": "May", "Day": 25, "Year": 1944, "Name of Vessel": "TAITO MARU", "Type of Vessel": "Passenger-Cargo", "Standard T": "4466", "Latitude": "11-30N", "Longitude": "134-55E", "Flag of Aggressor": "United States", "Type of Aggression": "Submarine", "Assessment": "Sunk" }, "geometry": { "type": "Point", "coordinates": [ 134.916666666666657, 11.5 ] } },
{ "type": "Feature", "properties": { "Month": "May", "Day": 25, "Year": 1944, "Name of Vessel": "OSAKA MARU", "Type of Vessel": "Passenger-Cargo", "Standard T": "3740", "Latitude": "11-30N", "Longitude": "134-55E", "Flag of Aggressor": "United States", "Type of Aggression": "Submarine", "Assessment": "Sunk" }, "geometry": { "type": "Point", "coordinates": [ 134.916666666666657, 11.5 ] } },
{ "type": "Feature", "properties": { "Month": "May", "Day": 26, "Year": 1944, "Name of Vessel": "CHIYO MARU", "Type of Vessel": "Cargo", "Standard T": "657", "Latitude": "20-30N", "Longitude": "141-45E", "Flag of Aggressor": "United States", "Type of Aggression": "Submarine", "Assessment": "Sunk" }, "geometry": { "type": "Point", "coordinates": [ 141.75, 20.5 ] } },
{ "type": "Feature", "properties": { "Month": "May", "Day": 26, "Year": 1944, "Name of Vessel": "SANYO MARU", "Type of Vessel": "Converted Seaplane Tender", "Standard T": "8360", "Latitude": "2-48N", "Longitude": "124-19E", "Flag of Aggressor": "United States", "Type of Aggression": "Submarine", "Assessment": "Sunk" }, "geometry": { "type": "Point", "coordinates": [ 124.316666666666663, 2.8 ] } },
{ "type": "Feature", "properties": { "Month": "May", "Day": 26, "Year": 1944, "Name of Vessel": "AKISHIMA MARU", "Type of Vessel": "Cargo", "Standard T": "1993", "Latitude": "33-48N", "Longitude": "131-33E", "Flag of Aggressor": "United States", "Type of Aggression": "Army Mine", "Assessment": "Sunk" }, "geometry": { "type": "Point", "coordinates": [ 131.55, 33.8 ] } },
{ "type": "Feature", "properties": { "Month": "May", "Day": 29, "Year": 1944, "Name of Vessel": "ANSHU MARU", "Type of Vessel": "Converted Gunboat", "Standard T": "2601", "Latitude": "3-40S", "Longitude": "126-58E", "Flag of Aggressor": "United States", "Type of Aggression": "Submarine", "Assessment": "Sunk" }, "geometry": { "type": "Point", "coordinates": [ 126.966666666666669, -3.666666666666667 ] } },
{ "type": "Feature", "properties": { "Month": "May", "Day": 29, "Year": 1944, "Name of Vessel": "SHOKEN MARU", "Type of Vessel": "Cargo", "Standard T": "1949", "Latitude": "16-23N", "Longitude": "144-59E", "Flag of Aggressor": "United States", "Type of Aggression": "Submarine", "Assessment": "Sunk" }, "geometry": { "type": "Point", "coordinates": [ 144.98333333333332, 16.383333333333333 ] } },
{ "type": "Feature", "properties": { "Month": "May", "Day": 29, "Year": 1944, "Name of Vessel": "HORAIZAN MARU", "Type of Vessel": "Cargo", "Standard T": "1999", "Latitude": "16-23N", "Longitude": "144-59E", "Flag of Aggressor": "United States", "Type of Aggression": "Submarine", "Assessment": "Sunk" }, "geometry": { "type": "Point", "coordinates": [ 144.98333333333332, 16.383333333333333 ] } },
{ "type": "Feature", "properties": { "Month": "May", "Day": 30, "Year": 1944, "Name of Vessel": "SHIGA MARU", "Type of Vessel": "Cargo", "Standard T": "742", "Latitude": "33-15N", "Longitude": "134-11E", "Flag of Aggressor": "United States", "Type of Aggression": "Submarine", "Assessment": "Sunk" }, "geometry": { "type": "Point", "coordinates": [ 134.183333333333337, 33.25 ] } },
{ "type": "Feature", "properties": { "Month": "May", "Day": 30, "Year": 1944, "Name of Vessel": "SHISEN MARU", "Type of Vessel": "Cargo", "Standard T": "2201", "Latitude": "24-30N", "Longitude": "122-30E", "Flag of Aggressor": "United States", "Type of Aggression": "Submarine", "Assessment": "Sunk" }, "geometry": { "type": "Point", "coordinates": [ 122.5, 24.5 ] } },
{ "type": "Feature", "properties": { "Month": "May", "Day": 31, "Year": 1944, "Name of Vessel": "HOKUYO MARU", "Type of Vessel": "Cargo", "Standard T": "1590", "Latitude": "48-00N", "Longitude": "153-00E", "Flag of Aggressor": "United States", "Type of Aggression": "Submarine", "Assessment": "Sunk" }, "geometry": { "type": "Point", "coordinates": [ 153.0, 48.0 ] } },
{ "type": "Feature", "properties": { "Month": "May", "Day": 31, "Year": 1944, "Name of Vessel": "KOTO MARU", "Type of Vessel": "Cargo", "Standard T": "1053", "Latitude": "47-52N", "Longitude": "151-02E", "Flag of Aggressor": "United States", "Type of Aggression": "Submarine", "Assessment": "Sunk" }, "geometry": { "type": "Point", "coordinates": [ 151.033333333333331, 47.866666666666667 ] } },
{ "type": "Feature", "properties": { "Month": "May", "Day": 31, "Year": 1944, "Name of Vessel": "MADRAS MARU", "Type of Vessel": "Passenger-Cargo", "Standard T": "3802", "Latitude": "48-21N", "Longitude": "151-19E", "Flag of Aggressor": "United States", "Type of Aggression": "Submarine", "Assessment": "Sunk" }, "geometry": { "type": "Point", "coordinates": [ 151.316666666666663, 48.35 ] } },
{ "type": "Feature", "properties": { "Month": "June", "Day": 1, "Year": 1944, "Name of Vessel": "TOHO MARU", "Type of Vessel": "Cargo", "Standard T": "4716", "Latitude": "18-13N", "Longitude": "141-19E", "Flag of Aggressor": "United States", "Type of Aggression": "Submarine", "Assessment": "Sunk" }, "geometry": { "type": "Point", "coordinates": [ 141.316666666666663, 18.216666666666665 ] } },
{ "type": "Feature", "properties": { "Month": "June", "Day": 1, "Year": 1944, "Name of Vessel": "IWAKI MARU", "Type of Vessel": "Cargo", "Standard T": "3124", "Latitude": "48-00N", "Longitude": "153-00E", "Flag of Aggressor": "United States", "Type of Aggression": "Submarine", "Assessment": "Sunk" }, "geometry": { "type": "Point", "coordinates": [ 153.0, 48.0 ] } },
{ "type": "Feature", "properties": { "Month": "June", "Day": 1, "Year": 1944, "Name of Vessel": "HIBURI MARU", "Type of Vessel": "Passenger-Cargo", "Standard T": "4365", "Latitude": "48-00N", "Longitude": "153-00E", "Flag of Aggressor": "United States", "Type of Aggression": "Submarine", "Assessment": "Sunk" }, "geometry": { "type": "Point", "coordinates": [ 153.0, 48.0 ] } },
{ "type": "Feature", "properties": { "Month": "June", "Day": 2, "Year": 1944, "Name of Vessel": "CHIYO MARU", "Type of Vessel": "Cargo", "Standard T": "4700", "Latitude": "20-53N", "Longitude": "140-17E", "Flag of Aggressor": "United States", "Type of Aggression": "Submarine", "Assessment": "Sunk" }, "geometry": { "type": "Point", "coordinates": [ 140.283333333333331, 20.883333333333333 ] } },
{ "type": "Feature", "properties": { "Month": "June", "Day": 4, "Year": 1944, "Name of Vessel": "KATSUKAWAMARU", "Type of Vessel": "Cargo", "Standard T": "6886", "Latitude": "19-35N", "Longitude": "138-43E", "Flag of Aggressor": "United States", "Type of Aggression": "Submarine", "Assessment": "Sunk" }, "geometry": { "type": "Point", "coordinates": [ 138.716666666666669, 19.583333333333332 ] } },
{ "type": "Feature", "properties": { "Month": "June", "Day": 4, "Year": 1944, "Name of Vessel": "HAKUSAN MARU", "Type of Vessel": "Transport", "Standard T": "10380", "Latitude": "22-55N", "Longitude": "136-44E", "Flag of Aggressor": "United States", "Type of Aggression": "Submarine", "Assessment": "Sunk" }, "geometry": { "type": "Point", "coordinates": [ 136.73333333333332, 22.916666666666668 ] } },
{ "type": "Feature", "properties": { "Month": "June", "Day": 5, "Year": 1944, "Name of Vessel": "ASHIZURI", "Type of Vessel": "Tanker", "Standard T": "2,166e", "Latitude": "6-32N", "Longitude": "120-40E", "Flag of Aggressor": "United States", "Type of Aggression": "Submarine", "Assessment": "Sunk" }, "geometry": { "type": "Point", "coordinates": [ 120.666666666666671, 6.533333333333333 ] } },
{ "type": "Feature", "properties": { "Month": "June", "Day": 5, "Year": 1944, "Name of Vessel": "TAKASAKI", "Type of Vessel": "Tanker", "Standard T": "2,500e", "Latitude": "6-32N", "Longitude": "120-40E", "Flag of Aggressor": "United States", "Type of Aggression": "Submarine", "Assessment": "Sunk" }, "geometry": { "type": "Point", "coordinates": [ 120.666666666666671, 6.533333333333333 ] } },
{ "type": "Feature", "properties": { "Month": "June", "Day": 5, "Year": 1944, "Name of Vessel": "TAMAHIME MARU", "Type of Vessel": "Cargo", "Standard T": "3080", "Latitude": "17-37N", "Longitude": "140-32E", "Flag of Aggressor": "United States", "Type of Aggression": "Submarine", "Assessment": "Sunk" }, "geometry": { "type": "Point", "coordinates": [ 140.533333333333331, 17.616666666666667 ] } },
{ "type": "Feature", "properties": { "Month": "June", "Day": 5, "Year": 1944, "Name of Vessel": "TAKAOKA MARU", "Type of Vessel": "Passenger-Cargo", "Standard T": "7006", "Latitude": "17-37N", "Longitude": "140-32E", "Flag of Aggressor": "United States", "Type of Aggression": "Submarine", "Assessment": "Sunk" }, "geometry": { "type": "Point", "coordinates": [ 140.533333333333331, 17.616666666666667 ] } },
{ "type": "Feature", "properties": { "Month": "June", "Day": 6, "Year": 1944, "Name of Vessel": "KASHIMASAN MARU", "Type of Vessel": "Cargo", "Standard T": "2825", "Latitude": "16-41N", "Longitude": "142-43E", "Flag of Aggressor": "United States", "Type of Aggression": "Submarine", "Assessment": "Sunk" }, "geometry": { "type": "Point", "coordinates": [ 142.716666666666669, 16.683333333333334 ] } },
{ "type": "Feature", "properties": { "Month": "June", "Day": 6, "Year": 1944, "Name of Vessel": "HAVRE MARU", "Type of Vessel": "Cargo", "Standard T": "5652", "Latitude": "16-41N", "Longitude": "142-43E", "Flag of Aggressor": "United States", "Type of Aggression": "Submarine", "Assessment": "Sunk" }, "geometry": { "type": "Point", "coordinates": [ 142.716666666666669, 16.683333333333334 ] } },
{ "type": "Feature", "properties": { "Month": "June", "Day": 8, "Year": 1944, "Name of Vessel": "SHIOYA", "Type of Vessel": "Tanker", "Standard T": "4,000e", "Latitude": "3-04N", "Longitude": "124-03E", "Flag of Aggressor": "United States", "Type of Aggression": "Submarine", "Assessment": "Sunk" }, "geometry": { "type": "Point", "coordinates": [ 124.05, 3.066666666666667 ] } },
{ "type": "Feature", "properties": { "Month": "June", "Day": 10, "Year": 1944, "Name of Vessel": "HIYOSHI MARU", "Type of Vessel": "Cargo", "Standard T": "535", "Latitude": "3-05N", "Longitude": "99-56E", "Flag of Aggressor": "Great Britain", "Type of Aggression": "Submarine", "Assessment": "Sunk" }, "geometry": { "type": "Point", "coordinates": [ 99.933333333333337, 3.083333333333333 ] } },
{ "type": "Feature", "properties": { "Month": "June", "Day": 11, "Year": 1944, "Name of Vessel": "ASANAGI MARU", "Type of Vessel": "Tanker", "Standard T": "5142", "Latitude": "6-20N", "Longitude": "120-47E", "Flag of Aggressor": "United States", "Type of Aggression": "Submarine", "Assessment": "Sunk" }, "geometry": { "type": "Point", "coordinates": [ 120.783333333333331, 6.333333333333333 ] } },
{ "type": "Feature", "properties": { "Month": "June", "Day": 11, "Year": 1944, "Name of Vessel": "TOTEN MARU", "Type of Vessel": "Cargo", "Standard T": "3823", "Latitude": "46-58N", "Longitude": "143-50E", "Flag of Aggressor": "United States", "Type of Aggression": "Submarine", "Assessment": "Sunk" }, "geometry": { "type": "Point", "coordinates": [ 143.833333333333343, 46.966666666666669 ] } },
{ "type": "Feature", "properties": { "Month": "June", "Day": 11, "Year": 1944, "Name of Vessel": "CHIHAYA MARU", "Type of Vessel": "Cargo", "Standard T": "1161", "Latitude": "46-58N", "Longitude": "143-50E", "Flag of Aggressor": "United States", "Type of Aggression": "Submarine", "Assessment": "Sunk" }, "geometry": { "type": "Point", "coordinates": [ 143.833333333333343, 46.966666666666669 ] } },
{ "type": "Feature", "properties": { "Month": "June", "Day": 12, "Year": 1944, "Name of Vessel": "KAINAN MARU", "Type of Vessel": "Cargo", "Standard T": "1133", "Latitude": "7-54N", "Longitude": "98-27E", "Flag of Aggressor": "Great Britain", "Type of Aggression": "Submarine", "Assessment": "Sunk" }, "geometry": { "type": "Point", "coordinates": [ 98.45, 7.9 ] } },
{ "type": "Feature", "properties": { "Month": "June", "Day": 12, "Year": 1944, "Name of Vessel": "KEIYO MARU", "Type of Vessel": "Passenger-Cargo", "Standard T": "6442", "Latitude": "15-14N", "Longitude": "145-44E", "Flag of Aggressor": "United States", "Type of Aggression": "Navy Carrier-Based Aircraft, Surface Craft", "Assessment": "Sunk" }, "geometry": { "type": "Point", "coordinates": [ 145.73333333333332, 15.233333333333333 ] } },
{ "type": "Feature", "properties": { "Month": "June", "Day": 12, "Year": 1944, "Name of Vessel": "BATAVIA MARU", "Type of Vessel": "Passenger-Cargo", "Standard T": "4392", "Latitude": "17-32N", "Longitude": "143-17E", "Flag of Aggressor": "United States", "Type of Aggression": "Navy Carrier-Based Aircraft", "Assessment": "Sunk" }, "geometry": { "type": "Point", "coordinates": [ 143.283333333333331, 17.533333333333335 ] } },
{ "type": "Feature", "properties": { "Month": "June", "Day": 12, "Year": 1944, "Name of Vessel": "FUKOKU MARU", "Type of Vessel": "Cargo", "Standard T": "2851", "Latitude": "17-30N", "Longitude": "144-00E", "Flag of Aggressor": "United States", "Type of Aggression": "Navy Carrier-Based Aircraft", "Assessment": "Sunk" }, "geometry": { "type": "Point", "coordinates": [ 144.0, 17.5 ] } },
{ "type": "Feature", "properties": { "Month": "June", "Day": 12, "Year": 1944, "Name of Vessel": "HINKO MARU", "Type of Vessel": "Cargo", "Standard T": "5418", "Latitude": "17-28N", "Longitude": "144-19E", "Flag of Aggressor": "United States", "Type of Aggression": "Navy Carrier-Based Aircraft", "Assessment": "Sunk" }, "geometry": { "type": "Point", "coordinates": [ 144.316666666666663, 17.466666666666665 ] } },
{ "type": "Feature", "properties": { "Month": "June", "Day": 12, "Year": 1944, "Name of Vessel": "IMIZU MARU", "Type of Vessel": "Passenger-Cargo", "Standard T": "2924", "Latitude": "17-30N", "Longitude": "144-00E", "Flag of Aggressor": "United States", "Type of Aggression": "Navy Carrier-Based Aircraft", "Assessment": "Sunk" }, "geometry": { "type": "Point", "coordinates": [ 144.0, 17.5 ] } },
{ "type": "Feature", "properties": { "Month": "June", "Day": 12, "Year": 1944, "Name of Vessel": "KOKKO MARU", "Type of Vessel": "Converted Net Tender", "Standard T": "716", "Latitude": "17-32N", "Longitude": "144-01E", "Flag of Aggressor": "United States", "Type of Aggression": "Navy Carrier-Based Aircraft", "Assessment": "Sunk" }, "geometry": { "type": "Point", "coordinates": [ 144.01666666666668, 17.533333333333335 ] } },
{ "type": "Feature", "properties": { "Month": "June", "Day": 12, "Year": 1944, "Name of Vessel": "NITCHO MARU", "Type of Vessel": "Cargo", "Standard T": "1,900e", "Latitude": "17-31N", "Longitude": "143-10E", "Flag of Aggressor": "United States", "Type of Aggression": "Navy Carrier-Based Aircraft", "Assessment": "Sunk" }, "geometry": { "type": "Point", "coordinates": [ 143.166666666666657, 17.516666666666666 ] } },
{ "type": "Feature", "properties": { "Month": "June", "Day": 12, "Year": 1944, "Name of Vessel": "REIKAI MARU", "Type of Vessel": "Cargo", "Standard T": "2750", "Latitude": "17-30N", "Longitude": "144-00E", "Flag of Aggressor": "United States", "Type of Aggression": "Navy Carrier-Based Aircraft", "Assessment": "Sunk" }, "geometry": { "type": "Point", "coordinates": [ 144.0, 17.5 ] } },
{ "type": "Feature", "properties": { "Month": "June", "Day": 12, "Year": 1944, "Name of Vessel": "MOJI MARU", "Type of Vessel": "Passenger-Cargo", "Standard T": "3831", "Latitude": "17-31N", "Longitude": "144-10E", "Flag of Aggressor": "United States", "Type of Aggression": "Navy Carrier-Based Aircraft", "Assessment": "Sunk" }, "geometry": { "type": "Point", "coordinates": [ 144.166666666666657, 17.516666666666666 ] } },
{ "type": "Feature", "properties": { "Month": "June", "Day": 12, "Year": 1944, "Name of Vessel": "MUTSUYO MARU", "Type of Vessel": "Cargo", "Standard T": "2726", "Latitude": "15-14N", "Longitude": "145-44E", "Flag of Aggressor": "United States", "Type of Aggression": "Navy Carrier-Based Aircraft", "Assessment": "Sunk" }, "geometry": { "type": "Point", "coordinates": [ 145.73333333333332, 15.233333333333333 ] } },
{ "type": "Feature", "properties": { "Month": "June", "Day": 12, "Year": 1944, "Name of Vessel": "TENRYUGAWA MARU", "Type of Vessel": "Cargo", "Standard T": "3883", "Latitude": "17-30N", "Longitude": "144-00E", "Flag of Aggressor": "United States", "Type of Aggression": "Navy Carrier-Based Aircraft", "Assessment": "Sunk" }, "geometry": { "type": "Point", "coordinates": [ 144.0, 17.5 ] } },
{ "type": "Feature", "properties": { "Month": "June", "Day": 12, "Year": 1944, "Name of Vessel": "SHINTO MARU", "Type of Vessel": "Cargo", "Standard T": "2245", "Latitude": "17-28N", "Longitude": "144-19E", "Flag of Aggressor": "United States", "Type of Aggression": "Navy Carrier-Based Aircraft", "Assessment": "Sunk" }, "geometry": { "type": "Point", "coordinates": [ 144.316666666666663, 17.466666666666665 ] } },
{ "type": "Feature", "properties": { "Month": "June", "Day": 13, "Year": 1944, "Name of Vessel": "TAKASHIMAMARU", "Type of Vessel": "Passenger-Cargo", "Standard T": "5633", "Latitude": "50-47N", "Longitude": "151-20E", "Flag of Aggressor": "United States", "Type of Aggression": "Submarine", "Assessment": "Sunk" }, "geometry": { "type": "Point", "coordinates": [ 151.333333333333343, 50.783333333333331 ] } },
{ "type": "Feature", "properties": { "Month": "June", "Day": 14, "Year": 1944, "Name of Vessel": "KOAN MARU", "Type of Vessel": "Cargo", "Standard T": "3183", "Latitude": "4-31N", "Longitude": "122-25E", "Flag of Aggressor": "United States", "Type of Aggression": "Submarine", "Assessment": "Sunk" }, "geometry": { "type": "Point", "coordinates": [ 122.416666666666671, 4.516666666666667 ] } },
{ "type": "Feature", "properties": { "Month": "June", "Day": 15, "Year": 1944, "Name of Vessel": "KOA MARU NO2 GO", "Type of Vessel": "Cargo", "Standard T": "572", "Latitude": "15-10N", "Longitude": "145-58E", "Flag of Aggressor": "United States", "Type of Aggression": "Navy Carrier-Based Aircraft", "Assessment": "Probably sunk" }, "geometry": { "type": "Point", "coordinates": [ 145.966666666666669, 15.166666666666666 ] } },
{ "type": "Feature", "properties": { "Month": "June", "Day": 15, "Year": 1944, "Name of Vessel": "TATSUTAGAWA MARU", "Type of Vessel": "Cargo", "Standard T": "1923", "Latitude": "25-02N", "Longitude": "144-37E", "Flag of Aggressor": "United States", "Type of Aggression": "Navy Carrier-Based Aircraft, Surface Craft", "Assessment": "Sunk" }, "geometry": { "type": "Point", "coordinates": [ 144.616666666666674, 25.033333333333335 ] } },
{ "type": "Feature", "properties": { "Month": "June", "Day": 15, "Year": 1944, "Name of Vessel": "KANSEISHI MARU", "Type of Vessel": "Cargo", "Standard T": "4804", "Latitude": "29-30N", "Longitude": "141-11E", "Flag of Aggressor": "United States", "Type of Aggression": "Submarine", "Assessment": "Sunk" }, "geometry": { "type": "Point", "coordinates": [ 141.183333333333337, 29.5 ] } },
{ "type": "Feature", "properties": { "Month": "June", "Day": 16, "Year": 1944, "Name of Vessel": "HINODE MARU", "Type of Vessel": "Cargo", "Standard T": "1916", "Latitude": "1-01N", "Longitude": "127-49E", "Flag of Aggressor": "United States", "Type of Aggression": "Army Aircraft", "Assessment": "Sunk" }, "geometry": { "type": "Point", "coordinates": [ 127.816666666666663, 1.016666666666667 ] } },
{ "type": "Feature", "properties": { "Month": "June", "Day": 16, "Year": 1944, "Name of Vessel": "SHOFUKU MARU", "Type of Vessel": "Cargo", "Standard T": "839", "Latitude": "00-53S", "Longitude": "131-15E", "Flag of Aggressor": "United States", "Type of Aggression": "Army Aircraft", "Assessment": "Sunk" }, "geometry": { "type": "Point", "coordinates": [ 131.25, -0.883333333333333 ] } },
{ "type": "Feature", "properties": { "Month": "June", "Day": 16, "Year": 1944, "Name of Vessel": "YUKI MARU", "Type of Vessel": "Cargo", "Standard T": "5704", "Latitude": "2-19N", "Longitude": "128-40E", "Flag of Aggressor": "United States", "Type of Aggression": "Submarine", "Assessment": "Sunk" }, "geometry": { "type": "Point", "coordinates": [ 128.666666666666657, 2.316666666666666 ] } },
{ "type": "Feature", "properties": { "Month": "June", "Day": 16, "Year": 1944, "Name of Vessel": "NANSHIN MARU", "Type of Vessel": "Passenger-Cargo", "Standard T": "1422", "Latitude": "2-28N", "Longitude": "118-09E", "Flag of Aggressor": "United States", "Type of Aggression": "Submarine", "Assessment": "Sunk" }, "geometry": { "type": "Point", "coordinates": [ 118.15, 2.466666666666667 ] } },
{ "type": "Feature", "properties": { "Month": "June", "Day": 17, "Year": 1944, "Name of Vessel": "MINYU MARU", "Type of Vessel": "Cargo", "Standard T": "529", "Latitude": "00-54S", "Longitude": "131-15E", "Flag of Aggressor": "United States", "Type of Aggression": "Army Aircraft", "Assessment": "Sunk" }, "geometry": { "type": "Point", "coordinates": [ 131.25, -0.9 ] } },
{ "type": "Feature", "properties": { "Month": "June", "Day": 17, "Year": 1944, "Name of Vessel": "NIPPONKAI MARU", "Type of Vessel": "Motor Torpedo Boat Tender", "Standard T": "2681", "Latitude": "6-58N", "Longitude": "127-52E", "Flag of Aggressor": "United States", "Type of Aggression": "Submarine", "Assessment": "Sunk" }, "geometry": { "type": "Point", "coordinates": [ 127.86666666666666, 6.966666666666667 ] } },
{ "type": "Feature", "properties": { "Month": "June", "Day": 17, "Year": 1944, "Name of Vessel": "KINSHU MARU", "Type of Vessel": "Cargo", "Standard T": "5591", "Latitude": "6-17N", "Longitude": "126-17E", "Flag of Aggressor": "United States", "Type of Aggression": "Submarine", "Assessment": "Sunk" }, "geometry": { "type": "Point", "coordinates": [ 126.283333333333331, 6.283333333333333 ] } },
{ "type": "Feature", "properties": { "Month": "June", "Day": 18, "Year": 1944, "Name of Vessel": "EIKO MARU", "Type of Vessel": "Cargo", "Standard T": "3011", "Latitude": "5-59N", "Longitude": "99-10E", "Flag of Aggressor": "Great Britain", "Type of Aggression": "Submarine", "Assessment": "Sunk" }, "geometry": { "type": "Point", "coordinates": [ 99.166666666666671, 5.983333333333333 ] } },
{ "type": "Feature", "properties": { "Month": "June", "Day": 20, "Year": 1944, "Name of Vessel": "GENYO MARU", "Type of Vessel": "Tanker", "Standard T": "10018", "Latitude": "15-30N", "Longitude": "133-55E", "Flag of Aggressor": "United States", "Type of Aggression": "Navy Carrier-Based Aircraft", "Assessment": "Sunk" }, "geometry": { "type": "Point", "coordinates": [ 133.916666666666657, 15.5 ] } },
{ "type": "Feature", "properties": { "Month": "June", "Day": 20, "Year": 1944, "Name of Vessel": "SEIYO MARU", "Type of Vessel": "Tanker", "Standard T": "10536", "Latitude": "15-30N", "Longitude": "133-55E", "Flag of Aggressor": "United States", "Type of Aggression": "Navy Carrier-Based Aircraft", "Assessment": "Sunk" }, "geometry": { "type": "Point", "coordinates": [ 133.916666666666657, 15.5 ] } },
{ "type": "Feature", "properties": { "Month": "June", "Day": 20, "Year": 1944, "Name of Vessel": "HIBI MARU", "Type of Vessel": "Passenger-Cargo", "Standard T": "5874", "Latitude": "5-35N", "Longitude": "125-15E", "Flag of Aggressor": "United States", "Type of Aggression": "Submarine", "Assessment": "Sunk" }, "geometry": { "type": "Point", "coordinates": [ 125.25, 5.583333333333333 ] } },
{ "type": "Feature", "properties": { "Month": "June", "Day": 21, "Year": 1944, "Name of Vessel": "KANAN MARU", "Type of Vessel": "Cargo", "Standard T": "3312", "Latitude": "4-04S", "Longitude": "116-45E", "Flag of Aggressor": "United States", "Type of Aggression": "Submarine", "Assessment": "Sunk" }, "geometry": { "type": "Point", "coordinates": [ 116.75, -4.066666666666666 ] } },
{ "type": "Feature", "properties": { "Month": "June", "Day": 22, "Year": 1944, "Name of Vessel": "NAGARAGAWA MARU", "Type of Vessel": "Passenger-Cargo", "Standard T": "990", "Latitude": "34-35N", "Longitude": "137-56E", "Flag of Aggressor": "United States", "Type of Aggression": "Submarine", "Assessment": "Sunk" }, "geometry": { "type": "Point", "coordinates": [ 137.933333333333337, 34.583333333333336 ] } },
{ "type": "Feature", "properties": { "Month": "June", "Day": 23, "Year": 1944, "Name of Vessel": "SHOUN MARU", "Type of Vessel": "Passenger-Cargo", "Standard T": "4396", "Latitude": "14-10N", "Longitude": "145-10E", "Flag of Aggressor": "United States", "Type of Aggression": "Navy Carrier-Based Aircraft", "Assessment": "Sunk" }, "geometry": { "type": "Point", "coordinates": [ 145.166666666666657, 14.166666666666666 ] } },
{ "type": "Feature", "properties": { "Month": "June", "Day": 24, "Year": 1944, "Name of Vessel": "ASO MARU", "Type of Vessel": "Passenger-Cargo", "Standard T": "3028", "Latitude": "9-57N", "Longitude": "125-07E", "Flag of Aggressor": "United States", "Type of Aggression": "Submarine", "Assessment": "Sunk" }, "geometry": { "type": "Point", "coordinates": [ 125.11666666666666, 9.95 ] } },
{ "type": "Feature", "properties": { "Month": "June", "Day": 24, "Year": 1944, "Name of Vessel": "KUMANOYAMA MARU", "Type of Vessel": "Cargo", "Standard T": "2857", "Latitude": "34-36N", "Longitude": "139-32E", "Flag of Aggressor": "United States", "Type of Aggression": "Submarine", "Assessment": "Sunk" }, "geometry": { "type": "Point", "coordinates": [ 139.533333333333331, 34.6 ] } },
{ "type": "Feature", "properties": { "Month": "June", "Day": 24, "Year": 1944, "Name of Vessel": "TAMAHOKO MARU", "Type of Vessel": "Passenger-Cargo", "Standard T": "6780", "Latitude": "32-30N", "Longitude": "129-35E", "Flag of Aggressor": "United States", "Type of Aggression": "Submarine", "Assessment": "Sunk" }, "geometry": { "type": "Point", "coordinates": [ 129.583333333333343, 32.5 ] } },
{ "type": "Feature", "properties": { "Month": "June", "Day": 24, "Year": 1944, "Name of Vessel": "TAINAN MARU", "Type of Vessel": "Cargo", "Standard T": "3175", "Latitude": "32-30N", "Longitude": "129-35E", "Flag of Aggressor": "United States", "Type of Aggression": "Submarine", "Assessment": "Sunk" }, "geometry": { "type": "Point", "coordinates": [ 129.583333333333343, 32.5 ] } },
{ "type": "Feature", "properties": { "Month": "June", "Day": 24, "Year": 1944, "Name of Vessel": "NASUSAN MARU", "Type of Vessel": "Passenger-Cargo", "Standard T": "4399", "Latitude": "32-30N", "Longitude": "129-35E", "Flag of Aggressor": "United States", "Type of Aggression": "Submarine", "Assessment": "Sunk" }, "geometry": { "type": "Point", "coordinates": [ 129.583333333333343, 32.5 ] } },
{ "type": "Feature", "properties": { "Month": "June", "Day": 24, "Year": 1944, "Name of Vessel": "KENNICHI MARU", "Type of Vessel": "Cargo", "Standard T": "1938", "Latitude": "32-30N", "Longitude": "129-35E", "Flag of Aggressor": "United States", "Type of Aggression": "Submarine*", "Assessment": "Sunk" }, "geometry": { "type": "Point", "coordinates": [ 129.583333333333343, 32.5 ] } },
{ "type": "Feature", "properties": { "Month": "June", "Day": 25, "Year": 1944, "Name of Vessel": "YAMAMIYA MARU", "Type of Vessel": "Cargo", "Standard T": "6440", "Latitude": "3-36N", "Longitude": "127-14E", "Flag of Aggressor": "United States", "Type of Aggression": "Submarine", "Assessment": "Sunk" }, "geometry": { "type": "Point", "coordinates": [ 127.233333333333334, 3.6 ] } },
{ "type": "Feature", "properties": { "Month": "June", "Day": 25, "Year": 1944, "Name of Vessel": "SAN PEDRO MARU", "Type of Vessel": "Tanker", "Standard T": "7268", "Latitude": "16-07N", "Longitude": "119-44E", "Flag of Aggressor": "United States", "Type of Aggression": "Submarine", "Assessment": "Sunk" }, "geometry": { "type": "Point", "coordinates": [ 119.733333333333334, 16.116666666666667 ] } },
{ "type": "Feature", "properties": { "Month": "June", "Day": 26, "Year": 1944, "Name of Vessel": "HARUKIKU MARU", "Type of Vessel": "Passenger-Cargo", "Standard T": "3040", "Latitude": "3-15N", "Longitude": "99-46E", "Flag of Aggressor": "Great Britain", "Type of Aggression": "Submarine", "Assessment": "Sunk" }, "geometry": { "type": "Point", "coordinates": [ 99.766666666666666, 3.25 ] } },
{ "type": "Feature", "properties": { "Month": "June", "Day": 27, "Year": 1944, "Name of Vessel": "MEDAN MARU", "Type of Vessel": "Tanker", "Standard T": "5135", "Latitude": "21-21N", "Longitude": "120-18E", "Flag of Aggressor": "United States", "Type of Aggression": "Submarine", "Assessment": "Sunk" }, "geometry": { "type": "Point", "coordinates": [ 120.3, 21.35 ] } },
{ "type": "Feature", "properties": { "Month": "June", "Day": 28, "Year": 1944, "Name of Vessel": "USSURI MARU", "Type of Vessel": "Passenger-Cargo", "Standard T": "6386", "Latitude": "23-14N", "Longitude": "119-49E", "Flag of Aggressor": "United States", "Type of Aggression": "Army Aircraft", "Assessment": "Sunk" }, "geometry": { "type": "Point", "coordinates": [ 119.816666666666663, 23.233333333333334 ] } },
{ "type": "Feature", "properties": { "Month": "June", "Day": 28, "Year": 1944, "Name of Vessel": "SANSEI MARU", "Type of Vessel": "Cargo", "Standard T": "2386", "Latitude": "34-03N", "Longitude": "129-00E", "Flag of Aggressor": "United States", "Type of Aggression": "Submarine", "Assessment": "Sunk" }, "geometry": { "type": "Point", "coordinates": [ 129.0, 34.05 ] } },
{ "type": "Feature", "properties": { "Month": "June", "Day": 28, "Year": 1944, "Name of Vessel": "YAMAGIKU MARU", "Type of Vessel": "Cargo", "Standard T": "5236", "Latitude": "6-50N", "Longitude": "122-41E", "Flag of Aggressor": "United States", "Type of Aggression": "Submarine", "Assessment": "Sunk" }, "geometry": { "type": "Point", "coordinates": [ 122.683333333333337, 6.833333333333333 ] } },
{ "type": "Feature", "properties": { "Month": "June", "Day": 29, "Year": 1944, "Name of Vessel": "KATORI MARU", "Type of Vessel": "Cargo", "Standard T": "1920", "Latitude": "19-09N", "Longitude": "120-27E", "Flag of Aggressor": "United States", "Type of Aggression": "Submarine", "Assessment": "Sunk" }, "geometry": { "type": "Point", "coordinates": [ 120.45, 19.15 ] } },
{ "type": "Feature", "properties": { "Month": "June", "Day": 29, "Year": 1944, "Name of Vessel": "TOYAMA MARU", "Type of Vessel": "Passenger-Cargo", "Standard T": "7089", "Latitude": "27-41N", "Longitude": "129-09E", "Flag of Aggressor": "United States", "Type of Aggression": "Submarine", "Assessment": "Sunk" }, "geometry": { "type": "Point", "coordinates": [ 129.15, 27.683333333333334 ] } },
{ "type": "Feature", "properties": { "Month": "June", "Day": 29, "Year": 1944, "Name of Vessel": "NIPPO MARU", "Type of Vessel": "Cargo", "Standard T": "6079", "Latitude": "00-43N", "Longitude": "105-31E", "Flag of Aggressor": "United States", "Type of Aggression": "Submarine", "Assessment": "Sunk" }, "geometry": { "type": "Point", "coordinates": [ 105.516666666666666, 0.716666666666667 ] } },
{ "type": "Feature", "properties": { "Month": "June", "Day": 30, "Year": 1944, "Name of Vessel": "HYAKUFUKU MARU", "Type of Vessel": "Converted Gunboat", "Standard T": "986", "Latitude": "28-22N", "Longitude": "141-17E", "Flag of Aggressor": "United States", "Type of Aggression": "Submarine", "Assessment": "Sunk" }, "geometry": { "type": "Point", "coordinates": [ 141.283333333333331, 28.366666666666667 ] } },
{ "type": "Feature", "properties": { "Month": "June", "Day": 30, "Year": 1944, "Name of Vessel": "NIKKIN MARU", "Type of Vessel": "Cargo", "Standard T": "5705", "Latitude": "35-03N", "Longitude": "125-08E", "Flag of Aggressor": "United States", "Type of Aggression": "Submarine", "Assessment": "Sunk" }, "geometry": { "type": "Point", "coordinates": [ 125.13333333333334, 35.05 ] } },
{ "type": "Feature", "properties": { "Month": "June", "Day": 30, "Year": 1944, "Name of Vessel": "TSURUSHIMA MARU", "Type of Vessel": "Cargo", "Standard T": "4645", "Latitude": "14-25N", "Longitude": "119-47E", "Flag of Aggressor": "United States", "Type of Aggression": "Submarine", "Assessment": "Sunk" }, "geometry": { "type": "Point", "coordinates": [ 119.783333333333331, 14.416666666666666 ] } },
{ "type": "Feature", "properties": { "Month": "June", "Day": 30, "Year": 1944, "Name of Vessel": "MATSUKAWA MARU", "Type of Vessel": "Cargo", "Standard T": "3825", "Latitude": "14-25N", "Longitude": "119-47E", "Flag of Aggressor": "United States", "Type of Aggression": "Submarine", "Assessment": "Sunk" }, "geometry": { "type": "Point", "coordinates": [ 119.783333333333331, 14.416666666666666 ] } },
{ "type": "Feature", "properties": { "Month": "July", "Day": 1, "Year": 1944, "Name of Vessel": "TAIUN MARU NO2", "Type of Vessel": "Cargo", "Standard T": "998", "Latitude": "34-33N", "Longitude": "125-12E", "Flag of Aggressor": "United States", "Type of Aggression": "Submarine", "Assessment": "Sunk" }, "geometry": { "type": "Point", "coordinates": [ 125.2, 34.55 ] } },
{ "type": "Feature", "properties": { "Month": "July", "Day": 1, "Year": 1944, "Name of Vessel": "TAKATORI MARU NO1", "Type of Vessel": "Tanker", "Standard T": "878", "Latitude": "34-27N", "Longitude": "123-46E", "Flag of Aggressor": "United States", "Type of Aggression": "Submarine", "Assessment": "Sunk" }, "geometry": { "type": "Point", "coordinates": [ 123.766666666666666, 34.45 ] } },
{ "type": "Feature", "properties": { "Month": "July", "Day": 1, "Year": 1944, "Name of Vessel": "NIKKO MARU", "Type of Vessel": "Cargo", "Standard T": "3098", "Latitude": "5-39S", "Longitude": "119-28E", "Flag of Aggressor": "United States", "Type of Aggression": "Navy Mine", "Assessment": "Sunk" }, "geometry": { "type": "Point", "coordinates": [ 119.466666666666669, -5.65 ] } },
{ "type": "Feature", "properties": { "Month": "July", "Day": 3, "Year": 1944, "Name of Vessel": "NITTO MARU", "Type of Vessel": "Cargo", "Standard T": "2186", "Latitude": "19-28N", "Longitude": "115-41E", "Flag of Aggressor": "United States", "Type of Aggression": "Submarine", "Assessment": "Sunk" }, "geometry": { "type": "Point", "coordinates": [ 115.683333333333337, 19.466666666666665 ] } },
{ "type": "Feature", "properties": { "Month": "July", "Day": 3, "Year": 1944, "Name of Vessel": "GYOYU MARU", "Type of Vessel": "Passenger-Cargo", "Standard T": "2232", "Latitude": "19-28N", "Longitude": "115-41E", "Flag of Aggressor": "United States", "Type of Aggression": "Submarine", "Assessment": "Sunk" }, "geometry": { "type": "Point", "coordinates": [ 115.683333333333337, 19.466666666666665 ] } },
{ "type": "Feature", "properties": { "Month": "July", "Day": 3, "Year": 1944, "Name of Vessel": "KONSAN MARU", "Type of Vessel": "Passenger-Cargo", "Standard T": "2733", "Latitude": "32-24N", "Longitude": "128-46E", "Flag of Aggressor": "United States", "Type of Aggression": "Submarine", "Assessment": "Sunk" }, "geometry": { "type": "Point", "coordinates": [ 128.76666666666668, 32.4 ] } },
{ "type": "Feature", "properties": { "Month": "July", "Day": 3, "Year": 1944, "Name of Vessel": "KAMO MARU", "Type of Vessel": "Passenger-Cargo", "Standard T": "7954", "Latitude": "32-24N", "Longitude": "128-46E", "Flag of Aggressor": "United States", "Type of Aggression": "Submarine", "Assessment": "Sunk" }, "geometry": { "type": "Point", "coordinates": [ 128.76666666666668, 32.4 ] } },
{ "type": "Feature", "properties": { "Month": "July", "Day": 3, "Year": 1944, "Name of Vessel": "TAIRIN MARU", "Type of Vessel": "Cargo", "Standard T": "6862", "Latitude": "38-52N", "Longitude": "129-56E", "Flag of Aggressor": "United States", "Type of Aggression": "Submarine", "Assessment": "Sunk" }, "geometry": { "type": "Point", "coordinates": [ 129.933333333333337, 38.866666666666667 ] } },
{ "type": "Feature", "properties": { "Month": "July", "Day": 4, "Year": 1944, "Name of Vessel": "RYUKO MARU", "Type of Vessel": "Cargo", "Standard T": "5626", "Latitude": "27-05N", "Longitude": "142-09E", "Flag of Aggressor": "United States", "Type of Aggression": "Navy Carrier-Based Aircraft", "Assessment": "Sunk" }, "geometry": { "type": "Point", "coordinates": [ 142.15, 27.083333333333332 ] } },
{ "type": "Feature", "properties": { "Month": "July", "Day": 4, "Year": 1944, "Name of Vessel": "UNYO MARU NO8", "Type of Vessel": "Cargo", "Standard T": "1942", "Latitude": "27-05N", "Longitude": "142-09E", "Flag of Aggressor": "United States", "Type of Aggression": "Navy Carrier-Based Aircraft", "Assessment": "Sunk" }, "geometry": { "type": "Point", "coordinates": [ 142.15, 27.083333333333332 ] } },
{ "type": "Feature", "properties": { "Month": "July", "Day": 4, "Year": 1944, "Name of Vessel": "SHIMA MARU", "Type of Vessel": "Cargo", "Standard T": "1987", "Latitude": "27-07N", "Longitude": "142-12E", "Flag of Aggressor": "United States", "Type of Aggression": "Navy Carrier-Based Aircraft", "Assessment": "Sunk" }, "geometry": { "type": "Point", "coordinates": [ 142.2, 27.116666666666667 ] } },
{ "type": "Feature", "properties": { "Month": "July", "Day": 4, "Year": 1944, "Name of Vessel": "SHINMEI MARU", "Type of Vessel": "Cargo", "Standard T": "1942", "Latitude": "27-07N", "Longitude": "142-12E", "Flag of Aggressor": "United States", "Type of Aggression": "Navy Carrier-Based Aircraft", "Assessment": "Sunk" }, "geometry": { "type": "Point", "coordinates": [ 142.2, 27.116666666666667 ] } },
{ "type": "Feature", "properties": { "Month": "July", "Day": 4, "Year": 1944, "Name of Vessel": "SHOZUI MARU", "Type of Vessel": "Cargo", "Standard T": "2719", "Latitude": "27-07N", "Longitude": "142-12E", "Flag of Aggressor": "United States", "Type of Aggression": "Navy Carrier-Based Aircraft", "Assessment": "Sunk" }, "geometry": { "type": "Point", "coordinates": [ 142.2, 27.116666666666667 ] } },
{ "type": "Feature", "properties": { "Month": "July", "Day": 4, "Year": 1944, "Name of Vessel": "TAIKO MARU", "Type of Vessel": "Cargo", "Standard T": "897", "Latitude": "27-05N", "Longitude": "142-09E", "Flag of Aggressor": "United States", "Type of Aggression": "Navy Carrier-Based Aircraft", "Assessment": "Sunk" }, "geometry": { "type": "Point", "coordinates": [ 142.15, 27.083333333333332 ] } },
{ "type": "Feature", "properties": { "Month": "July", "Day": 4, "Year": 1944, "Name of Vessel": "KYODOMARUNO28", "Type of Vessel": "Cargo", "Standard T": "1506", "Latitude": "20-20N", "Longitude": "114-54E", "Flag of Aggressor": "United States", "Type of Aggression": "Submarine", "Assessment": "Sunk" }, "geometry": { "type": "Point", "coordinates": [ 114.9, 20.333333333333332 ] } },
{ "type": "Feature", "properties": { "Month": "July", "Day": 4, "Year": 1944, "Name of Vessel": "TAMA MARU", "Type of Vessel": "Passenger-Cargo", "Standard T": "3052", "Latitude": "7-33N", "Longitude": "133-45E", "Flag of Aggressor": "United States", "Type of Aggression": "Submarine", "Assessment": "Sunk" }, "geometry": { "type": "Point", "coordinates": [ 133.75, 7.55 ] } },
{ "type": "Feature", "properties": { "Month": "July", "Day": 4, "Year": 1944, "Name of Vessel": "ASUKAZAN MARU", "Type of Vessel": "Cargo", "Standard T": "6886", "Latitude": "35-22N", "Longitude": "125-56E", "Flag of Aggressor": "United States", "Type of Aggression": "Submarine", "Assessment": "Sunk" }, "geometry": { "type": "Point", "coordinates": [ 125.933333333333337, 35.366666666666667 ] } },
{ "type": "Feature", "properties": { "Month": "July", "Day": 4, "Year": 1944, "Name of Vessel": "YAMAOKA MARU", "Type of Vessel": "Cargo", "Standard T": "6932", "Latitude": "36-05N", "Longitude": "125-48E", "Flag of Aggressor": "United States", "Type of Aggression": "Submarine", "Assessment": "Sunk" }, "geometry": { "type": "Point", "coordinates": [ 125.8, 36.083333333333336 ] } },
{ "type": "Feature", "properties": { "Month": "July", "Day": 5, "Year": 1944, "Name of Vessel": "KOGI MARU", "Type of Vessel": "ConvertedNetTender", "Standard T": "857", "Latitude": "27-43N", "Longitude": "141-02E", "Flag of Aggressor": "United States", "Type of Aggression": "Submarine", "Assessment": "Sunk" }, "geometry": { "type": "Point", "coordinates": [ 141.033333333333331, 27.716666666666665 ] } },
{ "type": "Feature", "properties": { "Month": "July", "Day": 5, "Year": 1944, "Name of Vessel": "SHINMEI MARU", "Type of Vessel": "Passenger-Cargo", "Standard T": "2577", "Latitude": "51-35N", "Longitude": "156-30E", "Flag of Aggressor": "United States", "Type of Aggression": "Submarine", "Assessment": "Sunk" }, "geometry": { "type": "Point", "coordinates": [ 156.5, 51.583333333333336 ] } },
{ "type": "Feature", "properties": { "Month": "July", "Day": 6, "Year": 1944, "Name of Vessel": "SETSUZAN MARU", "Type of Vessel": "Cargo", "Standard T": "1922", "Latitude": "29-59N", "Longitude": "122-53E", "Flag of Aggressor": "United States", "Type of Aggression": "Submarine", "Assessment": "Sunk" }, "geometry": { "type": "Point", "coordinates": [ 122.88333333333334, 29.983333333333334 ] } },
{ "type": "Feature", "properties": { "Month": "July", "Day": 6, "Year": 1944, "Name of Vessel": "DORI MARU", "Type of Vessel": "Cargo", "Standard T": "1469", "Latitude": "38-40N", "Longitude": "123-40E", "Flag of Aggressor": "United States", "Type of Aggression": "Submarine", "Assessment": "Sunk" }, "geometry": { "type": "Point", "coordinates": [ 123.666666666666671, 38.666666666666664 ] } },
{ "type": "Feature", "properties": { "Month": "July", "Day": 7, "Year": 1944, "Name of Vessel": "KOTO MARU", "Type of Vessel": "Cargo", "Standard T": "3557", "Latitude": "13-02N", "Longitude": "109-26E", "Flag of Aggressor": "United States", "Type of Aggression": "Submarine", "Assessment": "Sunk" }, "geometry": { "type": "Point", "coordinates": [ 109.433333333333337, 13.033333333333333 ] } },
{ "type": "Feature", "properties": { "Month": "July", "Day": 8, "Year": 1944, "Name of Vessel": "MATSU MARU", "Type of Vessel": "Cargo", "Standard T": "887", "Latitude": "40-56N", "Longitude": "141-27E", "Flag of Aggressor": "United States", "Type of Aggression": "Submarine", "Assessment": "Sunk" }, "geometry": { "type": "Point", "coordinates": [ 141.45, 40.93333333333333 ] } },
{ "type": "Feature", "properties": { "Month": "July", "Day": 9, "Year": 1944, "Name of Vessel": "OYASHIMA MARU", "Type of Vessel": "Cargo", "Standard T": "853", "Latitude": "00-34N", "Longitude": "128-30E", "Flag of Aggressor": "United States", "Type of Aggression": "Army Aircraft", "Assessment": "Sunk" }, "geometry": { "type": "Point", "coordinates": [ 128.5, 0.566666666666667 ] } },
{ "type": "Feature", "properties": { "Month": "July", "Day": 9, "Year": 1944, "Name of Vessel": "TAIHEI MARU", "Type of Vessel": "Cargo", "Standard T": "6284", "Latitude": "51-17N", "Longitude": "155-34E", "Flag of Aggressor": "United States", "Type of Aggression": "Submarine", "Assessment": "Sunk" }, "geometry": { "type": "Point", "coordinates": [ 155.566666666666663, 51.283333333333331 ] } },
{ "type": "Feature", "properties": { "Month": "July", "Day": 10, "Year": 1944, "Name of Vessel": "IYANG MARU", "Type of Vessel": "Cargo", "Standard T": "943", "Latitude": "31-00N", "Longitude": "122-30E", "Flag of Aggressor": "United States", "Type of Aggression": "Army Mine", "Assessment": "Sunk" }, "geometry": { "type": "Point", "coordinates": [ 122.5, 31.0 ] } },
{ "type": "Feature", "properties": { "Month": "July", "Day": 11, "Year": 1944, "Name of Vessel": "TSUKUSHIMARUNO2", "Type of Vessel": "Cargo", "Standard T": "2417", "Latitude": "37-24N", "Longitude": "124-31E", "Flag of Aggressor": "United States", "Type of Aggression": "Submarine", "Assessment": "Sunk" }, "geometry": { "type": "Point", "coordinates": [ 124.516666666666666, 37.4 ] } },
{ "type": "Feature", "properties": { "Month": "July", "Day": 11, "Year": 1944, "Name of Vessel": "TAIAN MARU NO2", "Type of Vessel": "Cargo", "Standard T": "1034", "Latitude": "37-30N", "Longitude": "124-32E", "Flag of Aggressor": "United States", "Type of Aggression": "Submarine", "Assessment": "Sunk" }, "geometry": { "type": "Point", "coordinates": [ 124.533333333333331, 37.5 ] } },
{ "type": "Feature", "properties": { "Month": "July", "Day": 12, "Year": 1944, "Name of Vessel": "NICHIRAN MARU", "Type of Vessel": "Passenger-Cargo", "Standard T": "6504", "Latitude": "18-33N", "Longitude": "122-53E", "Flag of Aggressor": "United States", "Type of Aggression": "Submarine", "Assessment": "Sunk" }, "geometry": { "type": "Point", "coordinates": [ 122.88333333333334, 18.55 ] } },
{ "type": "Feature", "properties": { "Month": "July", "Day": 13, "Year": 1944, "Name of Vessel": "TOKAI MARU", "Type of Vessel": "Cargo", "Standard T": "519", "Latitude": "1-32N", "Longitude": "127-32E", "Flag of Aggressor": "United States", "Type of Aggression": "Army Aircraft", "Assessment": "Sunk" }, "geometry": { "type": "Point", "coordinates": [ 127.533333333333331, 1.533333333333333 ] } },
{ "type": "Feature", "properties": { "Month": "July", "Day": 13, "Year": 1944, "Name of Vessel": "TAISHI MARU", "Type of Vessel": "Cargo", "Standard T": "2800", "Latitude": "27-23N", "Longitude": "140-33E", "Flag of Aggressor": "United States", "Type of Aggression": "Submarine", "Assessment": "Sunk" }, "geometry": { "type": "Point", "coordinates": [ 140.55, 27.383333333333333 ] } },
{ "type": "Feature", "properties": { "Month": "July", "Day": 14, "Year": 1944, "Name of Vessel": "TAIKO MARU", "Type of Vessel": "Converted Gunboat", "Standard T": "2984", "Latitude": "6-00S", "Longitude": "121-30E", "Flag of Aggressor": "United States", "Type of Aggression": "Submarine", "Assessment": "Sunk" }, "geometry": { "type": "Point", "coordinates": [ 121.5, -6.0 ] } },
{ "type": "Feature", "properties": { "Month": "July", "Day": 15, "Year": 1944, "Name of Vessel": "MIHO MARU", "Type of Vessel": "Cargo", "Standard T": "515", "Latitude": "48-07N", "Longitude": "148-06E", "Flag of Aggressor": "United States", "Type of Aggression": "Submarine", "Assessment": "Sunk" }, "geometry": { "type": "Point", "coordinates": [ 148.1, 48.116666666666667 ] } },
{ "type": "Feature", "properties": { "Month": "July", "Day": 16, "Year": 1944, "Name of Vessel": "NIPPO MARU", "Type of Vessel": "Cargo", "Standard T": "1942", "Latitude": "48-12N", "Longitude": "148-03E", "Flag of Aggressor": "United States", "Type of Aggression": "Submarine", "Assessment": "Sunk" }, "geometry": { "type": "Point", "coordinates": [ 148.05, 48.2 ] } },
{ "type": "Feature", "properties": { "Month": "July", "Day": 16, "Year": 1944, "Name of Vessel": "SEATTLE MARU", "Type of Vessel": "Passenger-Cargo", "Standard T": "5773", "Latitude": "19-26N", "Longitude": "120-18E", "Flag of Aggressor": "United States", "Type of Aggression": "Submarine*", "Assessment": "Sunk" }, "geometry": { "type": "Point", "coordinates": [ 120.3, 19.433333333333334 ] } },
{ "type": "Feature", "properties": { "Month": "July", "Day": 16, "Year": 1944, "Name of Vessel": "JINZAN MARU", "Type of Vessel": "Passenger-Cargo", "Standard T": "5215", "Latitude": "18-20N", "Longitude": "119-42E", "Flag of Aggressor": "United States", "Type of Aggression": "Submarine*", "Assessment": "Sunk" }, "geometry": { "type": "Point", "coordinates": [ 119.7, 18.333333333333332 ] } },
{ "type": "Feature", "properties": { "Month": "July", "Day": 16, "Year": 1944, "Name of Vessel": "MANTAI MARU", "Type of Vessel": "Cargo", "Standard T": "5863", "Latitude": "18-20N", "Longitude": "119-42E", "Flag of Aggressor": "United States", "Type of Aggression": "Submarine*", "Assessment": "Sunk" }, "geometry": { "type": "Point", "coordinates": [ 119.7, 18.333333333333332 ] } },
{ "type": "Feature", "properties": { "Month": "July", "Day": 17, "Year": 1944, "Name of Vessel": "MAYA MARU", "Type of Vessel": "Passenger-Cargo", "Standard T": "3145", "Latitude": "7-40N", "Longitude": "122-03E", "Flag of Aggressor": "United States", "Type of Aggression": "Submarine", "Assessment": "Sunk" }, "geometry": { "type": "Point", "coordinates": [ 122.05, 7.666666666666667 ] } },
{ "type": "Feature", "properties": { "Month": "July", "Day": 17, "Year": 1944, "Name of Vessel": "HIYAMA MARU", "Type of Vessel": "Cargo", "Standard T": "2838", "Latitude": "18-17N", "Longitude": "119-50E", "Flag of Aggressor": "United States", "Type of Aggression": "Submarine*", "Assessment": "Sunk" }, "geometry": { "type": "Point", "coordinates": [ 119.833333333333329, 18.283333333333335 ] } },
{ "type": "Feature", "properties": { "Month": "July", "Day": 17, "Year": 1944, "Name of Vessel": "SAINEI MARU", "Type of Vessel": "Cargo", "Standard T": "4916", "Latitude": "19-04N", "Longitude": "119-26E", "Flag of Aggressor": "United States", "Type of Aggression": "Submarine*", "Assessment": "Sunk" }, "geometry": { "type": "Point", "coordinates": [ 119.433333333333337, 19.066666666666666 ] } },
{ "type": "Feature", "properties": { "Month": "July", "Day": 17, "Year": 1944, "Name of Vessel": "SHOZAN MARU", "Type of Vessel": "Cargo", "Standard T": "2838", "Latitude": "19-04N", "Longitude": "119-26E", "Flag of Aggressor": "United States", "Type of Aggression": "Submarine*", "Assessment": "Sunk" }, "geometry": { "type": "Point", "coordinates": [ 119.433333333333337, 19.066666666666666 ] } },
{ "type": "Feature", "properties": { "Month": "July", "Day": 18, "Year": 1944, "Name of Vessel": "JANBI MARU", "Type of Vessel": "Tanker", "Standard T": "5244", "Latitude": "5-21S", "Longitude": "112-30E", "Flag of Aggressor": "United States", "Type of Aggression": "Submarine", "Assessment": "Sunk" }, "geometry": { "type": "Point", "coordinates": [ 112.5, -5.35 ] } },
{ "type": "Feature", "properties": { "Month": "July", "Day": 18, "Year": 1944, "Name of Vessel": "UNKAI MARU NO10", "Type of Vessel": "Converted Gunboat", "Standard T": "855", "Latitude": "29-12N", "Longitude": "139-10E", "Flag of Aggressor": "United States", "Type of Aggression": "Submarine", "Assessment": "Sunk" }, "geometry": { "type": "Point", "coordinates": [ 139.166666666666657, 29.2 ] } },
{ "type": "Feature", "properties": { "Month": "July", "Day": 18, "Year": 1944, "Name of Vessel": "NISSHU MARU", "Type of Vessel": "Cargo", "Standard T": "7785", "Latitude": "28-43N", "Longitude": "139-24E", "Flag of Aggressor": "United States", "Type of Aggression": "Submarine", "Assessment": "Sunk" }, "geometry": { "type": "Point", "coordinates": [ 139.4, 28.716666666666665 ] } },
{ "type": "Feature", "properties": { "Month": "July", "Day": 18, "Year": 1944, "Name of Vessel": "KYODO MARU NO36", "Type of Vessel": "Passenger-Cargo", "Standard T": "1499", "Latitude": "8-22N", "Longitude": "116-40E", "Flag of Aggressor": "United States", "Type of Aggression": "Submarine", "Assessment": "Sunk" }, "geometry": { "type": "Point", "coordinates": [ 116.666666666666671, 8.366666666666667 ] } },
{ "type": "Feature", "properties": { "Month": "July", "Day": 19, "Year": 1944, "Name of Vessel": "TEIRYU MARU", "Type of Vessel": "Cargo", "Standard T": "6550", "Latitude": "20-07N", "Longitude": "118-20E", "Flag of Aggressor": "United States", "Type of Aggression": "Submarine", "Assessment": "Sunk" }, "geometry": { "type": "Point", "coordinates": [ 118.333333333333329, 20.116666666666667 ] } },
{ "type": "Feature", "properties": { "Month": "July", "Day": 23, "Year": 1944, "Name of Vessel": "KISO MARU", "Type of Vessel": "Cargo", "Standard T": "554", "Latitude": "14-00N", "Longitude": "86-50E", "Flag of Aggressor": "Great Britain", "Type of Aggression": "Submarine", "Assessment": "Sunk" }, "geometry": { "type": "Point", "coordinates": [ 86.833333333333329, 14.0 ] } },
{ "type": "Feature", "properties": { "Month": "July", "Day": 23, "Year": 1944, "Name of Vessel": "TAKASAN MARU", "Type of Vessel": "Cargo", "Standard T": "1428", "Latitude": "4-35S", "Longitude": "122-17E", "Flag of Aggressor": "Australia", "Type of Aggression": "Mine", "Assessment": "Sunk" }, "geometry": { "type": "Point", "coordinates": [ 122.283333333333331, -4.583333333333333 ] } },
{ "type": "Feature", "properties": { "Month": "July", "Day": 24, "Year": 1944, "Name of Vessel": "ASAHISAN MARU", "Type of Vessel": "Passenger-Cargo", "Standard T": "4550", "Latitude": "1-10N", "Longitude": "127-54E", "Flag of Aggressor": "United States", "Type of Aggression": "Army Aircraft", "Assessment": "Sunk" }, "geometry": { "type": "Point", "coordinates": [ 127.9, 1.166666666666667 ] } },
{ "type": "Feature", "properties": { "Month": "July", "Day": 25, "Year": 1944, "Name of Vessel": "HOSHIN MARU", "Type of Vessel": "Cargo", "Standard T": "1000", "Latitude": "22-50N", "Longitude": "116-00E", "Flag of Aggressor": "United States", "Type of Aggression": "Army Aircraft", "Assessment": "Sunk" }, "geometry": { "type": "Point", "coordinates": [ 116.0, 22.833333333333332 ] } },
{ "type": "Feature", "properties": { "Month": "July", "Day": 26, "Year": 1944, "Name of Vessel": "AKI MARU", "Type of Vessel": "Passenger-Cargo", "Standard T": "11409", "Latitude": "18-28N", "Longitude": "117-59E", "Flag of Aggressor": "United States", "Type of Aggression": "Submarine", "Assessment": "Sunk" }, "geometry": { "type": "Point", "coordinates": [ 117.983333333333334, 18.466666666666665 ] } },
{ "type": "Feature", "properties": { "Month": "July", "Day": 26, "Year": 1944, "Name of Vessel": "OTORIYAMA MARU", "Type of Vessel": "Tanker", "Standard T": "5280", "Latitude": "18-10N", "Longitude": "117-56E", "Flag of Aggressor": "United States", "Type of Aggression": "Submarine", "Assessment": "Sunk" }, "geometry": { "type": "Point", "coordinates": [ 117.933333333333337, 18.166666666666668 ] } },
{ "type": "Feature", "properties": { "Month": "July", "Day": 26, "Year": 1944, "Name of Vessel": "TOSAN MARU", "Type of Vessel": "Passenger-Cargo", "Standard T": "8666", "Latitude": "18-13N", "Longitude": "117-50E", "Flag of Aggressor": "United States", "Type of Aggression": "Submarine", "Assessment": "Sunk" }, "geometry": { "type": "Point", "coordinates": [ 117.833333333333329, 18.216666666666665 ] } },
{ "type": "Feature", "properties": { "Month": "July", "Day": 27, "Year": 1944, "Name of Vessel": "KYOEI MARU NO2", "Type of Vessel": "Tanker", "Standard T": "1157", "Latitude": "5-25N", "Longitude": "121-43E", "Flag of Aggressor": "United States", "Type of Aggression": "Submarine", "Assessment": "Sunk" }, "geometry": { "type": "Point", "coordinates": [ 121.716666666666669, 5.416666666666667 ] } },
{ "type": "Feature", "properties": { "Month": "July", "Day": 28, "Year": 1944, "Name of Vessel": "HAKUBASAN MARU", "Type of Vessel": "Passenger-Cargo", "Standard T": "6650", "Latitude": "16-18N", "Longitude": "119-44E", "Flag of Aggressor": "United States", "Type of Aggression": "Submarine", "Assessment": "Sunk" }, "geometry": { "type": "Point", "coordinates": [ 119.733333333333334, 16.3 ] } },
{ "type": "Feature", "properties": { "Month": "July", "Day": 28, "Year": 1944, "Name of Vessel": "PEKING MARU", "Type of Vessel": "Transport", "Standard T": "2288", "Latitude": "17-33N", "Longitude": "120-21E", "Flag of Aggressor": "United States", "Type of Aggression": "Submarine", "Assessment": "Sunk" }, "geometry": { "type": "Point", "coordinates": [ 120.35, 17.55 ] } },
{ "type": "Feature", "properties": { "Month": "July", "Day": 30, "Year": 1944, "Name of Vessel": "KOKUYO MARU", "Type of Vessel": "Tanker", "Standard T": "10026", "Latitude": "6-03N", "Longitude": "119-54E", "Flag of Aggressor": "United States", "Type of Aggression": "Submarine", "Assessment": "Sunk" }, "geometry": { "type": "Point", "coordinates": [ 119.9, 6.05 ] } },
{ "type": "Feature", "properties": { "Month": "July", "Day": 31, "Year": 1944, "Name of Vessel": "KOEI MARU", "Type of Vessel": "Tanker", "Standard T": "10238", "Latitude": "19-10N", "Longitude": "120-58E", "Flag of Aggressor": "United States", "Type of Aggression": "Submarine", "Assessment": "Sunk" }, "geometry": { "type": "Point", "coordinates": [ 120.966666666666669, 19.166666666666668 ] } },
{ "type": "Feature", "properties": { "Month": "July", "Day": 31, "Year": 1944, "Name of Vessel": "MANKO MARU", "Type of Vessel": "Passenger-Cargo", "Standard T": "4471", "Latitude": "19-10N", "Longitude": "120-58E", "Flag of Aggressor": "United States", "Type of Aggression": "Submarine", "Assessment": "Sunk" }, "geometry": { "type": "Point", "coordinates": [ 120.966666666666669, 19.166666666666668 ] } },
{ "type": "Feature", "properties": { "Month": "July", "Day": 31, "Year": 1944, "Name of Vessel": "DAKAR MARU", "Type of Vessel": "Cargo", "Standard T": "7169", "Latitude": "18-57N", "Longitude": "120-50E", "Flag of Aggressor": "United States", "Type of Aggression": "Submarine", "Assessment": "Sunk" }, "geometry": { "type": "Point", "coordinates": [ 120.833333333333329, 18.95 ] } },
{ "type": "Feature", "properties": { "Month": "July", "Day": 31, "Year": 1944, "Name of Vessel": "FUSO MARU", "Type of Vessel": "Transport", "Standard T": "8195", "Latitude": "18-57N", "Longitude": "120-50E", "Flag of Aggressor": "United States", "Type of Aggression": "Submarine", "Assessment": "Sunk" }, "geometry": { "type": "Point", "coordinates": [ 120.833333333333329, 18.95 ] } },
{ "type": "Feature", "properties": { "Month": "July", "Day": 31, "Year": 1944, "Name of Vessel": "TENSHIN MARU", "Type of Vessel": "Tanker", "Standard T": "5061", "Latitude": "8-22N", "Longitude": "116-40E", "Flag of Aggressor": "United States", "Type of Aggression": "Submarine", "Assessment": "Sunk" }, "geometry": { "type": "Point", "coordinates": [ 116.666666666666671, 8.366666666666667 ] } },
{ "type": "Feature", "properties": { "Month": "July", "Day": 31, "Year": 1944, "Name of Vessel": "YOSHINO MARU", "Type of Vessel": "Transport", "Standard T": "8990", "Latitude": "19-10N", "Longitude": "120-58E", "Flag of Aggressor": "United States", "Type of Aggression": "Submarine", "Assessment": "Sunk" }, "geometry": { "type": "Point", "coordinates": [ 120.966666666666669, 19.166666666666668 ] } },
{ "type": "Feature", "properties": { "Month": "August", "Day": 1, "Year": 1944, "Name of Vessel": "SEIA MARU", "Type of Vessel": "Passenger-Cargo", "Standard T": "6659", "Latitude": "1-46S", "Longitude": "125-32E", "Flag of Aggressor": "United States", "Type of Aggression": "Navy Land-Based Aircraft", "Assessment": "Sunk" }, "geometry": { "type": "Point", "coordinates": [ 125.533333333333331, -1.766666666666667 ] } },
{ "type": "Feature", "properties": { "Month": "August", "Day": 2, "Year": 1944, "Name of Vessel": "KONEI MARU", "Type of Vessel": "Cargo", "Standard T": "1922", "Latitude": "33-57N", "Longitude": "136-20E", "Flag of Aggressor": "United States", "Type of Aggression": "Submarine", "Assessment": "Sunk" }, "geometry": { "type": "Point", "coordinates": [ 136.333333333333343, 33.95 ] } },
{ "type": "Feature", "properties": { "Month": "August", "Day": 3, "Year": 1944, "Name of Vessel": "SEIKO MARU", "Type of Vessel": "Converted Net Tender", "Standard T": "708", "Latitude": "1-45S", "Longitude": "126-14E", "Flag of Aggressor": "United States", "Type of Aggression": "Submarine", "Assessment": "Sunk" }, "geometry": { "type": "Point", "coordinates": [ 126.233333333333334, -1.75 ] } },
{ "type": "Feature", "properties": { "Month": "August", "Day": 4, "Year": 1944, "Name of Vessel": "TONEGAWA MARU", "Type of Vessel": "Cargo", "Standard T": "4996", "Latitude": "27-40N", "Longitude": "141-48E", "Flag of Aggressor": "United States", "Type of Aggression": "Navy Carrier-Based Aircraft, Surface Craft", "Assessment": "Sunk" }, "geometry": { "type": "Point", "coordinates": [ 141.8, 27.666666666666668 ] } },
{ "type": "Feature", "properties": { "Month": "August", "Day": 4, "Year": 1944, "Name of Vessel": "ENJU MARU", "Type of Vessel": "Passenger-Cargo", "Standard T": "5374", "Latitude": "27-40N", "Longitude": "141-48E", "Flag of Aggressor": "United States", "Type of Aggression": "Navy Carrier-Based Aircraft", "Assessment": "Sunk" }, "geometry": { "type": "Point", "coordinates": [ 141.8, 27.666666666666668 ] } },
{ "type": "Feature", "properties": { "Month": "August", "Day": 4, "Year": 1944, "Name of Vessel": "UNKAI MARU NO7", "Type of Vessel": "Cargo", "Standard T": "2182", "Latitude": "27-40N", "Longitude": "141-48E", "Flag of Aggressor": "United States", "Type of Aggression": "Navy Carrier-Based Aircraft", "Assessment": "Sunk" }, "geometry": { "type": "Point", "coordinates": [ 141.8, 27.666666666666668 ] } },
{ "type": "Feature", "properties": { "Month": "August", "Day": 4, "Year": 1944, "Name of Vessel": "SHOGEN MARU", "Type of Vessel": "Cargo", "Standard T": "4739", "Latitude": "27-40N", "Longitude": "141-48E", "Flag of Aggressor": "United States", "Type of Aggression": "Navy Carrier-Based Aircraft", "Assessment": "Sunk" }, "geometry": { "type": "Point", "coordinates": [ 141.8, 27.666666666666668 ] } },
{ "type": "Feature", "properties": { "Month": "August", "Day": 4, "Year": 1944, "Name of Vessel": "KOSHU MARU", "Type of Vessel": "Cargo", "Standard T": "2612", "Latitude": "3-59S", "Longitude": "117-54E", "Flag of Aggressor": "United States", "Type of Aggression": "Submarine", "Assessment": "Sunk" }, "geometry": { "type": "Point", "coordinates": [ 117.9, -3.983333333333333 ] } },
{ "type": "Feature", "properties": { "Month": "August", "Day": 5, "Year": 1944, "Name of Vessel": "SHIRAHAMA MARU", "Type of Vessel": "Cargo", "Standard T": "2812", "Latitude": "4-40S", "Longitude": "122-47E", "Flag of Aggressor": "United States", "Type of Aggression": "Army Aircraft", "Assessment": "Sunk" }, "geometry": { "type": "Point", "coordinates": [ 122.783333333333331, -4.666666666666667 ] } },
{ "type": "Feature", "properties": { "Month": "August", "Day": 5, "Year": 1944, "Name of Vessel": "MIYAKO MARU", "Type of Vessel": "Passenger-Cargo", "Standard T": "970", "Latitude": "27-36N", "Longitude": "128-54E", "Flag of Aggressor": "United States", "Type of Aggression": "Submarine", "Assessment": "Sunk" }, "geometry": { "type": "Point", "coordinates": [ 128.9, 27.6 ] } },
{ "type": "Feature", "properties": { "Month": "August", "Day": 5, "Year": 1944, "Name of Vessel": "TSURUMI", "Type of Vessel": "Tanker", "Standard T": "6,500e", "Latitude": "5-50N", "Longitude": "125-42E", "Flag of Aggressor": "United States", "Type of Aggression": "Submarine", "Assessment": "Sunk" }, "geometry": { "type": "Point", "coordinates": [ 125.7, 5.833333333333333 ] } },
{ "type": "Feature", "properties": { "Month": "August", "Day": 6, "Year": 1944, "Name of Vessel": "UWAJIMA MARU NO15", "Type of Vessel": "Passenger-Cargo", "Standard T": "824", "Latitude": "4-31S", "Longitude": "129-53E", "Flag of Aggressor": "Netherlands", "Type of Aggression": "Aircraft", "Assessment": "Sunk" }, "geometry": { "type": "Point", "coordinates": [ 129.883333333333326, -4.516666666666667 ] } },
{ "type": "Feature", "properties": { "Month": "August", "Day": 6, "Year": 1944, "Name of Vessel": "SHIROGANESANMARU", "Type of Vessel": "Cargo", "Standard T": "4739", "Latitude": "14-14N", "Longitude": "117-16E", "Flag of Aggressor": "United States", "Type of Aggression": "Submarine", "Assessment": "Sunk" }, "geometry": { "type": "Point", "coordinates": [ 117.266666666666666, 14.233333333333333 ] } },
{ "type": "Feature", "properties": { "Month": "August", "Day": 6, "Year": 1944, "Name of Vessel": "SHONAN MARU", "Type of Vessel": "Cargo", "Standard T": "5401", "Latitude": "30-53N", "Longitude": "129-47E", "Flag of Aggressor": "United States", "Type of Aggression": "Submarine", "Assessment": "Sunk" }, "geometry": { "type": "Point", "coordinates": [ 129.783333333333331, 30.883333333333333 ] } },
{ "type": "Feature", "properties": { "Month": "August", "Day": 7, "Year": 1944, "Name of Vessel": "SANJU MARU", "Type of Vessel": "Cargo", "Standard T": "4642", "Latitude": "6-04N", "Longitude": "124-22E", "Flag of Aggressor": "United States", "Type of Aggression": "Submarine", "Assessment": "Sunk" }, "geometry": { "type": "Point", "coordinates": [ 124.36666666666666, 6.066666666666666 ] } },
{ "type": "Feature", "properties": { "Month": "August", "Day": 9, "Year": 1944, "Name of Vessel": "TOKUYUSAN MARU", "Type of Vessel": "Cargo", "Standard T": "813", "Latitude": "1-12N", "Longitude": "128-08E", "Flag of Aggressor": "United States", "Type of Aggression": "Army Aircraft", "Assessment": "Sunk" }, "geometry": { "type": "Point", "coordinates": [ 128.133333333333326, 1.2 ] } },
{ "type": "Feature", "properties": { "Month": "August", "Day": 9, "Year": 1944, "Name of Vessel": "YAGI MARU", "Type of Vessel": "Cargo", "Standard T": "1937", "Latitude": "27-52N", "Longitude": "128-49E", "Flag of Aggressor": "United States", "Type of Aggression": "Submarine", "Assessment": "Sunk" }, "geometry": { "type": "Point", "coordinates": [ 128.816666666666663, 27.866666666666667 ] } },
{ "type": "Feature", "properties": { "Month": "August", "Day": 9, "Year": 1944, "Name of Vessel": "BOKO MARU", "Type of Vessel": "Cargo", "Standard T": "2333", "Latitude": "27-52N", "Longitude": "128-49E", "Flag of Aggressor": "United States", "Type of Aggression": "Submarine", "Assessment": "Sunk" }, "geometry": { "type": "Point", "coordinates": [ 128.816666666666663, 27.866666666666667 ] } },
{ "type": "Feature", "properties": { "Month": "August", "Day": 10, "Year": 1944, "Name of Vessel": "SHINEI MARU", "Type of Vessel": "Cargo", "Standard T": "5135", "Latitude": "16-17N", "Longitude": "119-46E", "Flag of Aggressor": "United States", "Type of Aggression": "Submarine", "Assessment": "Sunk" }, "geometry": { "type": "Point", "coordinates": [ 119.766666666666666, 16.283333333333335 ] } },
{ "type": "Feature", "properties": { "Month": "August", "Day": 11, "Year": 1944, "Name of Vessel": "ROKO MARU", "Type of Vessel": "Cargo", "Standard T": "3328", "Latitude": "34-12N", "Longitude": "136-19E", "Flag of Aggressor": "United States", "Type of Aggression": "Submarine", "Assessment": "Sunk" }, "geometry": { "type": "Point", "coordinates": [ 136.316666666666663, 34.2 ] } },
{ "type": "Feature", "properties": { "Month": "August", "Day": 11, "Year": 1944, "Name of Vessel": "IKUTA MARU", "Type of Vessel": "Tanker", "Standard T": "1018", "Latitude": "2-56S", "Longitude": "104-56E", "Flag of Aggressor": "United States", "Type of Aggression": "Army Mine", "Assessment": "Sunk" }, "geometry": { "type": "Point", "coordinates": [ 104.933333333333337, -2.933333333333334 ] } },
{ "type": "Feature", "properties": { "Month": "August", "Day": 12, "Year": 1944, "Name of Vessel": "MAYACHI MARU", "Type of Vessel": "Cargo", "Standard T": "2159", "Latitude": "50-28N", "Longitude": "144-09E", "Flag of Aggressor": "United States", "Type of Aggression": "Submarine", "Assessment": "Sunk" }, "geometry": { "type": "Point", "coordinates": [ 144.15, 50.466666666666669 ] } },
{ "type": "Feature", "properties": { "Month": "August", "Day": 12, "Year": 1944, "Name of Vessel": "TEIKON MARU", "Type of Vessel": "Tanker", "Standard T": "5113", "Latitude": "13-17N", "Longitude": "120-07E", "Flag of Aggressor": "United States", "Type of Aggression": "Submarine", "Assessment": "Sunk" }, "geometry": { "type": "Point", "coordinates": [ 120.11666666666666, 13.283333333333333 ] } },
{ "type": "Feature", "properties": { "Month": "August", "Day": 12, "Year": 1944, "Name of Vessel": "SHIMPO MARU", "Type of Vessel": "Tanker", "Standard T": "5135", "Latitude": "13-17N", "Longitude": "120-07E", "Flag of Aggressor": "United States", "Type of Aggression": "Submarine", "Assessment": "Sunk" }, "geometry": { "type": "Point", "coordinates": [ 120.11666666666666, 13.283333333333333 ] } },
{ "type": "Feature", "properties": { "Month": "August", "Day": 13, "Year": 1944, "Name of Vessel": "TOEI MARU", "Type of Vessel": "Cargo", "Standard T": "2323", "Latitude": "48-56N", "Longitude": "129-03E", "Flag of Aggressor": "United States", "Type of Aggression": "Submarine", "Assessment": "Sunk" }, "geometry": { "type": "Point", "coordinates": [ 129.05, 48.93333333333333 ] } },
{ "type": "Feature", "properties": { "Month": "August", "Day": 13, "Year": 1944, "Name of Vessel": "KOJUN MARU", "Type of Vessel": "Cargo", "Standard T": "1931", "Latitude": "6-17N", "Longitude": "126-09E", "Flag of Aggressor": "United States", "Type of Aggression": "Submarine", "Assessment": "Sunk" }, "geometry": { "type": "Point", "coordinates": [ 126.15, 6.283333333333333 ] } },
{ "type": "Feature", "properties": { "Month": "August", "Day": 13, "Year": 1944, "Name of Vessel": "ASAHI MARU NO2", "Type of Vessel": "Cargo", "Standard T": "1322", "Latitude": "22-00N", "Longitude": "114-45E", "Flag of Aggressor": "United States", "Type of Aggression": "Army Aircraft*", "Assessment": "Sunk" }, "geometry": { "type": "Point", "coordinates": [ 114.75, 22.0 ] } },
{ "type": "Feature", "properties": { "Month": "August", "Day": 14, "Year": 1944, "Name of Vessel": "MIIKESAN MARU", "Type of Vessel": "Cargo", "Standard T": "3179", "Latitude": "22-00N", "Longitude": "120-00E", "Flag of Aggressor": "United States", "Type of Aggression": "Army Aircraft", "Assessment": "Sunk" }, "geometry": { "type": "Point", "coordinates": [ 120.0, 22.0 ] } },
{ "type": "Feature", "properties": { "Month": "August", "Day": 14, "Year": 1944, "Name of Vessel": "ZUISHO MARU", "Type of Vessel": "Passenger-Cargo", "Standard T": "5289", "Latitude": "3-52N", "Longitude": "112-56E", "Flag of Aggressor": "United States", "Type of Aggression": "Submarine", "Assessment": "Sunk" }, "geometry": { "type": "Point", "coordinates": [ 112.933333333333337, 3.866666666666667 ] } },
{ "type": "Feature", "properties": { "Month": "August", "Day": 14, "Year": 1944, "Name of Vessel": "DAIGEN MARU NO7", "Type of Vessel": "ConvertedGunboat", "Standard T": "1289", "Latitude": "37-25N", "Longitude": "125-12E", "Flag of Aggressor": "United States", "Type of Aggression": "Submarine", "Assessment": "Sunk" }, "geometry": { "type": "Point", "coordinates": [ 125.2, 37.416666666666664 ] } },
{ "type": "Feature", "properties": { "Month": "August", "Day": 14, "Year": 1944, "Name of Vessel": "TOSHO MARU", "Type of Vessel": "Cargo", "Standard T": "1236", "Latitude": "4-31S", "Longitude": "125-26E", "Flag of Aggressor": "United States", "Type of Aggression": "Army Aircraft", "Assessment": "Sunk" }, "geometry": { "type": "Point", "coordinates": [ 125.433333333333337, -4.516666666666667 ] } },
{ "type": "Feature", "properties": { "Month": "August", "Day": 17, "Year": 1944, "Name of Vessel": "SANSHO MARU", "Type of Vessel": "Cargo", "Standard T": "6862", "Latitude": "35-38N", "Longitude": "126-10E", "Flag of Aggressor": "United States", "Type of Aggression": "Submarine", "Assessment": "Sunk" }, "geometry": { "type": "Point", "coordinates": [ 126.166666666666671, 35.633333333333333 ] } },
{ "type": "Feature", "properties": { "Month": "August", "Day": 18, "Year": 1944, "Name of Vessel": "EISHIN MARU", "Type of Vessel": "Cargo", "Standard T": "542", "Latitude": "18-16N", "Longitude": "120-20E", "Flag of Aggressor": "United States", "Type of Aggression": "Submarine", "Assessment": "Sunk" }, "geometry": { "type": "Point", "coordinates": [ 120.333333333333329, 18.266666666666666 ] } },
{ "type": "Feature", "properties": { "Month": "August", "Day": 18, "Year": 1944, "Name of Vessel": "TEIYO MARU", "Type of Vessel": "Tanker", "Standard T": "9849", "Latitude": "18-09N", "Longitude": "119-56E", "Flag of Aggressor": "United States", "Type of Aggression": "Submarine", "Assessment": "Sunk" }, "geometry": { "type": "Point", "coordinates": [ 119.933333333333337, 18.15 ] } },
{ "type": "Feature", "properties": { "Month": "August", "Day": 18, "Year": 1944, "Name of Vessel": "NANSEI MARU", "Type of Vessel": "Tanker", "Standard T": "5878", "Latitude": "8-48N", "Longitude": "116-58E", "Flag of Aggressor": "United States", "Type of Aggression": "Submarine", "Assessment": "Sunk" }, "geometry": { "type": "Point", "coordinates": [ 116.966666666666669, 8.8 ] } },
{ "type": "Feature", "properties": { "Month": "August", "Day": 19, "Year": 1944, "Name of Vessel": "TEIA MARU", "Type of Vessel": "Transport", "Standard T": "17537", "Latitude": "18-09N", "Longitude": "119-56E", "Flag of Aggressor": "United States", "Type of Aggression": "Submarine", "Assessment": "Sunk" }, "geometry": { "type": "Point", "coordinates": [ 119.933333333333337, 18.15 ] } },
{ "type": "Feature", "properties": { "Month": "August", "Day": 19, "Year": 1944, "Name of Vessel": "TAMATSU MARU", "Type of Vessel": "Passenger-Cargo", "Standard T": "9589", "Latitude": "18-49N", "Longitude": "119-47E", "Flag of Aggressor": "United States", "Type of Aggression": "Submarine", "Assessment": "Sunk" }, "geometry": { "type": "Point", "coordinates": [ 119.783333333333331, 18.816666666666666 ] } },
{ "type": "Feature", "properties": { "Month": "August", "Day": 19, "Year": 1944, "Name of Vessel": "HAYASUI", "Type of Vessel": "Tanker", "Standard T": "6,500e", "Latitude": "17-34N", "Longitude": "119-24E", "Flag of Aggressor": "United States", "Type of Aggression": "Submarine", "Assessment": "Sunk" }, "geometry": { "type": "Point", "coordinates": [ 119.4, 17.566666666666666 ] } },
{ "type": "Feature", "properties": { "Month": "August", "Day": 20, "Year": 1944, "Name of Vessel": "CHUKO MARU", "Type of Vessel": "Cargo", "Standard T": "1068", "Latitude": "22-23N", "Longitude": "115-34E", "Flag of Aggressor": "United States", "Type of Aggression": "Army Aircraft", "Assessment": "Sunk" }, "geometry": { "type": "Point", "coordinates": [ 115.566666666666663, 22.383333333333333 ] } },
{ "type": "Feature", "properties": { "Month": "August", "Day": 21, "Year": 1944, "Name of Vessel": "TAKETOYO MARU", "Type of Vessel": "Passenger-Cargo", "Standard T": "6965", "Latitude": "13-23N", "Longitude": "120-19E", "Flag of Aggressor": "United States", "Type of Aggression": "Submarine", "Assessment": "Sunk" }, "geometry": { "type": "Point", "coordinates": [ 120.316666666666663, 13.383333333333333 ] } },
{ "type": "Feature", "properties": { "Month": "August", "Day": 21, "Year": 1944, "Name of Vessel": "UGA MARU", "Type of Vessel": "Passenger-Cargo", "Standard T": "4433", "Latitude": "13-23N", "Longitude": "120-19E", "Flag of Aggressor": "United States", "Type of Aggression": "Submarine", "Assessment": "Sunk" }, "geometry": { "type": "Point", "coordinates": [ 120.316666666666663, 13.383333333333333 ] } },
{ "type": "Feature", "properties": { "Month": "August", "Day": 21, "Year": 1944, "Name of Vessel": "KINRYO MARU", "Type of Vessel": "Passenger-Cargo", "Standard T": "4390", "Latitude": "13-23N", "Longitude": "120-19E", "Flag of Aggressor": "United States", "Type of Aggression": "Submarine", "Assessment": "Sunk" }, "geometry": { "type": "Point", "coordinates": [ 120.316666666666663, 13.383333333333333 ] } },
{ "type": "Feature", "properties": { "Month": "August", "Day": 21, "Year": 1944, "Name of Vessel": "NORFOLK MARU", "Type of Vessel": "Passenger-Cargo", "Standard T": "6576", "Latitude": "13-23N", "Longitude": "120-19E", "Flag of Aggressor": "United States", "Type of Aggression": "Submarine", "Assessment": "Sunk" }, "geometry": { "type": "Point", "coordinates": [ 120.316666666666663, 13.383333333333333 ] } },
{ "type": "Feature", "properties": { "Month": "August", "Day": 21, "Year": 1944, "Name of Vessel": "DURBAN MARU", "Type of Vessel": "Passenger-Cargo", "Standard T": "7163", "Latitude": "11-43N", "Longitude": "109-17E", "Flag of Aggressor": "United States", "Type of Aggression": "Submarine", "Assessment": "Sunk" }, "geometry": { "type": "Point", "coordinates": [ 109.283333333333331, 11.716666666666667 ] } },
{ "type": "Feature", "properties": { "Month": "August", "Day": 22, "Year": 1944, "Name of Vessel": "SUGI MARU NO5", "Type of Vessel": "Cargo", "Standard T": "1983", "Latitude": "11-40N", "Longitude": "92-45E", "Flag of Aggressor": "Great Britain", "Type of Aggression": "Submarine", "Assessment": "Sunk" }, "geometry": { "type": "Point", "coordinates": [ 92.75, 11.666666666666666 ] } },
{ "type": "Feature", "properties": { "Month": "August", "Day": 22, "Year": 1944, "Name of Vessel": "TONAN MARU NO2", "Type of Vessel": "Tanker", "Standard T": "19262", "Latitude": "29-44N", "Longitude": "125-22E", "Flag of Aggressor": "United States", "Type of Aggression": "Submarine", "Assessment": "Sunk" }, "geometry": { "type": "Point", "coordinates": [ 125.36666666666666, 29.733333333333334 ] } },
{ "type": "Feature", "properties": { "Month": "August", "Day": 22, "Year": 1944, "Name of Vessel": "HAKKO MARU NO2", "Type of Vessel": "Tanker", "Standard T": "10023", "Latitude": "18-48N", "Longitude": "120-48E", "Flag of Aggressor": "United States", "Type of Aggression": "Submarine", "Assessment": "Sunk" }, "geometry": { "type": "Point", "coordinates": [ 120.8, 18.8 ] } },
{ "type": "Feature", "properties": { "Month": "August", "Day": 22, "Year": 1944, "Name of Vessel": "TSUSHIMA MARU", "Type of Vessel": "Passenger-Cargo", "Standard T": "6754", "Latitude": "29-32N", "Longitude": "129-31E", "Flag of Aggressor": "United States", "Type of Aggression": "Submarine", "Assessment": "Sunk" }, "geometry": { "type": "Point", "coordinates": [ 129.51666666666668, 29.533333333333335 ] } },
{ "type": "Feature", "properties": { "Month": "August", "Day": 23, "Year": 1944, "Name of Vessel": "TSUKUSHI MARU", "Type of Vessel": "Transport", "Standard T": "8135", "Latitude": "34-37N", "Longitude": "137-50E", "Flag of Aggressor": "United States", "Type of Aggression": "Submarine", "Assessment": "Sunk" }, "geometry": { "type": "Point", "coordinates": [ 137.833333333333343, 34.616666666666667 ] } },
{ "type": "Feature", "properties": { "Month": "August", "Day": 24, "Year": 1944, "Name of Vessel": "YOSHIDA MARU NO3", "Type of Vessel": "Cargo", "Standard T": "4646", "Latitude": "25-13N", "Longitude": "121-49E", "Flag of Aggressor": "United States", "Type of Aggression": "Submarine", "Assessment": "Sunk" }, "geometry": { "type": "Point", "coordinates": [ 121.816666666666663, 25.216666666666665 ] } },
{ "type": "Feature", "properties": { "Month": "August", "Day": 24, "Year": 1944, "Name of Vessel": "FUKUREI MARU", "Type of Vessel": "Cargo", "Standard T": "5969", "Latitude": "25-13N", "Longitude": "121-49E", "Flag of Aggressor": "United States", "Type of Aggression": "Submarine", "Assessment": "Sunk" }, "geometry": { "type": "Point", "coordinates": [ 121.816666666666663, 25.216666666666665 ] } },
{ "type": "Feature", "properties": { "Month": "August", "Day": 24, "Year": 1944, "Name of Vessel": "TOAN MARU", "Type of Vessel": "Cargo", "Standard T": "2110", "Latitude": "21-29N", "Longitude": "121-18E", "Flag of Aggressor": "United States", "Type of Aggression": "Submarine", "Assessment": "Sunk" }, "geometry": { "type": "Point", "coordinates": [ 121.3, 21.483333333333334 ] } },
{ "type": "Feature", "properties": { "Month": "August", "Day": 24, "Year": 1944, "Name of Vessel": "TOSEI MARU", "Type of Vessel": "Cargo", "Standard T": "531", "Latitude": "42-30N", "Longitude": "144-05E", "Flag of Aggressor": "United States", "Type of Aggression": "Submarine", "Assessment": "Sunk" }, "geometry": { "type": "Point", "coordinates": [ 144.083333333333343, 42.5 ] } },
{ "type": "Feature", "properties": { "Month": "August", "Day": 25, "Year": 1944, "Name of Vessel": "BATOPAHA MARU", "Type of Vessel": "Cargo", "Standard T": "5953", "Latitude": "18-33N", "Longitude": "120-34E", "Flag of Aggressor": "United States", "Type of Aggression": "Submarine", "Assessment": "Sunk" }, "geometry": { "type": "Point", "coordinates": [ 120.566666666666663, 18.55 ] } },
{ "type": "Feature", "properties": { "Month": "August", "Day": 25, "Year": 1944, "Name of Vessel": "KOTOKU MARU", "Type of Vessel": "Cargo", "Standard T": "1943", "Latitude": "18-46N", "Longitude": "120-46E", "Flag of Aggressor": "United States", "Type of Aggression": "Submarine", "Assessment": "Sunk" }, "geometry": { "type": "Point", "coordinates": [ 120.766666666666666, 18.766666666666666 ] } },
{ "type": "Feature", "properties": { "Month": "August", "Day": 27, "Year": 1944, "Name of Vessel": "NANSHINMARUNO27", "Type of Vessel": "Tanker", "Standard T": "834", "Latitude": "12-28N", "Longitude": "119-57E", "Flag of Aggressor": "United States", "Type of Aggression": "Submarine", "Assessment": "Sunk" }, "geometry": { "type": "Point", "coordinates": [ 119.95, 12.466666666666667 ] } },
{ "type": "Feature", "properties": { "Month": "August", "Day": 29, "Year": 1944, "Name of Vessel": "TIENTSIN MARU", "Type of Vessel": "Passenger-Cargo", "Standard T": "2349", "Latitude": "31-23N", "Longitude": "121-30E", "Flag of Aggressor": "United States", "Type of Aggression": "Army Mine", "Assessment": "Sunk" }, "geometry": { "type": "Point", "coordinates": [ 121.5, 31.383333333333333 ] } },
{ "type": "Feature", "properties": { "Month": "August", "Day": 29, "Year": 1944, "Name of Vessel": "MEXICO MARU", "Type of Vessel": "Passenger-Cargo", "Standard T": "5785", "Latitude": "2-07N", "Longitude": "122-28E", "Flag of Aggressor": "United States", "Type of Aggression": "Submarine", "Assessment": "Sunk" }, "geometry": { "type": "Point", "coordinates": [ 122.466666666666669, 2.116666666666667 ] } },
{ "type": "Feature", "properties": { "Month": "August", "Day": 30, "Year": 1944, "Name of Vessel": "IWAISHIMA MARU", "Type of Vessel": "Cargo", "Standard T": "695", "Latitude": "33-07N", "Longitude": "119-59E", "Flag of Aggressor": "United States", "Type of Aggression": "Army Mine", "Assessment": "Sunk" }, "geometry": { "type": "Point", "coordinates": [ 119.983333333333334, 33.116666666666667 ] } },
{ "type": "Feature", "properties": { "Month": "August", "Day": 31, "Year": 1944, "Name of Vessel": "FENGYANG MARU", "Type of Vessel": "Passenger-Cargo", "Standard T": "3977", "Latitude": "30-11N", "Longitude": "115-07E", "Flag of Aggressor": "United States", "Type of Aggression": "Army Aircraft", "Assessment": "Sunk" }, "geometry": { "type": "Point", "coordinates": [ 115.11666666666666, 30.183333333333334 ] } },
{ "type": "Feature", "properties": { "Month": "August", "Day": 31, "Year": 1944, "Name of Vessel": "TOKUHEI MARU", "Type of Vessel": "Cargo", "Standard T": "3439", "Latitude": "30-11N", "Longitude": "115-07E", "Flag of Aggressor": "United States", "Type of Aggression": "Army Aircraft", "Assessment": "Sunk" }, "geometry": { "type": "Point", "coordinates": [ 115.11666666666666, 30.183333333333334 ] } },
{ "type": "Feature", "properties": { "Month": "August", "Day": 31, "Year": 1944, "Name of Vessel": "CHIYODA MARU", "Type of Vessel": "Tanker", "Standard T": "4700", "Latitude": "21-21N", "Longitude": "121-06E", "Flag of Aggressor": "United States", "Type of Aggression": "Submarine", "Assessment": "Sunk" }, "geometry": { "type": "Point", "coordinates": [ 121.1, 21.35 ] } },
{ "type": "Feature", "properties": { "Month": "August", "Day": 31, "Year": 1944, "Name of Vessel": "OKUNI MARU", "Type of Vessel": "Cargo", "Standard T": "5.633", "Latitude": "21-14N", "Longitude": "121-22E", "Flag of Aggressor": "United States", "Type of Aggression": "Submarine", "Assessment": "Sunk" }, "geometry": { "type": "Point", "coordinates": [ 121.36666666666666, 21.233333333333334 ] } },
{ "type": "Feature", "properties": { "Month": "September", "Day": 1, "Year": 1944, "Name of Vessel": "SEKINO MARU", "Type of Vessel": "Cargo", "Standard T": "997", "Latitude": "1-10N", "Longitude": "122-25E", "Flag of Aggressor": "United States", "Type of Aggression": "Navy Land-Based Aircraft", "Assessment": "Sunk" }, "geometry": { "type": "Point", "coordinates": [ 122.416666666666671, 1.166666666666667 ] } },
{ "type": "Feature", "properties": { "Month": "September", "Day": 1, "Year": 1944, "Name of Vessel": "INA MARU", "Type of Vessel": "Cargo", "Standard T": "853", "Latitude": "30-26N", "Longitude": "140-53E", "Flag of Aggressor": "United States", "Type of Aggression": "Navy Carrier-Based Aircraft", "Assessment": "Sunk" }, "geometry": { "type": "Point", "coordinates": [ 140.883333333333326, 30.433333333333334 ] } },
{ "type": "Feature", "properties": { "Month": "September", "Day": 1, "Year": 1944, "Name of Vessel": "SURUGA MARU", "Type of Vessel": "Cargo", "Standard T": "525", "Latitude": "25-45N", "Longitude": "141-29E", "Flag of Aggressor": "United States", "Type of Aggression": "Navy Carrier-Based Aircraft", "Assessment": "Sunk" }, "geometry": { "type": "Point", "coordinates": [ 141.48333333333332, 25.75 ] } },
{ "type": "Feature", "properties": { "Month": "September", "Day": 1, "Year": 1944, "Name of Vessel": "NAMBA MARU", "Type of Vessel": "Cargo", "Standard T": "2,300e", "Latitude": "31-10N", "Longitude": "121-50E", "Flag of Aggressor": "United States", "Type of Aggression": "Army Mine", "Assessment": "Sunk" }, "geometry": { "type": "Point", "coordinates": [ 121.833333333333329, 31.166666666666668 ] } },
{ "type": "Feature", "properties": { "Month": "September", "Day": 5, "Year": 1944, "Name of Vessel": "SHINGETSU MARU", "Type of Vessel": "Cargo", "Standard T": "880", "Latitude": "32-24N", "Longitude": "134-15E", "Flag of Aggressor": "United States", "Type of Aggression": "Submarine", "Assessment": "Sunk" }, "geometry": { "type": "Point", "coordinates": [ 134.25, 32.4 ] } },
{ "type": "Feature", "properties": { "Month": "September", "Day": 5, "Year": 1944, "Name of Vessel": "SHIRETOKO MARU", "Type of Vessel": "Cargo", "Standard T": "1799", "Latitude": "5-42S", "Longitude": "104-58E", "Flag of Aggressor": "Great Britain", "Type of Aggression": "Submarine", "Assessment": "Sunk" }, "geometry": { "type": "Point", "coordinates": [ 104.966666666666669, -5.7 ] } },
{ "type": "Feature", "properties": { "Month": "September", "Day": 6, "Year": 1944, "Name of Vessel": "EIJI MARU", "Type of Vessel": "Cargo", "Standard T": "6968", "Latitude": "22-19N", "Longitude": "120-30E", "Flag of Aggressor": "United States", "Type of Aggression": "Army Mine", "Assessment": "Sunk" }, "geometry": { "type": "Point", "coordinates": [ 120.5, 22.316666666666666 ] } },
{ "type": "Feature", "properties": { "Month": "September", "Day": 7, "Year": 1944, "Name of Vessel": "SHINYO MARU", "Type of Vessel": "Cargo", "Standard T": "2518", "Latitude": "8-11N", "Longitude": "122-40E", "Flag of Aggressor": "United States", "Type of Aggression": "Submarine", "Assessment": "Sunk" }, "geometry": { "type": "Point", "coordinates": [ 122.666666666666671, 8.183333333333334 ] } },
{ "type": "Feature", "properties": { "Month": "September", "Day": 7, "Year": 1944, "Name of Vessel": "KOKKA MARU", "Type of Vessel": "Cargo", "Standard T": "5300", "Latitude": "25-12N", "Longitude": "121-45E", "Flag of Aggressor": "United States", "Type of Aggression": "Army Mine", "Assessment": "Sunk" }, "geometry": { "type": "Point", "coordinates": [ 121.75, 25.2 ] } },
{ "type": "Feature", "properties": { "Month": "September", "Day": 7, "Year": 1944, "Name of Vessel": "EIYO MARU NO2", "Type of Vessel": "Tanker", "Standard T": "5061", "Latitude": "8-11N", "Longitude": "122-40E", "Flag of Aggressor": "United States", "Type of Aggression": "Navy Carrier-Based Aircraft, Submarine", "Assessment": "Sunk" }, "geometry": { "type": "Point", "coordinates": [ 122.666666666666671, 8.183333333333334 ] } },
{ "type": "Feature", "properties": { "Month": "September", "Day": 8, "Year": 1944, "Name of Vessel": "NICHIMAN MARU", "Type of Vessel": "Cargo", "Standard T": "1922", "Latitude": "24-46N", "Longitude": "123-15E", "Flag of Aggressor": "United States", "Type of Aggression": "Submarine", "Assessment": "Sunk" }, "geometry": { "type": "Point", "coordinates": [ 123.25, 24.766666666666666 ] } },
{ "type": "Feature", "properties": { "Month": "September", "Day": 8, "Year": 1944, "Name of Vessel": "NICHIAN MARU", "Type of Vessel": "Cargo", "Standard T": "6197", "Latitude": "24-46N", "Longitude": "123-15E", "Flag of Aggressor": "United States", "Type of Aggression": "Submarine", "Assessment": "Sunk" }, "geometry": { "type": "Point", "coordinates": [ 123.25, 24.766666666666666 ] } },
{ "type": "Feature", "properties": { "Month": "September", "Day": 8, "Year": 1944, "Name of Vessel": "SHINTEN MARU", "Type of Vessel": "Cargo", "Standard T": "1254", "Latitude": "24-39N", "Longitude": "123-31E", "Flag of Aggressor": "United States", "Type of Aggression": "Submarine", "Assessment": "Sunk" }, "geometry": { "type": "Point", "coordinates": [ 123.516666666666666, 24.65 ] } },
{ "type": "Feature", "properties": { "Month": "September", "Day": 8, "Year": 1944, "Name of Vessel": "SHOKEI MARU", "Type of Vessel": "Cargo", "Standard T": "2557", "Latitude": "24-39N", "Longitude": "123-31E", "Flag of Aggressor": "United States", "Type of Aggression": "Submarine", "Assessment": "Sunk" }, "geometry": { "type": "Point", "coordinates": [ 123.516666666666666, 24.65 ] } },
{ "type": "Feature", "properties": { "Month": "September", "Day": 8, "Year": 1944, "Name of Vessel": "YANAGIGAWA MARU", "Type of Vessel": "Cargo", "Standard T": "2813", "Latitude": "8-14N", "Longitude": "121-47E", "Flag of Aggressor": "United States", "Type of Aggression": "Submarine", "Assessment": "Sunk" }, "geometry": { "type": "Point", "coordinates": [ 121.783333333333331, 8.233333333333333 ] } },
{ "type": "Feature", "properties": { "Month": "September", "Day": 9, "Year": 1944, "Name of Vessel": "MIHARA MARU", "Type of Vessel": "Passenger-Cargo", "Standard T": "697", "Latitude": "9-45N", "Longitude": "125-30E", "Flag of Aggressor": "United States", "Type of Aggression": "Navy Carrier-Based Aircraft", "Assessment": "Sunk" }, "geometry": { "type": "Point", "coordinates": [ 125.5, 9.75 ] } },
{ "type": "Feature", "properties": { "Month": "September", "Day": 9, "Year": 1944, "Name of Vessel": "KURENAI MARU", "Type of Vessel": "Passenger-Cargo", "Standard T": "1547", "Latitude": "9-45N", "Longitude": "125-30E", "Flag of Aggressor": "United States", "Type of Aggression": "Navy Carrier-Based Aircraft", "Assessment": "Sunk" }, "geometry": { "type": "Point", "coordinates": [ 125.5, 9.75 ] } },
{ "type": "Feature", "properties": { "Month": "September", "Day": 9, "Year": 1944, "Name of Vessel": "TAIYU MARU", "Type of Vessel": "Cargo", "Standard T": "1873", "Latitude": "9-45N", "Longitude": "125-30E", "Flag of Aggressor": "United States", "Type of Aggression": "Navy Carrier-Based Aircraft", "Assessment": "Sunk" }, "geometry": { "type": "Point", "coordinates": [ 125.5, 9.75 ] } },
{ "type": "Feature", "properties": { "Month": "September", "Day": 9, "Year": 1944, "Name of Vessel": "KUNIYAMA MARU", "Type of Vessel": "Cargo", "Standard T": "2,750e", "Latitude": "6-30N", "Longitude": "121-50E", "Flag of Aggressor": "United States", "Type of Aggression": "Navy Land-Based Aircraft", "Assessment": "Sunk" }, "geometry": { "type": "Point", "coordinates": [ 121.833333333333329, 6.5 ] } },
{ "type": "Feature", "properties": { "Month": "September", "Day": 9, "Year": 1944, "Name of Vessel": "TOYOOKA MARU", "Type of Vessel": "Passenger-Cargo", "Standard T": "7097", "Latitude": "19-45N", "Longitude": "120-56E", "Flag of Aggressor": "United States", "Type of Aggression": "Submarine", "Assessment": "Sunk" }, "geometry": { "type": "Point", "coordinates": [ 120.933333333333337, 19.75 ] } },
{ "type": "Feature", "properties": { "Month": "September", "Day": 9, "Year": 1944, "Name of Vessel": "MANSHU MARU", "Type of Vessel": "Transport", "Standard T": "3054", "Latitude": "19-45N", "Longitude": "120-56E", "Flag of Aggressor": "United States", "Type of Aggression": "Submarine", "Assessment": "Sunk" }, "geometry": { "type": "Point", "coordinates": [ 120.933333333333337, 19.75 ] } },
{ "type": "Feature", "properties": { "Month": "September", "Day": 9, "Year": 1944, "Name of Vessel": "SHONAN MARU", "Type of Vessel": "Passenger-Cargo", "Standard T": "5859", "Latitude": "47-58N", "Longitude": "148-20E", "Flag of Aggressor": "United States", "Type of Aggression": "Submarine", "Assessment": "Sunk" }, "geometry": { "type": "Point", "coordinates": [ 148.333333333333343, 47.966666666666669 ] } },
{ "type": "Feature", "properties": { "Month": "September", "Day": 9, "Year": 1944, "Name of Vessel": "SAINAN MARU", "Type of Vessel": "Passenger-Cargo", "Standard T": "3232", "Latitude": "31-23N", "Longitude": "121-30E", "Flag of Aggressor": "United States", "Type of Aggression": "Army Mine", "Assessment": "Sunk" }, "geometry": { "type": "Point", "coordinates": [ 121.5, 31.383333333333333 ] } },
{ "type": "Feature", "properties": { "Month": "September", "Day": 9, "Year": 1944, "Name of Vessel": "TOKIWASAN MARU", "Type of Vessel": "Cargo", "Standard T": "1804", "Latitude": "28-53N", "Longitude": "137-42E", "Flag of Aggressor": "United States", "Type of Aggression": "Submarine", "Assessment": "Sunk" }, "geometry": { "type": "Point", "coordinates": [ 137.7, 28.883333333333333 ] } },
{ "type": "Feature", "properties": { "Month": "September", "Day": 9, "Year": 1944, "Name of Vessel": "SHORYU MARU", "Type of Vessel": "Cargo", "Standard T": "1916", "Latitude": "28-53N", "Longitude": "137-42E", "Flag of Aggressor": "United States", "Type of Aggression": "Submarine", "Assessment": "Sunk" }, "geometry": { "type": "Point", "coordinates": [ 137.7, 28.883333333333333 ] } },
{ "type": "Feature", "properties": { "Month": "September", "Day": 10, "Year": 1944, "Name of Vessel": "UNYO MARU NO7", "Type of Vessel": "Cargo", "Standard T": "839", "Latitude": "7-03N", "Longitude": "125-40E", "Flag of Aggressor": "United States", "Type of Aggression": "Navy Carrier-Based Aircraft", "Assessment": "Probably sunk" }, "geometry": { "type": "Point", "coordinates": [ 125.666666666666671, 7.05 ] } },
{ "type": "Feature", "properties": { "Month": "September", "Day": 10, "Year": 1944, "Name of Vessel": "KINMO MARU", "Type of Vessel": "Cargo", "Standard T": "522", "Latitude": "25-13N", "Longitude": "141-01E", "Flag of Aggressor": "United States", "Type of Aggression": "Navy Carrier-Based Aircraft", "Assessment": "Sunk" }, "geometry": { "type": "Point", "coordinates": [ 141.01666666666668, 25.216666666666665 ] } },
{ "type": "Feature", "properties": { "Month": "September", "Day": 10, "Year": 1944, "Name of Vessel": "HINOKI MARU", "Type of Vessel": "ConvertedNetTender", "Standard T": "599", "Latitude": "6-27S", "Longitude": "116-48E", "Flag of Aggressor": "United States", "Type of Aggression": "Submarine", "Assessment": "Sunk" }, "geometry": { "type": "Point", "coordinates": [ 116.8, -6.45 ] } },
{ "type": "Feature", "properties": { "Month": "September", "Day": 10, "Year": 1944, "Name of Vessel": "CHIHAYA MARU", "Type of Vessel": "Tanker", "Standard T": "4701", "Latitude": "33-52N", "Longitude": "127-41E", "Flag of Aggressor": "United States", "Type of Aggression": "Submarine", "Assessment": "Sunk" }, "geometry": { "type": "Point", "coordinates": [ 127.683333333333337, 33.866666666666667 ] } },
{ "type": "Feature", "properties": { "Month": "September", "Day": 10, "Year": 1944, "Name of Vessel": "HOEI MARU NO2", "Type of Vessel": "Tanker", "Standard T": "834", "Latitude": "31-23N", "Longitude": "121-37E", "Flag of Aggressor": "United States", "Type of Aggression": "Army Mine", "Assessment": "Sunk" }, "geometry": { "type": "Point", "coordinates": [ 121.61666666666666, 31.383333333333333 ] } },
{ "type": "Feature", "properties": { "Month": "September", "Day": 10, "Year": 1944, "Name of Vessel": "TAKEKUN MARU", "Type of Vessel": "Tanker", "Standard T": "3029", "Latitude": "3-54N", "Longitude": "98-43E", "Flag of Aggressor": "Great Britain", "Type of Aggression": "Mine*", "Assessment": "Sunk" }, "geometry": { "type": "Point", "coordinates": [ 98.716666666666669, 3.9 ] } },
{ "type": "Feature", "properties": { "Month": "September", "Day": 11, "Year": 1944, "Name of Vessel": "HAKUUN MARU NO2", "Type of Vessel": "Cargo", "Standard T": "860", "Latitude": "27-37N", "Longitude": "140-21E", "Flag of Aggressor": "United States", "Type of Aggression": "Submarine", "Assessment": "Sunk" }, "geometry": { "type": "Point", "coordinates": [ 140.35, 27.616666666666667 ] } },
{ "type": "Feature", "properties": { "Month": "September", "Day": 11, "Year": 1944, "Name of Vessel": "HASSHO MARU", "Type of Vessel": "Cargo", "Standard T": "536", "Latitude": "27-37N", "Longitude": "140-21E", "Flag of Aggressor": "United States", "Type of Aggression": "Submarine", "Assessment": "Sunk" }, "geometry": { "type": "Point", "coordinates": [ 140.35, 27.616666666666667 ] } },
{ "type": "Feature", "properties": { "Month": "September", "Day": 12, "Year": 1944, "Name of Vessel": "AYAZONO MARU", "Type of Vessel": "Tanker", "Standard T": "2854", "Latitude": "10-20N", "Longitude": "124-00E", "Flag of Aggressor": "United States", "Type of Aggression": "Navy Carrier-Based Aircraft", "Assessment": "Sunk" }, "geometry": { "type": "Point", "coordinates": [ 124.0, 10.333333333333334 ] } },
{ "type": "Feature", "properties": { "Month": "September", "Day": 12, "Year": 1944, "Name of Vessel": "BUGEN MARU", "Type of Vessel": "Cargo", "Standard T": "691", "Latitude": "10-20N", "Longitude": "124-00E", "Flag of Aggressor": "United States", "Type of Aggression": "Navy Carrier-Based Aircraft", "Assessment": "Sunk" }, "geometry": { "type": "Point", "coordinates": [ 124.0, 10.333333333333334 ] } },
{ "type": "Feature", "properties": { "Month": "September", "Day": 12, "Year": 1944, "Name of Vessel": "DAIAKITA MARU", "Type of Vessel": "Cargo", "Standard T": "2704", "Latitude": "11-21N", "Longitude": "124-07E", "Flag of Aggressor": "United States", "Type of Aggression": "Navy Carrier-Based Aircraft", "Assessment": "Sunk" }, "geometry": { "type": "Point", "coordinates": [ 124.11666666666666, 11.35 ] } },
{ "type": "Feature", "properties": { "Month": "September", "Day": 12, "Year": 1944, "Name of Vessel": "GENKAI MARU", "Type of Vessel": "Passenger-Cargo", "Standard T": "3850", "Latitude": "10-20N", "Longitude": "124-00E", "Flag of Aggressor": "United States", "Type of Aggression": "Navy Carrier-Based Aircraft", "Assessment": "Sunk" }, "geometry": { "type": "Point", "coordinates": [ 124.0, 10.333333333333334 ] } },
{ "type": "Feature", "properties": { "Month": "September", "Day": 12, "Year": 1944, "Name of Vessel": "HAKUMI MARU", "Type of Vessel": "Cargo", "Standard T": "2857", "Latitude": "10-34N", "Longitude": "124-01E", "Flag of Aggressor": "United States", "Type of Aggression": "Navy Carrier-Based Aircraft", "Assessment": "Sunk" }, "geometry": { "type": "Point", "coordinates": [ 124.016666666666666, 10.566666666666666 ] } },
{ "type": "Feature", "properties": { "Month": "September", "Day": 12, "Year": 1944, "Name of Vessel": "KEIAN MARU", "Type of Vessel": "Cargo", "Standard T": "2084", "Latitude": "10-20N", "Longitude": "124-00E", "Flag of Aggressor": "United States", "Type of Aggression": "Navy Carrier-Based Aircraft", "Assessment": "Sunk" }, "geometry": { "type": "Point", "coordinates": [ 124.0, 10.333333333333334 ] } },
{ "type": "Feature", "properties": { "Month": "September", "Day": 12, "Year": 1944, "Name of Vessel": "KISO MARU", "Type of Vessel": "Cargo", "Standard T": "703", "Latitude": "10-20N", "Longitude": "124-00E", "Flag of Aggressor": "United States", "Type of Aggression": "Navy Carrier-Based Aircraft", "Assessment": "Sunk" }, "geometry": { "type": "Point", "coordinates": [ 124.0, 10.333333333333334 ] } },
{ "type": "Feature", "properties": { "Month": "September", "Day": 12, "Year": 1944, "Name of Vessel": "KOREI MARU", "Type of Vessel": "Cargo", "Standard T": "540", "Latitude": "10-20N", "Longitude": "124-00E", "Flag of Aggressor": "United States", "Type of Aggression": "Navy Carrier-Based Aircraft", "Assessment": "Sunk" }, "geometry": { "type": "Point", "coordinates": [ 124.0, 10.333333333333334 ] } },
{ "type": "Feature", "properties": { "Month": "September", "Day": 12, "Year": 1944, "Name of Vessel": "RAKUTO MARU", "Type of Vessel": "Passenger-Cargo", "Standard T": "2962", "Latitude": "10-35N", "Longitude": "124-20E", "Flag of Aggressor": "United States", "Type of Aggression": "Navy Carrier-Based Aircraft", "Assessment": "Sunk" }, "geometry": { "type": "Point", "coordinates": [ 124.333333333333329, 10.583333333333334 ] } },
{ "type": "Feature", "properties": { "Month": "September", "Day": 12, "Year": 1944, "Name of Vessel": "NICHIEI MARU", "Type of Vessel": "Cargo", "Standard T": "2436", "Latitude": "10-20N", "Longitude": "124-00E", "Flag of Aggressor": "United States", "Type of Aggression": "Navy Carrier-Based Aircraft", "Assessment": "Sunk" }, "geometry": { "type": "Point", "coordinates": [ 124.0, 10.333333333333334 ] } },
{ "type": "Feature", "properties": { "Month": "September", "Day": 12, "Year": 1944, "Name of Vessel": "TOYO MARU", "Type of Vessel": "Cargo", "Standard T": "544", "Latitude": "10-20N", "Longitude": "124-00E", "Flag of Aggressor": "United States", "Type of Aggression": "Navy Carrier-Based Aircraft", "Assessment": "Sunk" }, "geometry": { "type": "Point", "coordinates": [ 124.0, 10.333333333333334 ] } },
{ "type": "Feature", "properties": { "Month": "September", "Day": 12, "Year": 1944, "Name of Vessel": "SHINTAI MARU NO5", "Type of Vessel": "Cargo", "Standard T": "534", "Latitude": "10-20N", "Longitude": "124-00E", "Flag of Aggressor": "United States", "Type of Aggression": "Navy Carrier-Based Aircraft", "Assessment": "Sunk" }, "geometry": { "type": "Point", "coordinates": [ 124.0, 10.333333333333334 ] } },
{ "type": "Feature", "properties": { "Month": "September", "Day": 12, "Year": 1944, "Name of Vessel": "HAKUTETSU MARU NO7", "Type of Vessel": "Cargo", "Standard T": "1018", "Latitude": "33-31N", "Longitude": "135-57E", "Flag of Aggressor": "United States", "Type of Aggression": "Submarine", "Assessment": "Sunk" }, "geometry": { "type": "Point", "coordinates": [ 135.95, 33.516666666666666 ] } },
{ "type": "Feature", "properties": { "Month": "September", "Day": 12, "Year": 1944, "Name of Vessel": "NANKAI MARU", "Type of Vessel": "Passenger-Cargo", "Standard T": "8416", "Latitude": "18-42N", "Longitude": "114-30E", "Flag of Aggressor": "United States", "Type of Aggression": "Submarine", "Assessment": "Sunk" }, "geometry": { "type": "Point", "coordinates": [ 114.5, 18.7 ] } },
{ "type": "Feature", "properties": { "Month": "September", "Day": 12, "Year": 1944, "Name of Vessel": "RAKUYO MARU", "Type of Vessel": "Passenger-Cargo", "Standard T": "9419", "Latitude": "18-42N", "Longitude": "114-30E", "Flag of Aggressor": "United States", "Type of Aggression": "Submarine", "Assessment": "Sunk" }, "geometry": { "type": "Point", "coordinates": [ 114.5, 18.7 ] } },
{ "type": "Feature", "properties": { "Month": "September", "Day": 12, "Year": 1944, "Name of Vessel": "KACHIDOKI MARU", "Type of Vessel": "Transport", "Standard T": "10509", "Latitude": "19-18N", "Longitude": "111-53E", "Flag of Aggressor": "United States", "Type of Aggression": "Submarine", "Assessment": "Sunk" }, "geometry": { "type": "Point", "coordinates": [ 111.88333333333334, 19.3 ] } },
{ "type": "Feature", "properties": { "Month": "September", "Day": 12, "Year": 1944, "Name of Vessel": "ZUIHO MARU", "Type of Vessel": "Tanker", "Standard T": "5135", "Latitude": "19-18N", "Longitude": "111-53E", "Flag of Aggressor": "United States", "Type of Aggression": "Submarine", "Assessment": "Sunk" }, "geometry": { "type": "Point", "coordinates": [ 111.88333333333334, 19.3 ] } },
{ "type": "Feature", "properties": { "Month": "September", "Day": 13, "Year": 1944, "Name of Vessel": "AKITSUSHIMA MARU", "Type of Vessel": "Cargo", "Standard T": "542", "Latitude": "3-04S", "Longitude": "128-11E", "Flag of Aggressor": "United States", "Type of Aggression": "Army Aircraft", "Assessment": "Sunk" }, "geometry": { "type": "Point", "coordinates": [ 128.183333333333337, -3.066666666666667 ] } },
{ "type": "Feature", "properties": { "Month": "September", "Day": 13, "Year": 1944, "Name of Vessel": "USA MARU", "Type of Vessel": "Cargo", "Standard T": "842", "Latitude": "23-52N", "Longitude": "118-56E", "Flag of Aggressor": "United States", "Type of Aggression": "Army Aircraft", "Assessment": "Sunk" }, "geometry": { "type": "Point", "coordinates": [ 118.933333333333337, 23.866666666666667 ] } },
{ "type": "Feature", "properties": { "Month": "September", "Day": 13, "Year": 1944, "Name of Vessel": "ETASHIMA MARU", "Type of Vessel": "Cargo", "Standard T": "6435", "Latitude": "35-04N", "Longitude": "124-49E", "Flag of Aggressor": "United States", "Type of Aggression": "Submarine", "Assessment": "Sunk" }, "geometry": { "type": "Point", "coordinates": [ 124.816666666666663, 35.06666666666667 ] } },
{ "type": "Feature", "properties": { "Month": "September", "Day": 16, "Year": 1944, "Name of Vessel": "SHINAI MARU", "Type of Vessel": "Cargo", "Standard T": "2410", "Latitude": "4-07S", "Longitude": "122-44E", "Flag of Aggressor": "United States", "Type of Aggression": "Navy Land-Based Aircraft", "Assessment": "Sunk" }, "geometry": { "type": "Point", "coordinates": [ 122.733333333333334, -4.116666666666666 ] } },
{ "type": "Feature", "properties": { "Month": "September", "Day": 16, "Year": 1944, "Name of Vessel": "OGURA, MARU NO2", "Type of Vessel": "Tanker", "Standard T": "7311", "Latitude": "21-23N", "Longitude": "121-17E", "Flag of Aggressor": "United States", "Type of Aggression": "Submarine", "Assessment": "Sunk" }, "geometry": { "type": "Point", "coordinates": [ 121.283333333333331, 21.383333333333333 ] } },
{ "type": "Feature", "properties": { "Month": "September", "Day": 16, "Year": 1944, "Name of Vessel": "TOKUSHIMA MARU", "Type of Vessel": "Passenger-Cargo", "Standard T": "5975", "Latitude": "21-15N", "Longitude": "121-29E", "Flag of Aggressor": "United States", "Type of Aggression": "Submarine", "Assessment": "Sunk" }, "geometry": { "type": "Point", "coordinates": [ 121.483333333333334, 21.25 ] } },
{ "type": "Feature", "properties": { "Month": "September", "Day": 16, "Year": 1944, "Name of Vessel": "IMAJI MARU", "Type of Vessel": "Cargo", "Standard T": "1986", "Latitude": "5-08N", "Longitude": "115-05E", "Flag of Aggressor": "Japan", "Type of Aggression": "Mine", "Assessment": "Sunk" }, "geometry": { "type": "Point", "coordinates": [ 115.083333333333329, 5.133333333333334 ] } },
{ "type": "Feature", "properties": { "Month": "September", "Day": 16, "Year": 1944, "Name of Vessel": "AZUSA MARU", "Type of Vessel": "Tanker", "Standard T": "11177", "Latitude": "19-18N", "Longitude": "116-26E", "Flag of Aggressor": "United States", "Type of Aggression": "Submarine", "Assessment": "Sunk" }, "geometry": { "type": "Point", "coordinates": [ 116.433333333333337, 19.3 ] } },
{ "type": "Feature", "properties": { "Month": "September", "Day": 18, "Year": 1944, "Name of Vessel": "JUNYO MARU", "Type of Vessel": "Cargo", "Standard T": "5065", "Latitude": "2-53S", "Longitude": "101-10E", "Flag of Aggressor": "Great Britain", "Type of Aggression": "Submarine", "Assessment": "Sunk" }, "geometry": { "type": "Point", "coordinates": [ 101.166666666666671, -2.883333333333333 ] } },
{ "type": "Feature", "properties": { "Month": "September", "Day": 18, "Year": 1944, "Name of Vessel": "GYOKU MARU", "Type of Vessel": "Cargo", "Standard T": "6854", "Latitude": "35-05N", "Longitude": "124-24E", "Flag of Aggressor": "United States", "Type of Aggression": "Submarine", "Assessment": "Sunk" }, "geometry": { "type": "Point", "coordinates": [ 124.4, 35.083333333333336 ] } },
{ "type": "Feature", "properties": { "Month": "September", "Day": 18, "Year": 1944, "Name of Vessel": "SAIGON MARU", "Type of Vessel": "Converted Light Cruiser", "Standard T": "5350", "Latitude": "14-11N", "Longitude": "120-02E", "Flag of Aggressor": "United States", "Type of Aggression": "Submarine", "Assessment": "Sunk" }, "geometry": { "type": "Point", "coordinates": [ 120.033333333333331, 14.183333333333334 ] } },
{ "type": "Feature", "properties": { "Month": "September", "Day": 19, "Year": 1944, "Name of Vessel": "TOSEI MARU NO2", "Type of Vessel": "Tanker", "Standard T": "507", "Latitude": "24-56N", "Longitude": "122-14E", "Flag of Aggressor": "United States", "Type of Aggression": "Submarine", "Assessment": "Sunk" }, "geometry": { "type": "Point", "coordinates": [ 122.233333333333334, 24.933333333333334 ] } },
{ "type": "Feature", "properties": { "Month": "September", "Day": 21, "Year": 1944, "Name of Vessel": "YAMABUKI MARU", "Type of Vessel": "Cargo", "Standard T": "5081", "Latitude": "14-45N", "Longitude": "120-12E", "Flag of Aggressor": "United States", "Type of Aggression": "Navy Carrier-Based Aircraft", "Assessment": "Sunk" }, "geometry": { "type": "Point", "coordinates": [ 120.2, 14.75 ] } },
{ "type": "Feature", "properties": { "Month": "September", "Day": 21, "Year": 1944, "Name of Vessel": "CHINA MARU", "Type of Vessel": "Passenger-Cargo", "Standard T": "5869", "Latitude": "14-35N", "Longitude": "120-55E", "Flag of Aggressor": "United States", "Type of Aggression": "Navy Carrier-Based Aircraft", "Assessment": "Sunk" }, "geometry": { "type": "Point", "coordinates": [ 120.916666666666671, 14.583333333333334 ] } },
{ "type": "Feature", "properties": { "Month": "September", "Day": 21, "Year": 1944, "Name of Vessel": "HIOKI MARU", "Type of Vessel": "Cargo", "Standard T": "5320", "Latitude": "14-35N", "Longitude": "120-55E", "Flag of Aggressor": "United States", "Type of Aggression": "Navy Carrier-Based Aircraft", "Assessment": "Sunk" }, "geometry": { "type": "Point", "coordinates": [ 120.916666666666671, 14.583333333333334 ] } },
{ "type": "Feature", "properties": { "Month": "September", "Day": 21, "Year": 1944, "Name of Vessel": "HOFUKU MARU", "Type of Vessel": "Passenger-Cargo", "Standard T": "5825", "Latitude": "15-25N", "Longitude": "119-50E", "Flag of Aggressor": "United States", "Type of Aggression": "Navy Carrier-Based Aircraft", "Assessment": "Sunk" }, "geometry": { "type": "Point", "coordinates": [ 119.833333333333329, 15.416666666666666 ] } },
{ "type": "Feature", "properties": { "Month": "September", "Day": 21, "Year": 1944, "Name of Vessel": "IWASHIRO MARU", "Type of Vessel": "Cargo", "Standard T": "873", "Latitude": "14-35N", "Longitude": "120-55E", "Flag of Aggressor": "United States", "Type of Aggression": "Navy Carrier-Based Aircraft", "Assessment": "Sunk" }, "geometry": { "type": "Point", "coordinates": [ 120.916666666666671, 14.583333333333334 ] } },
{ "type": "Feature", "properties": { "Month": "September", "Day": 21, "Year": 1944, "Name of Vessel": "NIYO MARU", "Type of Vessel": "Tanker", "Standard T": "10022", "Latitude": "14-35N", "Longitude": "120-55E", "Flag of Aggressor": "United States", "Type of Aggression": "Navy Carrier-Based Aircraft", "Assessment": "Sunk" }, "geometry": { "type": "Point", "coordinates": [ 120.916666666666671, 14.583333333333334 ] } },
{ "type": "Feature", "properties": { "Month": "September", "Day": 21, "Year": 1944, "Name of Vessel": "NORWAY MARU", "Type of Vessel": "Passenger-Cargo", "Standard T": "5832", "Latitude": "14-35N", "Longitude": "120-55E", "Flag of Aggressor": "United States", "Type of Aggression": "Navy Carrier-Based Aircraft", "Assessment": "Sunk" }, "geometry": { "type": "Point", "coordinates": [ 120.916666666666671, 14.583333333333334 ] } },
{ "type": "Feature", "properties": { "Month": "September", "Day": 21, "Year": 1944, "Name of Vessel": "NOSHIRO MARU", "Type of Vessel": "Converted Light Cruiser", "Standard T": "7189", "Latitude": "14-35N", "Longitude": "120-55E", "Flag of Aggressor": "United States", "Type of Aggression": "Navy Carrier-Based Aircraft", "Assessment": "Sunk" }, "geometry": { "type": "Point", "coordinates": [ 120.916666666666671, 14.583333333333334 ] } },
{ "type": "Feature", "properties": { "Month": "September", "Day": 21, "Year": 1944, "Name of Vessel": "OGURA MARU NO1", "Type of Vessel": "Tanker", "Standard T": "7270", "Latitude": "15-25N", "Longitude": "119-50E", "Flag of Aggressor": "United States", "Type of Aggression": "Navy Carrier-Based Aircraft", "Assessment": "Sunk" }, "geometry": { "type": "Point", "coordinates": [ 119.833333333333329, 15.416666666666666 ] } },
{ "type": "Feature", "properties": { "Month": "September", "Day": 21, "Year": 1944, "Name of Vessel": "RISSHUN MARU", "Type of Vessel": "Passenger-Cargo", "Standard T": "4414", "Latitude": "14-35N", "Longitude": "120-55E", "Flag of Aggressor": "United States", "Type of Aggression": "Navy Carrier-Based Aircraft", "Assessment": "Sunk" }, "geometry": { "type": "Point", "coordinates": [ 120.916666666666671, 14.583333333333334 ] } },
{ "type": "Feature", "properties": { "Month": "September", "Day": 21, "Year": 1944, "Name of Vessel": "ROZAN MARU", "Type of Vessel": "Passenger-Cargo", "Standard T": "6638", "Latitude": "14-35N", "Longitude": "120-55E", "Flag of Aggressor": "United States", "Type of Aggression": "Navy Carrier-Based Aircraft", "Assessment": "Sunk" }, "geometry": { "type": "Point", "coordinates": [ 120.916666666666671, 14.583333333333334 ] } },
{ "type": "Feature", "properties": { "Month": "September", "Day": 21, "Year": 1944, "Name of Vessel": "NANSEI MARU", "Type of Vessel": "Cargo", "Standard T": "2218", "Latitude": "14-45N", "Longitude": "120-12E", "Flag of Aggressor": "United States", "Type of Aggression": "Navy Carrier-Based Aircraft", "Assessment": "Sunk" }, "geometry": { "type": "Point", "coordinates": [ 120.2, 14.75 ] } },
{ "type": "Feature", "properties": { "Month": "September", "Day": 21, "Year": 1944, "Name of Vessel": "KUROGANE MARU", "Type of Vessel": "Cargo", "Standard T": "2700", "Latitude": "14-35N", "Longitude": "120-55E", "Flag of Aggressor": "United States", "Type of Aggression": "Navy Carrier-Based Aircraft", "Assessment": "Sunk" }, "geometry": { "type": "Point", "coordinates": [ 120.916666666666671, 14.583333333333334 ] } },
{ "type": "Feature", "properties": { "Month": "September", "Day": 21, "Year": 1944, "Name of Vessel": "KYOKUTO MARU", "Type of Vessel": "Tanker", "Standard T": "10051", "Latitude": "14-25N", "Longitude": "120-55E", "Flag of Aggressor": "United States", "Type of Aggression": "Navy Carrier-Based Aircraft", "Assessment": "Sunk" }, "geometry": { "type": "Point", "coordinates": [ 120.916666666666671, 14.416666666666666 ] } },
{ "type": "Feature", "properties": { "Month": "September", "Day": 21, "Year": 1944, "Name of Vessel": "TSUKUBASAN MARU", "Type of Vessel": "Cargo", "Standard T": "1937", "Latitude": "14-35N", "Longitude": "120-55E", "Flag of Aggressor": "United States", "Type of Aggression": "Navy Carrier-Based Aircraft", "Assessment": "Sunk" }, "geometry": { "type": "Point", "coordinates": [ 120.916666666666671, 14.583333333333334 ] } },
{ "type": "Feature", "properties": { "Month": "September", "Day": 21, "Year": 1944, "Name of Vessel": "YUKI MARU", "Type of Vessel": "Cargo", "Standard T": "3168", "Latitude": "15-25N", "Longitude": "119-50E", "Flag of Aggressor": "United States", "Type of Aggression": "Navy Carrier-Based Aircraft", "Assessment": "Sunk" }, "geometry": { "type": "Point", "coordinates": [ 119.833333333333329, 15.416666666666666 ] } },
{ "type": "Feature", "properties": { "Month": "September", "Day": 21, "Year": 1944, "Name of Vessel": "SHICHIYO MARU", "Type of Vessel": "Cargo", "Standard T": "557", "Latitude": "15-25N", "Longitude": "119-50E", "Flag of Aggressor": "United States", "Type of Aggression": "Navy Carrier-Based Aircraft", "Assessment": "Sunk" }, "geometry": { "type": "Point", "coordinates": [ 119.833333333333329, 15.416666666666666 ] } },
{ "type": "Feature", "properties": { "Month": "September", "Day": 21, "Year": 1944, "Name of Vessel": "SURAKARUTA MARU", "Type of Vessel": "Cargo", "Standard T": "6886", "Latitude": "15-25N", "Longitude": "119-50E", "Flag of Aggressor": "United States", "Type of Aggression": "Navy Carrier-Based Aircraft", "Assessment": "Sunk" }, "geometry": { "type": "Point", "coordinates": [ 119.833333333333329, 15.416666666666666 ] } },
{ "type": "Feature", "properties": { "Month": "September", "Day": 21, "Year": 1944, "Name of Vessel": "TAKASAGO MARU NO3", "Type of Vessel": "Tanker", "Standard T": "834e", "Latitude": "14-35N", "Longitude": "120-55E", "Flag of Aggressor": "United States", "Type of Aggression": "Navy Carrier-Based Aircraft", "Assessment": "Sunk" }, "geometry": { "type": "Point", "coordinates": [ 120.916666666666671, 14.583333333333334 ] } },
{ "type": "Feature", "properties": { "Month": "September", "Day": 21, "Year": 1944, "Name of Vessel": "MIZUHO MARU", "Type of Vessel": "Transport", "Standard T": "8506", "Latitude": "18-35N", "Longitude": "120-39E", "Flag of Aggressor": "United States", "Type of Aggression": "Submarine", "Assessment": "Sunk" }, "geometry": { "type": "Point", "coordinates": [ 120.65, 18.583333333333332 ] } },
{ "type": "Feature", "properties": { "Month": "September", "Day": 21, "Year": 1944, "Name of Vessel": "RIZAN MARU", "Type of Vessel": "Cargo", "Standard T": "4747", "Latitude": "49-16N", "Longitude": "145-29E", "Flag of Aggressor": "United States", "Type of Aggression": "Submarine", "Assessment": "Sunk" }, "geometry": { "type": "Point", "coordinates": [ 145.48333333333332, 49.266666666666666 ] } },
{ "type": "Feature", "properties": { "Month": "September", "Day": 21, "Year": 1944, "Name of Vessel": "AWAJI MARU", "Type of Vessel": "Cargo", "Standard T": "1948", "Latitude": "18-43N", "Longitude": "120-52E", "Flag of Aggressor": "United States", "Type of Aggression": "Submarine", "Assessment": "Sunk" }, "geometry": { "type": "Point", "coordinates": [ 120.86666666666666, 18.716666666666665 ] } },
{ "type": "Feature", "properties": { "Month": "September", "Day": 21, "Year": 1944, "Name of Vessel": "YOZAN MARU", "Type of Vessel": "Cargo", "Standard T": "6487", "Latitude": "14-35N", "Longitude": "120-55E", "Flag of Aggressor": "United States", "Type of Aggression": "Navy Carrier-Based Aircraft", "Assessment": "Sunk" }, "geometry": { "type": "Point", "coordinates": [ 120.916666666666671, 14.583333333333334 ] } },
{ "type": "Feature", "properties": { "Month": "September", "Day": 22, "Year": 1944, "Name of Vessel": "CERAM MARU", "Type of Vessel": "Tanker", "Standard T": "2858", "Latitude": "14-35N", "Longitude": "120-55E", "Flag of Aggressor": "United States", "Type of Aggression": "Navy Carrier-Based Aircraft", "Assessment": "Sunk" }, "geometry": { "type": "Point", "coordinates": [ 120.916666666666671, 14.583333333333334 ] } },
{ "type": "Feature", "properties": { "Month": "September", "Day": 22, "Year": 1944, "Name of Vessel": "HORAI MARU NO2", "Type of Vessel": "Tanker", "Standard T": "834e", "Latitude": "14-35N", "Longitude": "120-55E", "Flag of Aggressor": "United States", "Type of Aggression": "Navy Carrier-Based Aircraft", "Assessment": "Sunk" }, "geometry": { "type": "Point", "coordinates": [ 120.916666666666671, 14.583333333333334 ] } },
{ "type": "Feature", "properties": { "Month": "September", "Day": 22, "Year": 1944, "Name of Vessel": "NANMEI MARU NO9", "Type of Vessel": "Tanker", "Standard T": "834e", "Latitude": "14-35N", "Longitude": "120-55E", "Flag of Aggressor": "United States", "Type of Aggression": "Navy Carrier-Based Aircraft", "Assessment": "Sunk" }, "geometry": { "type": "Point", "coordinates": [ 120.916666666666671, 14.583333333333334 ] } },
{ "type": "Feature", "properties": { "Month": "September", "Day": 22, "Year": 1944, "Name of Vessel": "NANSHIN MARU NO24", "Type of Vessel": "Tanker", "Standard T": "834e", "Latitude": "16-36N", "Longitude": "120-18E", "Flag of Aggressor": "United States", "Type of Aggression": "Navy Carrier-Based Aircraft", "Assessment": "Sunk" }, "geometry": { "type": "Point", "coordinates": [ 120.3, 16.6 ] } },
{ "type": "Feature", "properties": { "Month": "September", "Day": 22, "Year": 1944, "Name of Vessel": "TAIYU MARU", "Type of Vessel": "Cargo", "Standard T": "1942", "Latitude": "16-36N", "Longitude": "120-18E", "Flag of Aggressor": "United States", "Type of Aggression": "Navy Carrier-Based Aircraft", "Assessment": "Sunk" }, "geometry": { "type": "Point", "coordinates": [ 120.3, 16.6 ] } },
{ "type": "Feature", "properties": { "Month": "September", "Day": 22, "Year": 1944, "Name of Vessel": "SHUN YUAN", "Type of Vessel": "Cargo", "Standard T": "1610", "Latitude": "15-22N", "Longitude": "119-17E", "Flag of Aggressor": "United States", "Type of Aggression": "Submarine", "Assessment": "Sunk" }, "geometry": { "type": "Point", "coordinates": [ 119.283333333333331, 15.366666666666667 ] } },
{ "type": "Feature", "properties": { "Month": "September", "Day": 23, "Year": 1944, "Name of Vessel": "TOSHO MARU", "Type of Vessel": "Cargo", "Standard T": "1289", "Latitude": "4-23S", "Longitude": "122-43E", "Flag of Aggressor": "United States", "Type of Aggression": "Navy Land-Based Aircraft", "Assessment": "Sunk" }, "geometry": { "type": "Point", "coordinates": [ 122.716666666666669, -4.383333333333334 ] } },
{ "type": "Feature", "properties": { "Month": "September", "Day": 24, "Year": 1944, "Name of Vessel": "KOGYO MARU", "Type of Vessel": "Cargo", "Standard T": "6353", "Latitude": "11-59N", "Longitude": "120-02E", "Flag of Aggressor": "United States", "Type of Aggression": "Navy Carrier-Based Aircraft", "Assessment": "Sunk" }, "geometry": { "type": "Point", "coordinates": [ 120.033333333333331, 11.983333333333333 ] } },
{ "type": "Feature", "properties": { "Month": "September", "Day": 24, "Year": 1944, "Name of Vessel": "OKIGAWA MARU", "Type of Vessel": "Tanker", "Standard T": "10043", "Latitude": "14-00N", "Longitude": "119-00E", "Flag of Aggressor": "United States", "Type of Aggression": "Navy Carrier-Based Aircraft", "Assessment": "Sunk" }, "geometry": { "type": "Point", "coordinates": [ 119.0, 14.0 ] } },
{ "type": "Feature", "properties": { "Month": "September", "Day": 24, "Year": 1944, "Name of Vessel": "CHUKA MARU", "Type of Vessel": "Cargo", "Standard T": "2189", "Latitude": "11-13N", "Longitude": "123-10E", "Flag of Aggressor": "United States", "Type of Aggression": "Navy Carrier-Based Aircraft", "Assessment": "Sunk" }, "geometry": { "type": "Point", "coordinates": [ 123.166666666666671, 11.216666666666667 ] } },
{ "type": "Feature", "properties": { "Month": "September", "Day": 24, "Year": 1944, "Name of Vessel": "EKKAI MARU", "Type of Vessel": "Cargo", "Standard T": "2984", "Latitude": "11-59N", "Longitude": "120-02E", "Flag of Aggressor": "United States", "Type of Aggression": "Navy Carrier-Based Aircraft", "Assessment": "Sunk" }, "geometry": { "type": "Point", "coordinates": [ 120.033333333333331, 11.983333333333333 ] } },
{ "type": "Feature", "properties": { "Month": "September", "Day": 24, "Year": 1944, "Name of Vessel": "FUKUEI MARU NO17", "Type of Vessel": "Cargo", "Standard T": "830", "Latitude": "11-54N", "Longitude": "123-10E", "Flag of Aggressor": "United States", "Type of Aggression": "Navy Carrier-Based Aircraft", "Assessment": "Sunk" }, "geometry": { "type": "Point", "coordinates": [ 123.166666666666671, 11.9 ] } },
{ "type": "Feature", "properties": { "Month": "September", "Day": 24, "Year": 1944, "Name of Vessel": "IRAKO", "Type of Vessel": "Collier", "Standard T": "6,500e", "Latitude": "11-59N", "Longitude": "120-02E", "Flag of Aggressor": "United States", "Type of Aggression": "Navy Carrier-Based Aircraft", "Assessment": "Sunk" }, "geometry": { "type": "Point", "coordinates": [ 120.033333333333331, 11.983333333333333 ] } },
{ "type": "Feature", "properties": { "Month": "September", "Day": 24, "Year": 1944, "Name of Vessel": "KENWA MARU", "Type of Vessel": "Tanker", "Standard T": "6384", "Latitude": "11-13N", "Longitude": "123-10E", "Flag of Aggressor": "United States", "Type of Aggression": "Navy Carrier-Based Aircraft", "Assessment": "Sank" }, "geometry": { "type": "Point", "coordinates": [ 123.166666666666671, 11.216666666666667 ] } },
{ "type": "Feature", "properties": { "Month": "September", "Day": 24, "Year": 1944, "Name of Vessel": "KOSHU MARU NO2", "Type of Vessel": "Cargo", "Standard T": "866", "Latitude": "11-54N", "Longitude": "123-10E", "Flag of Aggressor": "United States", "Type of Aggression": "Navy Carrier-Based Aircraft", "Assessment": "Sunk" }, "geometry": { "type": "Point", "coordinates": [ 123.166666666666671, 11.9 ] } },
{ "type": "Feature", "properties": { "Month": "September", "Day": 24, "Year": 1944, "Name of Vessel": "OLYMPIA MARU", "Type of Vessel": "Passenger-Cargo", "Standard T": "5617", "Latitude": "11-59N", "Longitude": "120-02E", "Flag of Aggressor": "United States", "Type of Aggression": "Navy Carrier-Based Aircraft", "Assessment": "Sunk" }, "geometry": { "type": "Point", "coordinates": [ 120.033333333333331, 11.983333333333333 ] } },
{ "type": "Feature", "properties": { "Month": "September", "Day": 24, "Year": 1944, "Name of Vessel": "KYOKUZAN MARU", "Type of Vessel": "Cargo", "Standard T": "6300", "Latitude": "11-59N", "Longitude": "120-02E", "Flag of Aggressor": "United States", "Type of Aggression": "Navy Carrier-Based Aircraft", "Assessment": "Sank" }, "geometry": { "type": "Point", "coordinates": [ 120.033333333333331, 11.983333333333333 ] } },
{ "type": "Feature", "properties": { "Month": "September", "Day": 24, "Year": 1944, "Name of Vessel": "SHINYO MARU", "Type of Vessel": "Passenger-Cargo", "Standard T": "4658", "Latitude": "12-21N", "Longitude": "123-00E", "Flag of Aggressor": "United States", "Type of Aggression": "Navy Carrier-Based Aircraft", "Assessment": "Sank" }, "geometry": { "type": "Point", "coordinates": [ 123.0, 12.35 ] } },
{ "type": "Feature", "properties": { "Month": "September", "Day": 24, "Year": 1944, "Name of Vessel": "SIBERIA MARU", "Type of Vessel": "Transport", "Standard T": "3461", "Latitude": "11-54N", "Longitude": "123-10E", "Flag of Aggressor": "United States", "Type of Aggression": "Navy Carrier-Based Aircraft", "Assessment": "Sunk" }, "geometry": { "type": "Point", "coordinates": [ 123.166666666666671, 11.9 ] } },
{ "type": "Feature", "properties": { "Month": "September", "Day": 24, "Year": 1944, "Name of Vessel": "TAIEI MARU", "Type of Vessel": "Tanker", "Standard T": "10045", "Latitude": "11-59N", "Longitude": "120-02E", "Flag of Aggressor": "United States", "Type of Aggression": "Navy Carrier-Based Aircraft", "Assessment": "Sank" }, "geometry": { "type": "Point", "coordinates": [ 120.033333333333331, 11.983333333333333 ] } },
{ "type": "Feature", "properties": { "Month": "September", "Day": 25, "Year": 1944, "Name of Vessel": "ROKKOSAN MARU", "Type of Vessel": "Cargo", "Standard T": "2174", "Latitude": "22-28N", "Longitude": "118-38E", "Flag of Aggressor": "United States", "Type of Aggression": "Army Aircraft", "Assessment": "Sunk" }, "geometry": { "type": "Point", "coordinates": [ 118.63333333333334, 22.466666666666665 ] } },
{ "type": "Feature", "properties": { "Month": "September", "Day": 25, "Year": 1944, "Name of Vessel": "BUSHU MARU", "Type of Vessel": "Cargo", "Standard T": "1222", "Latitude": "29-50N", "Longitude": "130-06E", "Flag of Aggressor": "United States", "Type of Aggression": "Submarine", "Assessment": "Sunk" }, "geometry": { "type": "Point", "coordinates": [ 130.1, 29.833333333333332 ] } },
{ "type": "Feature", "properties": { "Month": "September", "Day": 25, "Year": 1944, "Name of Vessel": "MIYAKAWA MARU NO2", "Type of Vessel": "Cargo", "Standard T": "873", "Latitude": "38-30N", "Longitude": "124-06E", "Flag of Aggressor": "United States", "Type of Aggression": "Submarine", "Assessment": "Sunk" }, "geometry": { "type": "Point", "coordinates": [ 124.1, 38.5 ] } },
{ "type": "Feature", "properties": { "Month": "September", "Day": 25, "Year": 1944, "Name of Vessel": "NISSEI MARU", "Type of Vessel": "Cargo", "Standard T": "1468", "Latitude": "37-32N", "Longitude": "124-33E", "Flag of Aggressor": "United States", "Type of Aggression": "Submarine", "Assessment": "Sunk" }, "geometry": { "type": "Point", "coordinates": [ 124.55, 37.533333333333331 ] } },
{ "type": "Feature", "properties": { "Month": "September", "Day": 26, "Year": 1944, "Name of Vessel": "KOETSU MARU", "Type of Vessel": "Cargo", "Standard T": "873", "Latitude": "37-13N", "Longitude": "123-48E", "Flag of Aggressor": "United States", "Type of Aggression": "Submarine", "Assessment": "Sunk" }, "geometry": { "type": "Point", "coordinates": [ 123.8, 37.216666666666669 ] } },
{ "type": "Feature", "properties": { "Month": "September", "Day": 27, "Year": 1944, "Name of Vessel": "URAL MARU", "Type of Vessel": "Transport", "Standard T": "6374", "Latitude": "15-40N", "Longitude": "117-18E", "Flag of Aggressor": "United States", "Type of Aggression": "Submarine", "Assessment": "Sunk" }, "geometry": { "type": "Point", "coordinates": [ 117.3, 15.666666666666666 ] } },
{ "type": "Feature", "properties": { "Month": "September", "Day": 27, "Year": 1944, "Name of Vessel": "HOKKI MARU", "Type of Vessel": "Tanker", "Standard T": "5599", "Latitude": "15-45N", "Longitude": "117-48E", "Flag of Aggressor": "United States", "Type of Aggression": "Submarine", "Assessment": "Sunk" }, "geometry": { "type": "Point", "coordinates": [ 117.8, 15.75 ] } },
{ "type": "Feature", "properties": { "Month": "September", "Day": 27, "Year": 1944, "Name of Vessel": "HACHIROGATA MARU", "Type of Vessel": "Cargo", "Standard T": "1999", "Latitude": "46-32N", "Longitude": "146-48E", "Flag of Aggressor": "United States", "Type of Aggression": "Submarine", "Assessment": "Sunk" }, "geometry": { "type": "Point", "coordinates": [ 146.8, 46.533333333333331 ] } },
{ "type": "Feature", "properties": { "Month": "September", "Day": 28, "Year": 1944, "Name of Vessel": "TONE MARU", "Type of Vessel": "Cargo", "Standard T": "537", "Latitude": "1-15S", "Longitude": "116-50E", "Flag of Aggressor": "United States", "Type of Aggression": "Navy Land-Based Aircraft", "Assessment": "Sunk" }, "geometry": { "type": "Point", "coordinates": [ 116.833333333333329, -1.25 ] } },
{ "type": "Feature", "properties": { "Month": "September", "Day": 28, "Year": 1944, "Name of Vessel": "ANJO MARU", "Type of Vessel": "Tanker", "Standard T": "2068", "Latitude": "13-16N", "Longitude": "120-08E", "Flag of Aggressor": "United States", "Type of Aggression": "Submarine", "Assessment": "Sunk" }, "geometry": { "type": "Point", "coordinates": [ 120.13333333333334, 13.266666666666667 ] } },
{ "type": "Feature", "properties": { "Month": "September", "Day": 29, "Year": 1944, "Name of Vessel": "EKISAN MARU", "Type of Vessel": "Cargo", "Standard T": "3690", "Latitude": "27-12N", "Longitude": "128-18E", "Flag of Aggressor": "United States", "Type of Aggression": "Submarine", "Assessment": "Sunk" }, "geometry": { "type": "Point", "coordinates": [ 128.3, 27.2 ] } },
{ "type": "Feature", "properties": { "Month": "October", "Day": 1, "Year": 1944, "Name of Vessel": "SEIAN MARU", "Type of Vessel": "Passenger-Cargo", "Standard T": "1990", "Latitude": "28-11N", "Longitude": "139-30E", "Flag of Aggressor": "United States", "Type of Aggression": "Submarine", "Assessment": "Sunk" }, "geometry": { "type": "Point", "coordinates": [ 139.5, 28.183333333333334 ] } },
{ "type": "Feature", "properties": { "Month": "October", "Day": 1, "Year": 1944, "Name of Vessel": "TAKUNAN MARU", "Type of Vessel": "Cargo", "Standard T": "751", "Latitude": "30-32N", "Longitude": "138-17E", "Flag of Aggressor": "United States", "Type of Aggression": "Submarine", "Assessment": "Sunk" }, "geometry": { "type": "Point", "coordinates": [ 138.283333333333331, 30.533333333333335 ] } },
{ "type": "Feature", "properties": { "Month": "October", "Day": 1, "Year": 1944, "Name of Vessel": "ZUIYO MARU", "Type of Vessel": "Tanker", "Standard T": "7385", "Latitude": "16-15N", "Longitude": "119-43E", "Flag of Aggressor": "United States", "Type of Aggression": "Submarine", "Assessment": "Sunk" }, "geometry": { "type": "Point", "coordinates": [ 119.716666666666669, 16.25 ] } },
{ "type": "Feature", "properties": { "Month": "October", "Day": 1, "Year": 1944, "Name of Vessel": "KYOKUHO MARU", "Type of Vessel": "Tanker", "Standard T": "10059", "Latitude": "16-15N", "Longitude": "119-43E", "Flag of Aggressor": "United States", "Type of Aggression": "Submarine", "Assessment": "Sunk" }, "geometry": { "type": "Point", "coordinates": [ 119.716666666666669, 16.25 ] } },
{ "type": "Feature", "properties": { "Month": "October", "Day": 1, "Year": 1944, "Name of Vessel": "KOKUSEI MARU", "Type of Vessel": "Cargo", "Standard T": "5396", "Latitude": "6-30N", "Longitude": "116-11E", "Flag of Aggressor": "United States", "Type of Aggression": "Submarine", "Assessment": "Sunk" }, "geometry": { "type": "Point", "coordinates": [ 116.183333333333337, 6.5 ] } },
{ "type": "Feature", "properties": { "Month": "October", "Day": 1, "Year": 1944, "Name of Vessel": "HIGANE MARU", "Type of Vessel": "Cargo", "Standard T": "5320", "Latitude": "6-30N", "Longitude": "116-11E", "Flag of Aggressor": "United States", "Type of Aggression": "Submarine", "Assessment": "Sunk" }, "geometry": { "type": "Point", "coordinates": [ 116.183333333333337, 6.5 ] } },
{ "type": "Feature", "properties": { "Month": "October", "Day": 1, "Year": 1944, "Name of Vessel": "HIYORI MARU", "Type of Vessel": "Cargo", "Standard T": "5320", "Latitude": "6-30N", "Longitude": "116-11E", "Flag of Aggressor": "United States", "Type of Aggression": "Submarine", "Assessment": "Sunk" }, "geometry": { "type": "Point", "coordinates": [ 116.183333333333337, 6.5 ] } },
{ "type": "Feature", "properties": { "Month": "October", "Day": 2, "Year": 1944, "Name of Vessel": "TSUYAMA MARU", "Type of Vessel": "Passenger-Cargo", "Standard T": "6962", "Latitude": "21-00N", "Longitude": "121-46E", "Flag of Aggressor": "United States", "Type of Aggression": "Submarine", "Assessment": "Sunk" }, "geometry": { "type": "Point", "coordinates": [ 121.766666666666666, 21.0 ] } },
{ "type": "Feature", "properties": { "Month": "October", "Day": 2, "Year": 1944, "Name of Vessel": "AZUCHISAN MARU", "Type of Vessel": "Cargo", "Standard T": "6888", "Latitude": "18-25N", "Longitude": "120-32E", "Flag of Aggressor": "United States", "Type of Aggression": "Submarine", "Assessment": "Sunk" }, "geometry": { "type": "Point", "coordinates": [ 120.533333333333331, 18.416666666666668 ] } },
{ "type": "Feature", "properties": { "Month": "October", "Day": 3, "Year": 1944, "Name of Vessel": "NANSHIN MARU NO14", "Type of Vessel": "Tanker", "Standard T": "834", "Latitude": "6-54N", "Longitude": "122-04E", "Flag of Aggressor": "United States", "Type of Aggression": "Army Aircraft", "Assessment": "Sunk" }, "geometry": { "type": "Point", "coordinates": [ 122.066666666666663, 6.9 ] } },
{ "type": "Feature", "properties": { "Month": "October", "Day": 4, "Year": 1944, "Name of Vessel": "TATEISHI MARU", "Type of Vessel": "Passenger-Cargo", "Standard T": "3801", "Latitude": "6-10N", "Longitude": "121-20E", "Flag of Aggressor": "United States", "Type of Aggression": "Army Aircraft", "Assessment": "Sunk" }, "geometry": { "type": "Point", "coordinates": [ 121.333333333333329, 6.166666666666667 ] } },
{ "type": "Feature", "properties": { "Month": "October", "Day": 4, "Year": 1944, "Name of Vessel": "TAIBIN MARU", "Type of Vessel": "Cargo", "Standard T": "6886", "Latitude": "15-26N", "Longitude": "119-49E", "Flag of Aggressor": "United States", "Type of Aggression": "Submarine", "Assessment": "Sunk" }, "geometry": { "type": "Point", "coordinates": [ 119.816666666666663, 15.433333333333334 ] } },
{ "type": "Feature", "properties": { "Month": "October", "Day": 5, "Year": 1944, "Name of Vessel": "ROKKO MARU", "Type of Vessel": "Passenger-Cargo", "Standard T": "3038", "Latitude": "23-09N", "Longitude": "119-58E", "Flag of Aggressor": "United States", "Type of Aggression": "Army Aircraft", "Assessment": "Sunk" }, "geometry": { "type": "Point", "coordinates": [ 119.966666666666669, 23.15 ] } },
{ "type": "Feature", "properties": { "Month": "October", "Day": 5, "Year": 1944, "Name of Vessel": "TATSUSHIRO MARU", "Type of Vessel": "Cargo", "Standard T": "6886", "Latitude": "13-01N", "Longitude": "120-15E", "Flag of Aggressor": "United States", "Type of Aggression": "Submarine", "Assessment": "Sunk" }, "geometry": { "type": "Point", "coordinates": [ 120.25, 13.016666666666667 ] } },
{ "type": "Feature", "properties": { "Month": "October", "Day": 6, "Year": 1944, "Name of Vessel": "AKANE MARU", "Type of Vessel": "Tanker", "Standard T": "10241", "Latitude": "19-40N", "Longitude": "118-05E", "Flag of Aggressor": "United States", "Type of Aggression": "Submarine", "Assessment": "Sunk" }, "geometry": { "type": "Point", "coordinates": [ 118.083333333333329, 19.666666666666668 ] } },
{ "type": "Feature", "properties": { "Month": "October", "Day": 6, "Year": 1944, "Name of Vessel": "YAMAMIZU MARU NO2", "Type of Vessel": "Cargo", "Standard T": "5154", "Latitude": "17-31N", "Longitude": "120-21E", "Flag of Aggressor": "United States", "Type of Aggression": "Submarine", "Assessment": "Sunk" }, "geometry": { "type": "Point", "coordinates": [ 120.35, 17.516666666666666 ] } },
{ "type": "Feature", "properties": { "Month": "October", "Day": 7, "Year": 1944, "Name of Vessel": "KINUGASA MARU", "Type of Vessel": "Passenger-Cargo", "Standard T": "8407", "Latitude": "14-30N", "Longitude": "115-48E", "Flag of Aggressor": "United States", "Type of Aggression": "Submarine", "Assessment": "Sunk" }, "geometry": { "type": "Point", "coordinates": [ 115.8, 14.5 ] } },
{ "type": "Feature", "properties": { "Month": "October", "Day": 7, "Year": 1944, "Name of Vessel": "SHINYO MARU NO8", "Type of Vessel": "Cargo", "Standard T": "1959", "Latitude": "17-50N", "Longitude": "119-37E", "Flag of Aggressor": "United States", "Type of Aggression": "Submarine", "Assessment": "Sunk" }, "geometry": { "type": "Point", "coordinates": [ 119.61666666666666, 17.833333333333332 ] } },
{ "type": "Feature", "properties": { "Month": "October", "Day": 7, "Year": 1944, "Name of Vessel": "MACASSAR MARU", "Type of Vessel": "Passenger-Cargo", "Standard T": "4026", "Latitude": "17-54N", "Longitude": "119-57E", "Flag of Aggressor": "United States", "Type of Aggression": "Submarine", "Assessment": "Sunk" }, "geometry": { "type": "Point", "coordinates": [ 119.95, 17.9 ] } },
{ "type": "Feature", "properties": { "Month": "October", "Day": 8, "Year": 1944, "Name of Vessel": "KOHOKU MARU", "Type of Vessel": "Passenger-Cargo", "Standard T": "2573", "Latitude": "18-32N", "Longitude": "116-13E", "Flag of Aggressor": "United States", "Type of Aggression": "Submarine", "Assessment": "Sunk" }, "geometry": { "type": "Point", "coordinates": [ 116.216666666666669, 18.533333333333335 ] } },
{ "type": "Feature", "properties": { "Month": "October", "Day": 9, "Year": 1944, "Name of Vessel": "TACHIBANA MARU", "Type of Vessel": "Tanker", "Standard T": "6521", "Latitude": "19-33N", "Longitude": "116-38E", "Flag of Aggressor": "United States", "Type of Aggression": "Submarine", "Assessment": "Sunk" }, "geometry": { "type": "Point", "coordinates": [ 116.63333333333334, 19.55 ] } },
{ "type": "Feature", "properties": { "Month": "October", "Day": 9, "Year": 1944, "Name of Vessel": "TOKUWA MARU", "Type of Vessel": "Cargo", "Standard T": "1943", "Latitude": "12-46N", "Longitude": "118-02E", "Flag of Aggressor": "United States", "Type of Aggression": "Submarine", "Assessment": "Sunk" }, "geometry": { "type": "Point", "coordinates": [ 118.033333333333331, 12.766666666666667 ] } },
{ "type": "Feature", "properties": { "Month": "October", "Day": 9, "Year": 1944, "Name of Vessel": "SHINKI MARU", "Type of Vessel": "Cargo", "Standard T": "2211", "Latitude": "32-08N", "Longitude": "129-51E", "Flag of Aggressor": "United States", "Type of Aggression": "Submarine", "Assessment": "Sunk" }, "geometry": { "type": "Point", "coordinates": [ 129.85, 32.133333333333333 ] } },
{ "type": "Feature", "properties": { "Month": "October", "Day": 9, "Year": 1944, "Name of Vessel": "HATO MARU", "Type of Vessel": "Cargo", "Standard T": "880e", "Latitude": "31-10N", "Longitude": "122-25E", "Flag of Aggressor": "United States", "Type of Aggression": "Army Mine", "Assessment": "Sunk" }, "geometry": { "type": "Point", "coordinates": [ 122.416666666666671, 31.166666666666668 ] } },
{ "type": "Feature", "properties": { "Month": "October", "Day": 10, "Year": 1944, "Name of Vessel": "FUKUURA MARU", "Type of Vessel": "Cargo", "Standard T": "3177", "Latitude": "26-13N", "Longitude": "127-39E", "Flag of Aggressor": "United States", "Type of Aggression": "Navy Carrier-Based Aircraft", "Assessment": "Sunk" }, "geometry": { "type": "Point", "coordinates": [ 127.65, 26.216666666666665 ] } },
{ "type": "Feature", "properties": { "Month": "October", "Day": 10, "Year": 1944, "Name of Vessel": "HIROTA MARU", "Type of Vessel": "Cargo", "Standard T": "2211", "Latitude": "24-26N", "Longitude": "125-20E", "Flag of Aggressor": "United States", "Type of Aggression": "Navy Carrier-Based Aircraft", "Assessment": "Sunk" }, "geometry": { "type": "Point", "coordinates": [ 125.333333333333329, 24.433333333333334 ] } },
{ "type": "Feature", "properties": { "Month": "October", "Day": 10, "Year": 1944, "Name of Vessel": "HORAI MARU", "Type of Vessel": "Passenger-Cargo", "Standard T": "3198", "Latitude": "26-38N", "Longitude": "127-54E", "Flag of Aggressor": "United States", "Type of Aggression": "Navy Carrier-Based Aircraft", "Assessment": "Sunk" }, "geometry": { "type": "Point", "coordinates": [ 127.9, 26.633333333333333 ] } },
{ "type": "Feature", "properties": { "Month": "October", "Day": 10, "Year": 1944, "Name of Vessel": "KORYU MARU", "Type of Vessel": "Cargo", "Standard T": "2170", "Latitude": "25-51N", "Longitude": "126-30E", "Flag of Aggressor": "United States", "Type of Aggression": "Navy Carrier-Based Aircraft", "Assessment": "Sunk" }, "geometry": { "type": "Point", "coordinates": [ 126.5, 25.85 ] } },
{ "type": "Feature", "properties": { "Month": "October", "Day": 10, "Year": 1944, "Name of Vessel": "NANKAI MARU NO1", "Type of Vessel": "Cargo", "Standard T": "1163", "Latitude": "26-13N", "Longitude": "127-39E", "Flag of Aggressor": "United States", "Type of Aggression": "Navy Carrier-Based Aircraft", "Assessment": "Sunk" }, "geometry": { "type": "Point", "coordinates": [ 127.65, 26.216666666666665 ] } },
{ "type": "Feature", "properties": { "Month": "October", "Day": 10, "Year": 1944, "Name of Vessel": "NANYO MARU", "Type of Vessel": "Cargo", "Standard T": "2218", "Latitude": "26-13N", "Longitude": "127-39E", "Flag of Aggressor": "United States", "Type of Aggression": "Navy Carrier-Based Aircraft", "Assessment": "Sunk" }, "geometry": { "type": "Point", "coordinates": [ 127.65, 26.216666666666665 ] } },
{ "type": "Feature", "properties": { "Month": "October", "Day": 10, "Year": 1944, "Name of Vessel": "TETSUZAN MARU", "Type of Vessel": "Cargo", "Standard T": "2018", "Latitude": "26-13N", "Longitude": "127-39E", "Flag of Aggressor": "United States", "Type of Aggression": "Navy Carrier-Based Aircraft", "Assessment": "Sunk" }, "geometry": { "type": "Point", "coordinates": [ 127.65, 26.216666666666665 ] } },
{ "type": "Feature", "properties": { "Month": "October", "Day": 10, "Year": 1944, "Name of Vessel": "TAIKAI MARU", "Type of Vessel": "Cargo", "Standard T": "2478", "Latitude": "26-13N", "Longitude": "127-39E", "Flag of Aggressor": "United States", "Type of Aggression": "Navy Carrier-Based Aircraft", "Assessment": "Sunk" }, "geometry": { "type": "Point", "coordinates": [ 127.65, 26.216666666666665 ] } },
{ "type": "Feature", "properties": { "Month": "October", "Day": 10, "Year": 1944, "Name of Vessel": "JOSHU GO", "Type of Vessel": "Cargo", "Standard T": "1658", "Latitude": "25-20N", "Longitude": "121-32E", "Flag of Aggressor": "United States", "Type of Aggression": "Submarine", "Assessment": "Sunk" }, "geometry": { "type": "Point", "coordinates": [ 121.533333333333331, 25.333333333333332 ] } },
{ "type": "Feature", "properties": { "Month": "October", "Day": 10, "Year": 1944, "Name of Vessel": "EJIRI MARU", "Type of Vessel": "Cargo", "Standard T": "6968", "Latitude": "16-10N", "Longitude": "119-44E", "Flag of Aggressor": "United States", "Type of Aggression": "Submarine", "Assessment": "Sunk" }, "geometry": { "type": "Point", "coordinates": [ 119.733333333333334, 16.166666666666668 ] } },
{ "type": "Feature", "properties": { "Month": "October", "Day": 11, "Year": 1944, "Name of Vessel": "OITA MARU", "Type of Vessel": "Cargo", "Standard T": "711", "Latitude": "25-40N", "Longitude": "121-30E", "Flag of Aggressor": "United States", "Type of Aggression": "Submarine", "Assessment": "Sunk" }, "geometry": { "type": "Point", "coordinates": [ 121.5, 25.666666666666668 ] } },
{ "type": "Feature", "properties": { "Month": "October", "Day": 12, "Year": 1944, "Name of Vessel": "MANRYO MARU", "Type of Vessel": "Cargo", "Standard T": "1185", "Latitude": "2-50N", "Longitude": "100-50E", "Flag of Aggressor": "Great Britain", "Type of Aggression": "Submarine", "Assessment": "Sunk" }, "geometry": { "type": "Point", "coordinates": [ 100.833333333333329, 2.833333333333333 ] } },
{ "type": "Feature", "properties": { "Month": "October", "Day": 12, "Year": 1944, "Name of Vessel": "SHINAN MARU", "Type of Vessel": "Cargo", "Standard T": "1278", "Latitude": "23-22N", "Longitude": "120-10E", "Flag of Aggressor": "United States", "Type of Aggression": "Army Aircraft", "Assessment": "Sunk" }, "geometry": { "type": "Point", "coordinates": [ 120.166666666666671, 23.366666666666667 ] } },
{ "type": "Feature", "properties": { "Month": "October", "Day": 12, "Year": 1944, "Name of Vessel": "ASAKA MARU", "Type of Vessel": "Converted Light Cruiser", "Standard T": "7398", "Latitude": "23-30N", "Longitude": "119-34E", "Flag of Aggressor": "United States", "Type of Aggression": "Navy Carrier-Based Aircraft", "Assessment": "Sunk" }, "geometry": { "type": "Point", "coordinates": [ 119.566666666666663, 23.5 ] } },
{ "type": "Feature", "properties": { "Month": "October", "Day": 12, "Year": 1944, "Name of Vessel": "ASAKA MARU", "Type of Vessel": "Passenger-Cargo", "Standard T": "4681", "Latitude": "22-37N", "Longitude": "120-15E", "Flag of Aggressor": "United States", "Type of Aggression": "Navy Carrier-Based Aircraft", "Assessment": "Sunk" }, "geometry": { "type": "Point", "coordinates": [ 120.25, 22.616666666666667 ] } },
{ "type": "Feature", "properties": { "Month": "October", "Day": 12, "Year": 1944, "Name of Vessel": "BUJO MARU", "Type of Vessel": "Cargo", "Standard T": "2270", "Latitude": "22-37N", "Longitude": "120-15E", "Flag of Aggressor": "United States", "Type of Aggression": "Navy Carrier-Based Aircraft", "Assessment": "Sunk" }, "geometry": { "type": "Point", "coordinates": [ 120.25, 22.616666666666667 ] } },
{ "type": "Feature", "properties": { "Month": "October", "Day": 12, "Year": 1944, "Name of Vessel": "GYOUN MARU", "Type of Vessel": "Cargo", "Standard T": "912", "Latitude": "22-37N", "Longitude": "120-15E", "Flag of Aggressor": "United States", "Type of Aggression": "Navy Carrier-Based Aircraft", "Assessment": "Sunk" }, "geometry": { "type": "Point", "coordinates": [ 120.25, 22.616666666666667 ] } },
{ "type": "Feature", "properties": { "Month": "October", "Day": 12, "Year": 1944, "Name of Vessel": "HAKKO MARU", "Type of Vessel": "Cargo", "Standard T": "1132", "Latitude": "22-37N", "Longitude": "120-15E", "Flag of Aggressor": "United States", "Type of Aggression": "Navy Carrier-Based Aircraft", "Assessment": "Sunk" }, "geometry": { "type": "Point", "coordinates": [ 120.25, 22.616666666666667 ] } },
{ "type": "Feature", "properties": { "Month": "October", "Day": 12, "Year": 1944, "Name of Vessel": "HORAI MARU NO6", "Type of Vessel": "Tanker", "Standard T": "834", "Latitude": "23-30N", "Longitude": "119-34E", "Flag of Aggressor": "United States", "Type of Aggression": "Navy Carrier-Based Aircraft", "Assessment": "Sunk" }, "geometry": { "type": "Point", "coordinates": [ 119.566666666666663, 23.5 ] } },
{ "type": "Feature", "properties": { "Month": "October", "Day": 12, "Year": 1944, "Name of Vessel": "MITSUKI MARU", "Type of Vessel": "Passenger-Cargo", "Standard T": "6440", "Latitude": "23-30N", "Longitude": "119-34E", "Flag of Aggressor": "United States", "Type of Aggression": "Navy Carrier-Based Aircraft", "Assessment": "Sunk" }, "geometry": { "type": "Point", "coordinates": [ 119.566666666666663, 23.5 ] } },
{ "type": "Feature", "properties": { "Month": "October", "Day": 12, "Year": 1944, "Name of Vessel": "NANSHINMARUNO23", "Type of Vessel": "Tanker", "Standard T": "834", "Latitude": "23-30N", "Longitude": "119-34E", "Flag of Aggressor": "United States", "Type of Aggression": "Navy Carrier-Based Aircraft", "Assessment": "Sunk" }, "geometry": { "type": "Point", "coordinates": [ 119.566666666666663, 23.5 ] } },
{ "type": "Feature", "properties": { "Month": "October", "Day": 12, "Year": 1944, "Name of Vessel": "NANSHIN MARU NO26", "Type of Vessel": "Tanker", "Standard T": "834", "Latitude": "23-30N", "Longitude": "119-34E", "Flag of Aggressor": "United States", "Type of Aggression": "Navy Carrier-Based Aircraft", "Assessment": "Sunk" }, "geometry": { "type": "Point", "coordinates": [ 119.566666666666663, 23.5 ] } },
{ "type": "Feature", "properties": { "Month": "October", "Day": 12, "Year": 1944, "Name of Vessel": "NANSHIN MARU NO5", "Type of Vessel": "Tanker", "Standard T": "834e", "Latitude": "22-37N", "Longitude": "120-15E", "Flag of Aggressor": "United States", "Type of Aggression": "Navy Carrier-Based Aircraft", "Assessment": "Sunk" }, "geometry": { "type": "Point", "coordinates": [ 120.25, 22.616666666666667 ] } },
{ "type": "Feature", "properties": { "Month": "October", "Day": 12, "Year": 1944, "Name of Vessel": "NANSHIN MARU NO11", "Type of Vessel": "Tanker", "Standard T": "834e", "Latitude": "22-37N", "Longitude": "120-15E", "Flag of Aggressor": "United States", "Type of Aggression": "Navy Carrier-Based Aircraft", "Assessment": "Sunk" }, "geometry": { "type": "Point", "coordinates": [ 120.25, 22.616666666666667 ] } },
{ "type": "Feature", "properties": { "Month": "October", "Day": 12, "Year": 1944, "Name of Vessel": "NANSHIN MARU NO20", "Type of Vessel": "Tanker", "Standard T": "834e", "Latitude": "22-37N", "Longitude": "120-15E", "Flag of Aggressor": "United States", "Type of Aggression": "Navy Carrier-Based Aircraft", "Assessment": "Sunk" }, "geometry": { "type": "Point", "coordinates": [ 120.25, 22.616666666666667 ] } },
{ "type": "Feature", "properties": { "Month": "October", "Day": 12, "Year": 1944, "Name of Vessel": "NIITAKA MARU", "Type of Vessel": "Dredge", "Standard T": "3244", "Latitude": "22-37N", "Longitude": "120-15E", "Flag of Aggressor": "United States", "Type of Aggression": "Navy Carrier-Based Aircraft", "Assessment": "Sunk" }, "geometry": { "type": "Point", "coordinates": [ 120.25, 22.616666666666667 ] } },
{ "type": "Feature", "properties": { "Month": "October", "Day": 12, "Year": 1944, "Name of Vessel": "YAMAHAGI MARU", "Type of Vessel": "Cargo", "Standard T": "5246", "Latitude": "22-37N", "Longitude": "120-15E", "Flag of Aggressor": "United States", "Type of Aggression": "Navy Carrier-Based Aircraft", "Assessment": "Sunk" }, "geometry": { "type": "Point", "coordinates": [ 120.25, 22.616666666666667 ] } },
{ "type": "Feature", "properties": { "Month": "October", "Day": 12, "Year": 1944, "Name of Vessel": "TEISHO MARU", "Type of Vessel": "Cargo", "Standard T": "7974", "Latitude": "22-37N", "Longitude": "120-16E", "Flag of Aggressor": "United States", "Type of Aggression": "Navy Carrier-Based Aircraft", "Assessment": "Sunk" }, "geometry": { "type": "Point", "coordinates": [ 120.266666666666666, 22.616666666666667 ] } },
{ "type": "Feature", "properties": { "Month": "October", "Day": 12, "Year": 1944, "Name of Vessel": "SHIROTAE MARU", "Type of Vessel": "Cargo", "Standard T": "2812", "Latitude": "23-30N", "Longitude": "119-34E", "Flag of Aggressor": "United States", "Type of Aggression": "Navy Carrier-Based Aircraft", "Assessment": "Sunk" }, "geometry": { "type": "Point", "coordinates": [ 119.566666666666663, 23.5 ] } },
{ "type": "Feature", "properties": { "Month": "October", "Day": 12, "Year": 1944, "Name of Vessel": "TOKO MARU", "Type of Vessel": "Passenger-Cargo", "Standard T": "4180", "Latitude": "13-31N", "Longitude": "120-19E", "Flag of Aggressor": "United States", "Type of Aggression": "Submarine", "Assessment": "Sunk" }, "geometry": { "type": "Point", "coordinates": [ 120.316666666666663, 13.516666666666667 ] } },
{ "type": "Feature", "properties": { "Month": "October", "Day": 13, "Year": 1944, "Name of Vessel": "SHINSHU MARU", "Type of Vessel": "Cargo", "Standard T": "4182", "Latitude": "11-52N", "Longitude": "109-20E", "Flag of Aggressor": "United States", "Type of Aggression": "Submarine", "Assessment": "Sunk" }, "geometry": { "type": "Point", "coordinates": [ 109.333333333333329, 11.866666666666667 ] } },
{ "type": "Feature", "properties": { "Month": "October", "Day": 14, "Year": 1944, "Name of Vessel": "FUSHIMI MARU", "Type of Vessel": "Cargo", "Standard T": "2542", "Latitude": "16-12N", "Longitude": "119-45E", "Flag of Aggressor": "United States", "Type of Aggression": "Submarine", "Assessment": "Sunk" }, "geometry": { "type": "Point", "coordinates": [ 119.75, 16.2 ] } },
{ "type": "Feature", "properties": { "Month": "October", "Day": 14, "Year": 1944, "Name of Vessel": "NITTETSU MARU", "Type of Vessel": "Cargo", "Standard T": "5993", "Latitude": "6-05N", "Longitude": "115-55E", "Flag of Aggressor": "United States", "Type of Aggression": "Submarine", "Assessment": "Sunk" }, "geometry": { "type": "Point", "coordinates": [ 115.916666666666671, 6.083333333333333 ] } },
{ "type": "Feature", "properties": { "Month": "October", "Day": 14, "Year": 1944, "Name of Vessel": "EIKYO MARU", "Type of Vessel": "Cargo", "Standard T": "6948", "Latitude": "6-05N", "Longitude": "115-55E", "Flag of Aggressor": "United States", "Type of Aggression": "Submarine", "Assessment": "Sunk" }, "geometry": { "type": "Point", "coordinates": [ 115.916666666666671, 6.083333333333333 ] } },
{ "type": "Feature", "properties": { "Month": "October", "Day": 14, "Year": 1944, "Name of Vessel": "NANREI MARU", "Type of Vessel": "Transport", "Standard T": "2407", "Latitude": "11-53N", "Longitude": "121-39E", "Flag of Aggressor": "United States", "Type of Aggression": "Submarine", "Assessment": "Sunk" }, "geometry": { "type": "Point", "coordinates": [ 121.65, 11.883333333333333 ] } },
{ "type": "Feature", "properties": { "Month": "October", "Day": 16, "Year": 1944, "Name of Vessel": "BUNZAN MARU", "Type of Vessel": "Cargo", "Standard T": "1990", "Latitude": "22-17N", "Longitude": "114-10E", "Flag of Aggressor": "United States", "Type of Aggression": "Army Aircraft", "Assessment": "Sunk" }, "geometry": { "type": "Point", "coordinates": [ 114.166666666666671, 22.283333333333335 ] } },
{ "type": "Feature", "properties": { "Month": "October", "Day": 17, "Year": 1944, "Name of Vessel": "ISHIKARI MARU", "Type of Vessel": "Cargo", "Standard T": "830", "Latitude": "8-02N", "Longitude": "93-32E", "Flag of Aggressor": "Great Britain", "Type of Aggression": "Navy Carrier-Based Aircraft", "Assessment": "Sunk" }, "geometry": { "type": "Point", "coordinates": [ 93.533333333333331, 8.033333333333333 ] } },
{ "type": "Feature", "properties": { "Month": "October", "Day": 18, "Year": 1944, "Name of Vessel": "NICHIZUI MARU", "Type of Vessel": "Cargo", "Standard T": "6584", "Latitude": "21-10N", "Longitude": "114-00E", "Flag of Aggressor": "United States", "Type of Aggression": "Army Aircraft", "Assessment": "Sunk" }, "geometry": { "type": "Point", "coordinates": [ 114.0, 21.166666666666668 ] } },
{ "type": "Feature", "properties": { "Month": "October", "Day": 18, "Year": 1944, "Name of Vessel": "HOKUREI MARU", "Type of Vessel": "Passenger-Cargo", "Standard T": "2407", "Latitude": "17-46N", "Longitude": "120-25E", "Flag of Aggressor": "United States", "Type of Aggression": "Navy Carrier-Based Aircraft, Submarine", "Assessment": "Sunk" }, "geometry": { "type": "Point", "coordinates": [ 120.416666666666671, 17.766666666666666 ] } },
{ "type": "Feature", "properties": { "Month": "October", "Day": 18, "Year": 1944, "Name of Vessel": "SHIRANESANMARU", "Type of Vessel": "Cargo", "Standard T": "4739", "Latitude": "12-37N", "Longitude": "118-46E", "Flag of Aggressor": "United States", "Type of Aggression": "Submarine", "Assessment": "Sunk" }, "geometry": { "type": "Point", "coordinates": [ 118.766666666666666, 12.616666666666667 ] } },
{ "type": "Feature", "properties": { "Month": "October", "Day": 18, "Year": 1944, "Name of Vessel": "TAIKAI MARU", "Type of Vessel": "Passenger-Cargo", "Standard T": "3812", "Latitude": "12-37N", "Longitude": "118-46E", "Flag of Aggressor": "United States", "Type of Aggression": "Submarine", "Assessment": "Sunk" }, "geometry": { "type": "Point", "coordinates": [ 118.766666666666666, 12.616666666666667 ] } },
{ "type": "Feature", "properties": { "Month": "October", "Day": 18, "Year": 1944, "Name of Vessel": "BELGIUM MARU", "Type of Vessel": "Passenger-Cargo", "Standard T": "5838", "Latitude": "14-35N", "Longitude": "120-55E", "Flag of Aggressor": "United States", "Type of Aggression": "Navy Carrier-Based Aircraft", "Assessment": "Sunk" }, "geometry": { "type": "Point", "coordinates": [ 120.916666666666671, 14.583333333333334 ] } },
{ "type": "Feature", "properties": { "Month": "October", "Day": 18, "Year": 1944, "Name of Vessel": "HOEISAN MARU", "Type of Vessel": "Passenger-Cargo", "Standard T": "6032", "Latitude": "14-35N", "Longitude": "120-50E", "Flag of Aggressor": "United States", "Type of Aggression": "Navy Carrier-Based Aircraft", "Assessment": "Sunk" }, "geometry": { "type": "Point", "coordinates": [ 120.833333333333329, 14.583333333333334 ] } },
{ "type": "Feature", "properties": { "Month": "October", "Day": 18, "Year": 1944, "Name of Vessel": "HOTEN MARU", "Type of Vessel": "Transport", "Standard T": "3974", "Latitude": "18-54N", "Longitude": "121-51E", "Flag of Aggressor": "United States", "Type of Aggression": "Navy Carrier-Based Aircraft", "Assessment": "Sunk" }, "geometry": { "type": "Point", "coordinates": [ 121.85, 18.9 ] } },
{ "type": "Feature", "properties": { "Month": "October", "Day": 18, "Year": 1944, "Name of Vessel": "JOGU MARU", "Type of Vessel": "Cargo", "Standard T": "4803", "Latitude": "14-35N", "Longitude": "120-55E", "Flag of Aggressor": "United States", "Type of Aggression": "Navy Carrier-Based Aircraft", "Assessment": "Sunk" }, "geometry": { "type": "Point", "coordinates": [ 120.916666666666671, 14.583333333333334 ] } },
{ "type": "Feature", "properties": { "Month": "October", "Day": 18, "Year": 1944, "Name of Vessel": "TSINGTAO MARU", "Type of Vessel": "Transport", "Standard T": "4017", "Latitude": "18-54N", "Longitude": "121-51E", "Flag of Aggressor": "United States", "Type of Aggression": "Navy Carrier-Based Aircraft", "Assessment": "Sunk" }, "geometry": { "type": "Point", "coordinates": [ 121.85, 18.9 ] } },
{ "type": "Feature", "properties": { "Month": "October", "Day": 18, "Year": 1944, "Name of Vessel": "URATO MARU", "Type of Vessel": "Passenger-Cargo", "Standard T": "6042", "Latitude": "14-35N", "Longitude": "120-55E", "Flag of Aggressor": "United States", "Type of Aggression": "Navy Carrier-Based Aircraft", "Assessment": "Sunk" }, "geometry": { "type": "Point", "coordinates": [ 120.916666666666671, 14.583333333333334 ] } },
{ "type": "Feature", "properties": { "Month": "October", "Day": 18, "Year": 1944, "Name of Vessel": "TEMPI MARU", "Type of Vessel": "Cargo", "Standard T": "6933", "Latitude": "14-35N", "Longitude": "120-55E", "Flag of Aggressor": "United States", "Type of Aggression": "Navy Carrier-Based Aircraft", "Assessment": "Sunk" }, "geometry": { "type": "Point", "coordinates": [ 120.916666666666671, 14.583333333333334 ] } },
{ "type": "Feature", "properties": { "Month": "October", "Day": 18, "Year": 1944, "Name of Vessel": "TERUKUNI MARU", "Type of Vessel": "Transport", "Standard T": "3588", "Latitude": "18-54N", "Longitude": "121-51E", "Flag of Aggressor": "United States", "Type of Aggression": "Navy Carrier-Based Aircraft", "Assessment": "Sunk" }, "geometry": { "type": "Point", "coordinates": [ 121.85, 18.9 ] } },
{ "type": "Feature", "properties": { "Month": "October", "Day": 18, "Year": 1944, "Name of Vessel": "SHINKO MARU", "Type of Vessel": "Cargo", "Standard T": "6479", "Latitude": "18-35N", "Longitude": "121-40E", "Flag of Aggressor": "United States", "Type of Aggression": "Navy Carrier-Based Aircraft", "Assessment": "Sunk" }, "geometry": { "type": "Point", "coordinates": [ 121.666666666666671, 18.583333333333332 ] } },
{ "type": "Feature", "properties": { "Month": "October", "Day": 18, "Year": 1944, "Name of Vessel": "TAIHO MARU", "Type of Vessel": "Cargo", "Standard T": "2720", "Latitude": "18-54N", "Longitude": "121-51E", "Flag of Aggressor": "United States", "Type of Aggression": "Navy Carrier-Based Aircraft", "Assessment": "Sunk" }, "geometry": { "type": "Point", "coordinates": [ 121.85, 18.9 ] } },
{ "type": "Feature", "properties": { "Month": "October", "Day": 18, "Year": 1944, "Name of Vessel": "ARABIA MARU", "Type of Vessel": "Transport", "Standard T": "9480", "Latitude": "14-06N", "Longitude": "119-40E", "Flag of Aggressor": "United States", "Type of Aggression": "Submarine", "Assessment": "Sunk" }, "geometry": { "type": "Point", "coordinates": [ 119.666666666666671, 14.1 ] } },
{ "type": "Feature", "properties": { "Month": "October", "Day": 18, "Year": 1944, "Name of Vessel": "CHINZEI MARU", "Type of Vessel": "Cargo", "Standard T": "1999", "Latitude": "14-06N", "Longitude": "119-40E", "Flag of Aggressor": "United States", "Type of Aggression": "Submarine", "Assessment": "Sunk" }, "geometry": { "type": "Point", "coordinates": [ 119.666666666666671, 14.1 ] } },
{ "type": "Feature", "properties": { "Month": "October", "Day": 18, "Year": 1944, "Name of Vessel": "HAKUSHIKA MARU", "Type of Vessel": "Passenger-Cargo", "Standard T": "8150", "Latitude": "14-06N", "Longitude": "119-40E", "Flag of Aggressor": "United States", "Type of Aggression": "Submarine", "Assessment": "Sunk" }, "geometry": { "type": "Point", "coordinates": [ 119.666666666666671, 14.1 ] } },
{ "type": "Feature", "properties": { "Month": "October", "Day": 20, "Year": 1944, "Name of Vessel": "UGO MARU", "Type of Vessel": "Passenger-Cargo", "Standard T": "3684", "Latitude": "4-52N", "Longitude": "113-24E", "Flag of Aggressor": "United States", "Type of Aggression": "Submarine", "Assessment": "Sunk" }, "geometry": { "type": "Point", "coordinates": [ 113.4, 4.866666666666667 ] } },
{ "type": "Feature", "properties": { "Month": "October", "Day": 20, "Year": 1944, "Name of Vessel": "OYO MARU", "Type of Vessel": "Passenger-Cargo", "Standard T": "5458", "Latitude": "4-41N", "Longitude": "113-22E", "Flag of Aggressor": "United States", "Type of Aggression": "Submarine", "Assessment": "Sunk" }, "geometry": { "type": "Point", "coordinates": [ 113.36666666666666, 4.683333333333334 ] } },
{ "type": "Feature", "properties": { "Month": "October", "Day": 21, "Year": 1944, "Name of Vessel": "RYOCHI MARU", "Type of Vessel": "Cargo", "Standard T": "2158", "Latitude": "11-14N", "Longitude": "123-44E", "Flag of Aggressor": "United States", "Type of Aggression": "Navy Carrier-Based Aircraft", "Assessment": "Sunk" }, "geometry": { "type": "Point", "coordinates": [ 123.733333333333334, 11.233333333333333 ] } },
{ "type": "Feature", "properties": { "Month": "October", "Day": 21, "Year": 1944, "Name of Vessel": "DOKO MARU", "Type of Vessel": "Cargo", "Standard T": "2274", "Latitude": "12-35N", "Longitude": "122-16E", "Flag of Aggressor": "United States", "Type of Aggression": "Navy Carrier-Based Aircraft", "Assessment": "Sunk" }, "geometry": { "type": "Point", "coordinates": [ 122.266666666666666, 12.583333333333334 ] } },
{ "type": "Feature", "properties": { "Month": "October", "Day": 22, "Year": 1944, "Name of Vessel": "TOMITSU MARU", "Type of Vessel": "Converted Gunboat", "Standard T": "2933", "Latitude": "29-20N", "Longitude": "129-45E", "Flag of Aggressor": "United States", "Type of Aggression": "Submarine", "Assessment": "Sunk" }, "geometry": { "type": "Point", "coordinates": [ 129.75, 29.333333333333332 ] } },
{ "type": "Feature", "properties": { "Month": "October", "Day": 22, "Year": 1944, "Name of Vessel": "MUROTO", "Type of Vessel": "Collier", "Standard T": "4,500e", "Latitude": "29-20N", "Longitude": "129-45E", "Flag of Aggressor": "United States", "Type of Aggression": "Submarine", "Assessment": "Sunk" }, "geometry": { "type": "Point", "coordinates": [ 129.75, 29.333333333333332 ] } },
{ "type": "Feature", "properties": { "Month": "October", "Day": 23, "Year": 1944, "Name of Vessel": "KIMIKAWA MARU", "Type of Vessel": "Converted Seaplane Tender", "Standard T": "6863", "Latitude": "18-58N", "Longitude": "118-31E", "Flag of Aggressor": "United States", "Type of Aggression": "Submarine", "Assessment": "Sunk" }, "geometry": { "type": "Point", "coordinates": [ 118.516666666666666, 18.966666666666665 ] } },
{ "type": "Feature", "properties": { "Month": "October", "Day": 23, "Year": 1944, "Name of Vessel": "SHINSEI MARU NO1", "Type of Vessel": "Passenger-Cargo", "Standard T": "5863", "Latitude": "19-44N", "Longitude": "118-25E", "Flag of Aggressor": "United States", "Type of Aggression": "Submarine*", "Assessment": "Sunk" }, "geometry": { "type": "Point", "coordinates": [ 118.416666666666671, 19.733333333333334 ] } },
{ "type": "Feature", "properties": { "Month": "October", "Day": 23, "Year": 1944, "Name of Vessel": "TOUN MARU", "Type of Vessel": "Cargo", "Standard T": "1915", "Latitude": "24-57N", "Longitude": "120-25E", "Flag of Aggressor": "United States", "Type of Aggression": "Submarine", "Assessment": "Sunk" }, "geometry": { "type": "Point", "coordinates": [ 120.416666666666671, 24.95 ] } },
{ "type": "Feature", "properties": { "Month": "October", "Day": 23, "Year": 1944, "Name of Vessel": "WAKATAKE MARU", "Type of Vessel": "Cargo", "Standard T": "1920", "Latitude": "24-57N", "Longitude": "120-25E", "Flag of Aggressor": "United States", "Type of Aggression": "Submarine", "Assessment": "Sunk" }, "geometry": { "type": "Point", "coordinates": [ 120.416666666666671, 24.95 ] } },
{ "type": "Feature", "properties": { "Month": "October", "Day": 23, "Year": 1944, "Name of Vessel": "TATSUJU MARU", "Type of Vessel": "Cargo", "Standard T": "1944", "Latitude": "24-57N", "Longitude": "120-25E", "Flag of Aggressor": "United States", "Type of Aggression": "Submarine", "Assessment": "Sunk" }, "geometry": { "type": "Point", "coordinates": [ 120.416666666666671, 24.95 ] } },
{ "type": "Feature", "properties": { "Month": "October", "Day": 23, "Year": 1944, "Name of Vessel": "BYAKURAN MARU", "Type of Vessel": "Cargo", "Standard T": "887", "Latitude": "35-39N", "Longitude": "126-05E", "Flag of Aggressor": "United States", "Type of Aggression": "Submarine", "Assessment": "Sunk" }, "geometry": { "type": "Point", "coordinates": [ 126.083333333333329, 35.65 ] } },
{ "type": "Feature", "properties": { "Month": "October", "Day": 24, "Year": 1944, "Name of Vessel": "TAIMEI MARU", "Type of Vessel": "Cargo", "Standard T": "989", "Latitude": "5-50N", "Longitude": "118-07E", "Flag of Aggressor": "United States", "Type of Aggression": "Army Aircraft", "Assessment": "Sunk" }, "geometry": { "type": "Point", "coordinates": [ 118.11666666666666, 5.833333333333333 ] } },
{ "type": "Feature", "properties": { "Month": "October", "Day": 24, "Year": 1944, "Name of Vessel": "FUYUKAWA MARU", "Type of Vessel": "Cargo", "Standard T": "2844", "Latitude": "16-30N", "Longitude": "120-15E", "Flag of Aggressor": "United States", "Type of Aggression": "Navy Carrier-Based Aircraft", "Assessment": "Sunk" }, "geometry": { "type": "Point", "coordinates": [ 120.25, 16.5 ] } },
{ "type": "Feature", "properties": { "Month": "October", "Day": 24, "Year": 1944, "Name of Vessel": "EIKO MARU", "Type of Vessel": "Cargo", "Standard T": "1843", "Latitude": "20-10N", "Longitude": "118-16E", "Flag of Aggressor": "United States", "Type of Aggression": "Submarine", "Assessment": "Sunk" }, "geometry": { "type": "Point", "coordinates": [ 118.266666666666666, 20.166666666666668 ] } },
{ "type": "Feature", "properties": { "Month": "October", "Day": 24, "Year": 1944, "Name of Vessel": "TAITEN MARU", "Type of Vessel": "Passenger-Cargo", "Standard T": "6442", "Latitude": "20-31N", "Longitude": "118-32E", "Flag of Aggressor": "United States", "Type of Aggression": "Submarine*", "Assessment": "Sunk" }, "geometry": { "type": "Point", "coordinates": [ 118.533333333333331, 20.516666666666666 ] } },
{ "type": "Feature", "properties": { "Month": "October", "Day": 24, "Year": 1944, "Name of Vessel": "KOKURYU MARU", "Type of Vessel": "Passenger-Cargo", "Standard T": "7369", "Latitude": "20-33N", "Longitude": "118-34E", "Flag of Aggressor": "United States", "Type of Aggression": "Submarine*", "Assessment": "Sunk" }, "geometry": { "type": "Point", "coordinates": [ 118.566666666666663, 20.55 ] } },
{ "type": "Feature", "properties": { "Month": "October", "Day": 24, "Year": 1944, "Name of Vessel": "KIKUSUI MARU", "Type of Vessel": "Tanker", "Standard T": "3887", "Latitude": "20-54N", "Longitude": "118-19E", "Flag of Aggressor": "United States", "Type of Aggression": "Submarine*", "Assessment": "Sunk" }, "geometry": { "type": "Point", "coordinates": [ 118.316666666666663, 20.9 ] } },
{ "type": "Feature", "properties": { "Month": "October", "Day": 24, "Year": 1944, "Name of Vessel": "ARISAN MARU", "Type of Vessel": "Cargo", "Standard T": "6886", "Latitude": "20-31N", "Longitude": "118-32E", "Flag of Aggressor": "United States", "Type of Aggression": "Submarine*", "Assessment": "Sunk" }, "geometry": { "type": "Point", "coordinates": [ 118.533333333333331, 20.516666666666666 ] } },
{ "type": "Feature", "properties": { "Month": "October", "Day": 24, "Year": 1944, "Name of Vessel": "MIKAGE MARU", "Type of Vessel": "Cargo", "Standard T": "2761", "Latitude": "33-00N", "Longitude": "125-49E", "Flag of Aggressor": "United States", "Type of Aggression": "Submarine", "Assessment": "Sunk" }, "geometry": { "type": "Point", "coordinates": [ 125.816666666666663, 33.0 ] } },
{ "type": "Feature", "properties": { "Month": "October", "Day": 24, "Year": 1944, "Name of Vessel": "SHIKISAN MARU", "Type of Vessel": "Passenger-Cargo", "Standard T": "4725", "Latitude": "20-27N", "Longitude": "118-31E", "Flag of Aggressor": "United States", "Type of Aggression": "Submarine", "Assessment": "Sunk" }, "geometry": { "type": "Point", "coordinates": [ 118.516666666666666, 20.45 ] } },
{ "type": "Feature", "properties": { "Month": "October", "Day": 24, "Year": 1944, "Name of Vessel": "TENSHIN MARU", "Type of Vessel": "Cargo", "Standard T": "4236", "Latitude": "19-31N", "Longitude": "118-10E", "Flag of Aggressor": "United States", "Type of Aggression": "Submarine", "Assessment": "Sunk" }, "geometry": { "type": "Point", "coordinates": [ 118.166666666666671, 19.516666666666666 ] } },
{ "type": "Feature", "properties": { "Month": "October", "Day": 24, "Year": 1944, "Name of Vessel": "IKUTAGAWA MARU", "Type of Vessel": "Cargo", "Standard T": "2220", "Latitude": "27-08N", "Longitude": "143-13E", "Flag of Aggressor": "United States", "Type of Aggression": "Submarine", "Assessment": "Sunk" }, "geometry": { "type": "Point", "coordinates": [ 143.216666666666669, 27.133333333333333 ] } },
{ "type": "Feature", "properties": { "Month": "October", "Day": 25, "Year": 1944, "Name of Vessel": "SHOHO MARU", "Type of Vessel": "Tanker", "Standard T": "834", "Latitude": "11-18N", "Longitude": "119-50E", "Flag of Aggressor": "United States", "Type of Aggression": "Army Aircraft", "Assessment": "Sunk" }, "geometry": { "type": "Point", "coordinates": [ 119.833333333333329, 11.3 ] } },
{ "type": "Feature", "properties": { "Month": "October", "Day": 25, "Year": 1944, "Name of Vessel": "HAKUYO MARU", "Type of Vessel": "Cargo", "Standard T": "5742", "Latitude": "50-17N", "Longitude": "150-50E", "Flag of Aggressor": "United States", "Type of Aggression": "Submarine", "Assessment": "Sunk" }, "geometry": { "type": "Point", "coordinates": [ 150.833333333333343, 50.283333333333331 ] } },
{ "type": "Feature", "properties": { "Month": "October", "Day": 25, "Year": 1944, "Name of Vessel": "JINEI MARU", "Type of Vessel": "Tanker", "Standard T": "10500", "Latitude": "30-15N", "Longitude": "129-45E", "Flag of Aggressor": "United States", "Type of Aggression": "Submarine", "Assessment": "Sunk" }, "geometry": { "type": "Point", "coordinates": [ 129.75, 30.25 ] } },
{ "type": "Feature", "properties": { "Month": "October", "Day": 25, "Year": 1944, "Name of Vessel": "KOGEN MARU", "Type of Vessel": "Cargo", "Standard T": "6600", "Latitude": "25-06N", "Longitude": "119-31E", "Flag of Aggressor": "United States", "Type of Aggression": "Submarine", "Assessment": "Sunk" }, "geometry": { "type": "Point", "coordinates": [ 119.516666666666666, 25.1 ] } },
{ "type": "Feature", "properties": { "Month": "October", "Day": 25, "Year": 1944, "Name of Vessel": "MATSUMOTO MARU", "Type of Vessel": "Cargo", "Standard T": "7024", "Latitude": "25-06N", "Longitude": "119-31E", "Flag of Aggressor": "United States", "Type of Aggression": "Submarine", "Assessment": "Sunk" }, "geometry": { "type": "Point", "coordinates": [ 119.516666666666666, 25.1 ] } },
{ "type": "Feature", "properties": { "Month": "October", "Day": 26, "Year": 1944, "Name of Vessel": "KAIKO MARU", "Type of Vessel": "Cargo", "Standard T": "2698", "Latitude": "20-27N", "Longitude": "111-49E", "Flag of Aggressor": "United States", "Type of Aggression": "Army Aircraft", "Assessment": "Sunk" }, "geometry": { "type": "Point", "coordinates": [ 111.816666666666663, 20.45 ] } },
{ "type": "Feature", "properties": { "Month": "October", "Day": 26, "Year": 1944, "Name of Vessel": "NANSHIN MARU NO31", "Type of Vessel": "Tanker", "Standard T": "834e", "Latitude": "8-22N", "Longitude": "116-55E", "Flag of Aggressor": "United States", "Type of Aggression": "Navy Carrier-Based Aircraft", "Assessment": "Sunk" }, "geometry": { "type": "Point", "coordinates": [ 116.916666666666671, 8.366666666666667 ] } },
{ "type": "Feature", "properties": { "Month": "October", "Day": 26, "Year": 1944, "Name of Vessel": "TAKASAGOMARUNO7", "Type of Vessel": "Tanker", "Standard T": "834e", "Latitude": "10-18N", "Longitude": "117-47E", "Flag of Aggressor": "United States", "Type of Aggression": "Submarine", "Assessment": "Sunk" }, "geometry": { "type": "Point", "coordinates": [ 117.783333333333331, 10.3 ] } },
{ "type": "Feature", "properties": { "Month": "October", "Day": 26, "Year": 1944, "Name of Vessel": "TAISHO MARU", "Type of Vessel": "Cargo", "Standard T": "6886", "Latitude": "19-21N", "Longitude": "120-50E", "Flag of Aggressor": "United States", "Type of Aggression": "Submarine", "Assessment": "Sunk" }, "geometry": { "type": "Point", "coordinates": [ 120.833333333333329, 19.35 ] } },
{ "type": "Feature", "properties": { "Month": "October", "Day": 26, "Year": 1944, "Name of Vessel": "TAIHAKU MARU", "Type of Vessel": "Cargo", "Standard T": "6886", "Latitude": "19-21N", "Longitude": "120-50E", "Flag of Aggressor": "United States", "Type of Aggression": "Submarine", "Assessment": "Sunk" }, "geometry": { "type": "Point", "coordinates": [ 120.833333333333329, 19.35 ] } },
{ "type": "Feature", "properties": { "Month": "October", "Day": 26, "Year": 1944, "Name of Vessel": "SEITO MARU", "Type of Vessel": "Cargo", "Standard T": "2219", "Latitude": "3-14S", "Longitude": "116-13E", "Flag of Aggressor": "Australia", "Type of Aggression": "Mine", "Assessment": "Sunk" }, "geometry": { "type": "Point", "coordinates": [ 116.216666666666669, -3.233333333333333 ] } },
{ "type": "Feature", "properties": { "Month": "October", "Day": 26, "Year": 1944, "Name of Vessel": "TAIYO MARU", "Type of Vessel": "Cargo", "Standard T": "4168", "Latitude": "19-04N", "Longitude": "120-36E", "Flag of Aggressor": "United States", "Type of Aggression": "Submarine", "Assessment": "Sunk" }, "geometry": { "type": "Point", "coordinates": [ 120.6, 19.066666666666666 ] } },
{ "type": "Feature", "properties": { "Month": "October", "Day": 27, "Year": 1944, "Name of Vessel": "BAIEI MARU", "Type of Vessel": "Tanker", "Standard T": "2858", "Latitude": "5-07N", "Longitude": "115-10E", "Flag of Aggressor": "Japan", "Type of Aggression": "Mine*", "Assessment": "Sunk" }, "geometry": { "type": "Point", "coordinates": [ 115.166666666666671, 5.116666666666666 ] } },
{ "type": "Feature", "properties": { "Month": "October", "Day": 27, "Year": 1944, "Name of Vessel": "NIPPO MARU", "Type of Vessel": "Tanker", "Standard T": "10528", "Latitude": "7-09N", "Longitude": "116-40E", "Flag of Aggressor": "United States", "Type of Aggression": "Submarine", "Assessment": "Sunk" }, "geometry": { "type": "Point", "coordinates": [ 116.666666666666671, 7.15 ] } },
{ "type": "Feature", "properties": { "Month": "October", "Day": 27, "Year": 1944, "Name of Vessel": "TOKAI MARU NO4", "Type of Vessel": "Cargo", "Standard T": "537", "Latitude": "25-22N", "Longitude": "141-31E", "Flag of Aggressor": "United States", "Type of Aggression": "Submarine", "Assessment": "Sunk" }, "geometry": { "type": "Point", "coordinates": [ 141.51666666666668, 25.366666666666667 ] } },
{ "type": "Feature", "properties": { "Month": "October", "Day": 28, "Year": 1944, "Name of Vessel": "SUMATRA MARU", "Type of Vessel": "Cargo", "Standard T": "984", "Latitude": "7-54N", "Longitude": "98-28E", "Flag of Aggressor": "Great Britain", "Type of Aggression": "Submarine", "Assessment": "Sunk" }, "geometry": { "type": "Point", "coordinates": [ 98.466666666666669, 7.9 ] } },
{ "type": "Feature", "properties": { "Month": "October", "Day": 29, "Year": 1944, "Name of Vessel": "ITSUKUSHIMA MARU", "Type of Vessel": "Tanker", "Standard T": "10006", "Latitude": "6-45N", "Longitude": "116-55E", "Flag of Aggressor": "United States", "Type of Aggression": "Navy Land-Based Aircraft", "Assessment": "Sunk" }, "geometry": { "type": "Point", "coordinates": [ 116.916666666666671, 6.75 ] } },
{ "type": "Feature", "properties": { "Month": "October", "Day": 29, "Year": 1944, "Name of Vessel": "KOKKO MARU", "Type of Vessel": "Cargo", "Standard T": "2863", "Latitude": "1-17S", "Longitude": "116-48E", "Flag of Aggressor": "Australia", "Type of Aggression": "Mine", "Assessment": "Sunk" }, "geometry": { "type": "Point", "coordinates": [ 116.8, -1.283333333333333 ] } },
{ "type": "Feature", "properties": { "Month": "October", "Day": 30, "Year": 1944, "Name of Vessel": "KOSHO MARU", "Type of Vessel": "Cargo", "Standard T": "2854", "Latitude": "5-50N", "Longitude": "118-07E", "Flag of Aggressor": "United States", "Type of Aggression": "Army Aircraft", "Assessment": "Sunk" }, "geometry": { "type": "Point", "coordinates": [ 118.11666666666666, 5.833333333333333 ] } },
{ "type": "Feature", "properties": { "Month": "October", "Day": 30, "Year": 1944, "Name of Vessel": "NANSHIN MARU NO8", "Type of Vessel": "Tanker", "Standard T": "834e", "Latitude": "5-50N", "Longitude": "118-07E", "Flag of Aggressor": "United States", "Type of Aggression": "Army Aircraft", "Assessment": "Sunk" }, "geometry": { "type": "Point", "coordinates": [ 118.11666666666666, 5.833333333333333 ] } },
{ "type": "Feature", "properties": { "Month": "October", "Day": 30, "Year": 1944, "Name of Vessel": "TAKANE MARU", "Type of Vessel": "Tanker", "Standard T": "10021", "Latitude": "30-14N", "Longitude": "132-50E", "Flag of Aggressor": "United States", "Type of Aggression": "Submarine", "Assessment": "Sunk" }, "geometry": { "type": "Point", "coordinates": [ 132.833333333333343, 30.233333333333334 ] } },
{ "type": "Feature", "properties": { "Month": "October", "Day": 31, "Year": 1944, "Name of Vessel": "KOMEI MARU", "Type of Vessel": "Cargo", "Standard T": "2857", "Latitude": "15-17N", "Longitude": "119-49E", "Flag of Aggressor": "United States", "Type of Aggression": "Submarine", "Assessment": "Sunk" }, "geometry": { "type": "Point", "coordinates": [ 119.816666666666663, 15.283333333333333 ] } },
{ "type": "Feature", "properties": { "Month": "October", "Day": 31, "Year": 1944, "Name of Vessel": "PACIFIC MARU", "Type of Vessel": "Passenger-Cargo", "Standard T": "5872", "Latitude": "15-17N", "Longitude": "119-49E", "Flag of Aggressor": "United States", "Type of Aggression": "Submarine", "Assessment": "Sunk" }, "geometry": { "type": "Point", "coordinates": [ 119.816666666666663, 15.283333333333333 ] } },
{ "type": "Feature", "properties": { "Month": "November", "Day": 1, "Year": 1944, "Name of Vessel": "HORAI MARU NO7", "Type of Vessel": "Cargo", "Standard T": "865", "Latitude": "13-02N", "Longitude": "120-17E", "Flag of Aggressor": "United States", "Type of Aggression": "Submarine", "Assessment": "Sunk" }, "geometry": { "type": "Point", "coordinates": [ 120.283333333333331, 13.033333333333333 ] } },
{ "type": "Feature", "properties": { "Month": "November", "Day": 1, "Year": 1944, "Name of Vessel": "UNKAI MARU NO12", "Type of Vessel": "Cargo", "Standard T": "2745", "Latitude": "12-54N", "Longitude": "120-10E", "Flag of Aggressor": "United States", "Type of Aggression": "Submarine", "Assessment": "Sunk" }, "geometry": { "type": "Point", "coordinates": [ 120.166666666666671, 12.9 ] } },
{ "type": "Feature", "properties": { "Month": "November", "Day": 1, "Year": 1944, "Name of Vessel": "ASAMA MARU", "Type of Vessel": "Transport", "Standard T": "16975", "Latitude": "20-09N", "Longitude": "117-38E", "Flag of Aggressor": "United States", "Type of Aggression": "Submarine", "Assessment": "Sunk" }, "geometry": { "type": "Point", "coordinates": [ 117.63333333333334, 20.15 ] } },
{ "type": "Feature", "properties": { "Month": "November", "Day": 2, "Year": 1944, "Name of Vessel": "HACHIJIN MARU", "Type of Vessel": "Cargo", "Standard T": "1918", "Latitude": "00-48N", "Longitude": "107-43E", "Flag of Aggressor": "Great Britain", "Type of Aggression": "Submarine", "Assessment": "Sunk" }, "geometry": { "type": "Point", "coordinates": [ 107.716666666666669, 0.8 ] } },
{ "type": "Feature", "properties": { "Month": "November", "Day": 2, "Year": 1944, "Name of Vessel": "NOTO MARU", "Type of Vessel": "Cargo", "Standard T": "7191", "Latitude": "10-30N", "Longitude": "125-00E", "Flag of Aggressor": "United States", "Type of Aggression": "Army Aircraft", "Assessment": "Sunk" }, "geometry": { "type": "Point", "coordinates": [ 125.0, 10.5 ] } },
{ "type": "Feature", "properties": { "Month": "November", "Day": 2, "Year": 1944, "Name of Vessel": "ATLAS MARU", "Type of Vessel": "Passenger-Cargo", "Standard T": "7347", "Latitude": "20-20N", "Longitude": "121-30E", "Flag of Aggressor": "United States", "Type of Aggression": "Submarine", "Assessment": "Sunk" }, "geometry": { "type": "Point", "coordinates": [ 121.5, 20.333333333333332 ] } },
{ "type": "Feature", "properties": { "Month": "November", "Day": 2, "Year": 1944, "Name of Vessel": "HAMBURG MARU", "Type of Vessel": "Passenger-Cargo", "Standard T": "5271", "Latitude": "20-20N", "Longitude": "121-30E", "Flag of Aggressor": "United States", "Type of Aggression": "Submarine", "Assessment": "Sunk" }, "geometry": { "type": "Point", "coordinates": [ 121.5, 20.333333333333332 ] } },
{ "type": "Feature", "properties": { "Month": "November", "Day": 2, "Year": 1944, "Name of Vessel": "KURAMASAN MARU", "Type of Vessel": "Cargo", "Standard T": "1995", "Latitude": "4-30S", "Longitude": "118-20E", "Flag of Aggressor": "United States", "Type of Aggression": "Submarine", "Assessment": "Sunk" }, "geometry": { "type": "Point", "coordinates": [ 118.333333333333329, -4.5 ] } },
{ "type": "Feature", "properties": { "Month": "November", "Day": 3, "Year": 1944, "Name of Vessel": "TAIMEI MARU", "Type of Vessel": "Cargo", "Standard T": "6923", "Latitude": "5-48N", "Longitude": "111-05E", "Flag of Aggressor": "United States", "Type of Aggression": "Submarine", "Assessment": "Sunk" }, "geometry": { "type": "Point", "coordinates": [ 111.083333333333329, 5.8 ] } },
{ "type": "Feature", "properties": { "Month": "November", "Day": 4, "Year": 1944, "Name of Vessel": "KAGU MARU", "Type of Vessel": "Passenger-Cargo", "Standard T": "6806", "Latitude": "15-54N", "Longitude": "119-45E", "Flag of Aggressor": "United States", "Type of Aggression": "Submarine", "Assessment": "Sunk" }, "geometry": { "type": "Point", "coordinates": [ 119.75, 15.9 ] } },
{ "type": "Feature", "properties": { "Month": "November", "Day": 6, "Year": 1944, "Name of Vessel": "MARIFU MARU", "Type of Vessel": "Tanker", "Standard T": "5135", "Latitude": "14-25N", "Longitude": "120-30E", "Flag of Aggressor": "United States", "Type of Aggression": "Navy Carrier-Based Aircraft", "Assessment": "Sunk" }, "geometry": { "type": "Point", "coordinates": [ 120.5, 14.416666666666666 ] } },
{ "type": "Feature", "properties": { "Month": "November", "Day": 6, "Year": 1944, "Name of Vessel": "SHINO MARU", "Type of Vessel": "Cargo", "Standard T": "513", "Latitude": "13-30N", "Longitude": "123-02E", "Flag of Aggressor": "United States", "Type of Aggression": "Navy Land-Based Aircraft", "Assessment": "Sunk" }, "geometry": { "type": "Point", "coordinates": [ 123.033333333333331, 13.5 ] } },
{ "type": "Feature", "properties": { "Month": "November", "Day": 7, "Year": 1944, "Name of Vessel": "KIRI MARU NO8", "Type of Vessel": "Cargo", "Standard T": "939", "Latitude": "34-32N", "Longitude": "138-33E", "Flag of Aggressor": "United States", "Type of Aggression": "Submarine", "Assessment": "Sunk" }, "geometry": { "type": "Point", "coordinates": [ 138.55, 34.533333333333331 ] } },
{ "type": "Feature", "properties": { "Month": "November", "Day": 7, "Year": 1944, "Name of Vessel": "KOTAI MARU", "Type of Vessel": "Tanker", "Standard T": "975", "Latitude": "34-32N", "Longitude": "138-33E", "Flag of Aggressor": "United States", "Type of Aggression": "Submarine", "Assessment": "Sunk" }, "geometry": { "type": "Point", "coordinates": [ 138.55, 34.533333333333331 ] } },
{ "type": "Feature", "properties": { "Month": "November", "Day": 8, "Year": 1944, "Name of Vessel": "KEIJO MARU", "Type of Vessel": "Cargo", "Standard T": "1051", "Latitude": "31-09N", "Longitude": "129-38E", "Flag of Aggressor": "United States", "Type of Aggression": "Submarine", "Assessment": "Sunk" }, "geometry": { "type": "Point", "coordinates": [ 129.633333333333326, 31.15 ] } },
{ "type": "Feature", "properties": { "Month": "November", "Day": 8, "Year": 1944, "Name of Vessel": "HAKKO MARU", "Type of Vessel": "Cargo", "Standard T": "1948", "Latitude": "31-09N", "Longitude": "129-38E", "Flag of Aggressor": "United States", "Type of Aggression": "Submarine", "Assessment": "Sunk" }, "geometry": { "type": "Point", "coordinates": [ 129.633333333333326, 31.15 ] } },
{ "type": "Feature", "properties": { "Month": "November", "Day": 8, "Year": 1944, "Name of Vessel": "NICHINANMARUNO2", "Type of Vessel": "Tanker", "Standard T": "5226", "Latitude": "13-46N", "Longitude": "116-53E", "Flag of Aggressor": "United States", "Type of Aggression": "Submarine", "Assessment": "Sunk" }, "geometry": { "type": "Point", "coordinates": [ 116.88333333333334, 13.766666666666667 ] } },
{ "type": "Feature", "properties": { "Month": "November", "Day": 8, "Year": 1944, "Name of Vessel": "SHIMOTSU MARU", "Type of Vessel": "Tanker", "Standard T": "2854", "Latitude": "14-01N", "Longitude": "117-17E", "Flag of Aggressor": "United States", "Type of Aggression": "Submarine", "Assessment": "Sunk" }, "geometry": { "type": "Point", "coordinates": [ 117.283333333333331, 14.016666666666667 ] } },
{ "type": "Feature", "properties": { "Month": "November", "Day": 8, "Year": 1944, "Name of Vessel": "MANEI MARU", "Type of Vessel": "Tanker", "Standard T": "5226", "Latitude": "13-53N", "Longitude": "119-26E", "Flag of Aggressor": "United States", "Type of Aggression": "Submarine", "Assessment": "Sunk" }, "geometry": { "type": "Point", "coordinates": [ 119.433333333333337, 13.883333333333333 ] } },
{ "type": "Feature", "properties": { "Month": "November", "Day": 9, "Year": 1944, "Name of Vessel": "CHOJUSAN MARU", "Type of Vessel": "Converted Gunboat", "Standard T": "2131", "Latitude": "31-17N", "Longitude": "129-10E", "Flag of Aggressor": "United States", "Type of Aggression": "Submarine", "Assessment": "Sunk" }, "geometry": { "type": "Point", "coordinates": [ 129.166666666666657, 31.283333333333335 ] } },
{ "type": "Feature", "properties": { "Month": "November", "Day": 9, "Year": 1944, "Name of Vessel": "HISHI MARU NO2", "Type of Vessel": "Tanker", "Standard T": "856", "Latitude": "12-27N", "Longitude": "120-05E", "Flag of Aggressor": "United States", "Type of Aggression": "Submarine", "Assessment": "Sunk" }, "geometry": { "type": "Point", "coordinates": [ 120.083333333333329, 12.45 ] } },
{ "type": "Feature", "properties": { "Month": "November", "Day": 10, "Year": 1944, "Name of Vessel": "KASHII MARU", "Type of Vessel": "Passenger-Cargo", "Standard T": "8407", "Latitude": "10-50N", "Longitude": "124-35E", "Flag of Aggressor": "United States", "Type of Aggression": "Army Aircraft", "Assessment": "Sunk" }, "geometry": { "type": "Point", "coordinates": [ 124.583333333333329, 10.833333333333334 ] } },
{ "type": "Feature", "properties": { "Month": "November", "Day": 10, "Year": 1944, "Name of Vessel": "TAKATSU MARU", "Type of Vessel": "Cargo", "Standard T": "5350", "Latitude": "10-50N", "Longitude": "124-35E", "Flag of Aggressor": "United States", "Type of Aggression": "Army Aircraft", "Assessment": "Sunk" }, "geometry": { "type": "Point", "coordinates": [ 124.583333333333329, 10.833333333333334 ] } },
{ "type": "Feature", "properties": { "Month": "November", "Day": 10, "Year": 1944, "Name of Vessel": "GOKOKU MARU", "Type of Vessel": "Converted Light Cruiser", "Standard T": "10438", "Latitude": "33-23N", "Longitude": "129-03E", "Flag of Aggressor": "United States", "Type of Aggression": "Submarine", "Assessment": "Sunk" }, "geometry": { "type": "Point", "coordinates": [ 129.05, 33.383333333333333 ] } },
{ "type": "Feature", "properties": { "Month": "November", "Day": 11, "Year": 1944, "Name of Vessel": "SAIHO MARU", "Type of Vessel": "Passenger-Cargo", "Standard T": "4639", "Latitude": "10-50N", "Longitude": "124-35E", "Flag of Aggressor": "United States", "Type of Aggression": "Navy Carrier-Based Aircraft", "Assessment": "Sunk" }, "geometry": { "type": "Point", "coordinates": [ 124.583333333333329, 10.833333333333334 ] } },
{ "type": "Feature", "properties": { "Month": "November", "Day": 11, "Year": 1944, "Name of Vessel": "MIKASA MARU", "Type of Vessel": "Passenger-Cargo", "Standard T": "3143", "Latitude": "10-50N", "Longitude": "124-35E", "Flag of Aggressor": "United States", "Type of Aggression": "Navy Carrier-Based Aircraft", "Assessment": "Sunk" }, "geometry": { "type": "Point", "coordinates": [ 124.583333333333329, 10.833333333333334 ] } },
{ "type": "Feature", "properties": { "Month": "November", "Day": 11, "Year": 1944, "Name of Vessel": "TENSHO MARU", "Type of Vessel": "Passenger-Cargo", "Standard T": "5013", "Latitude": "10-50N", "Longitude": "124-35E", "Flag of Aggressor": "United States", "Type of Aggression": "Navy Carrier-Based Aircraft", "Assessment": "Sunk" }, "geometry": { "type": "Point", "coordinates": [ 124.583333333333329, 10.833333333333334 ] } },
{ "type": "Feature", "properties": { "Month": "November", "Day": 11, "Year": 1944, "Name of Vessel": "TAIZAN MARU", "Type of Vessel": "Cargo", "Standard T": "3528", "Latitude": "10-50N", "Longitude": "124-35E", "Flag of Aggressor": "United States", "Type of Aggression": "Navy Carrier-Based Aircraft", "Assessment": "Sunk" }, "geometry": { "type": "Point", "coordinates": [ 124.583333333333329, 10.833333333333334 ] } },
{ "type": "Feature", "properties": { "Month": "November", "Day": 12, "Year": 1944, "Name of Vessel": "ATSUTA MARU", "Type of Vessel": "Cargo", "Standard T": "2750", "Latitude": "11-03N", "Longitude": "119-12E", "Flag of Aggressor": "United States", "Type of Aggression": "Navy Carrier-Based Aircraft", "Assessment": "Sunk" }, "geometry": { "type": "Point", "coordinates": [ 119.2, 11.05 ] } },
{ "type": "Feature", "properties": { "Month": "November", "Day": 12, "Year": 1944, "Name of Vessel": "NARUO MARU", "Type of Vessel": "Cargo", "Standard T": "4823", "Latitude": "31-29N", "Longitude": "125-19E", "Flag of Aggressor": "United States", "Type of Aggression": "Submarine", "Assessment": "Sunk" }, "geometry": { "type": "Point", "coordinates": [ 125.316666666666663, 31.483333333333334 ] } },
{ "type": "Feature", "properties": { "Month": "November", "Day": 12, "Year": 1944, "Name of Vessel": "TATSUAKI MARU", "Type of Vessel": "Cargo", "Standard T": "2766", "Latitude": "31-18N", "Longitude": "125-30E", "Flag of Aggressor": "United States", "Type of Aggression": "Submarine", "Assessment": "Sunk" }, "geometry": { "type": "Point", "coordinates": [ 125.5, 31.3 ] } },
{ "type": "Feature", "properties": { "Month": "November", "Day": 13, "Year": 1944, "Name of Vessel": "AOKI MARU", "Type of Vessel": "Cargo", "Standard T": "3710", "Latitude": "14-35N", "Longitude": "120-55E", "Flag of Aggressor": "United States", "Type of Aggression": "Navy Carrier-Based Aircraft", "Assessment": "Sunk" }, "geometry": { "type": "Point", "coordinates": [ 120.916666666666671, 14.583333333333334 ] } },
{ "type": "Feature", "properties": { "Month": "November", "Day": 13, "Year": 1944, "Name of Vessel": "DAITOKU MARU", "Type of Vessel": "Cargo", "Standard T": "6923", "Latitude": "14-35N", "Longitude": "120-55E", "Flag of Aggressor": "United States", "Type of Aggression": "Navy Carrier-Based Aircraft", "Assessment": "Sunk" }, "geometry": { "type": "Point", "coordinates": [ 120.916666666666671, 14.583333333333334 ] } },
{ "type": "Feature", "properties": { "Month": "November", "Day": 13, "Year": 1944, "Name of Vessel": "EIKYU MARU", "Type of Vessel": "Cargo", "Standard T": "6862", "Latitude": "14-35N", "Longitude": "120-55E", "Flag of Aggressor": "United States", "Type of Aggression": "Navy Carrier-Based Aircraft", "Assessment": "Sunk" }, "geometry": { "type": "Point", "coordinates": [ 120.916666666666671, 14.583333333333334 ] } },
{ "type": "Feature", "properties": { "Month": "November", "Day": 13, "Year": 1944, "Name of Vessel": "EIWA MARU", "Type of Vessel": "Cargo", "Standard T": "6968", "Latitude": "14-35N", "Longitude": "120-55E", "Flag of Aggressor": "United States", "Type of Aggression": "Navy Carrier-Based Aircraft", "Assessment": "Sunk" }, "geometry": { "type": "Point", "coordinates": [ 120.916666666666671, 14.583333333333334 ] } },
{ "type": "Feature", "properties": { "Month": "November", "Day": 13, "Year": 1944, "Name of Vessel": "HATSU MARU", "Type of Vessel": "Cargo", "Standard T": "4260", "Latitude": "14-35N", "Longitude": "120-55E", "Flag of Aggressor": "United States", "Type of Aggression": "Navy Carrier-Based Aircraft", "Assessment": "Sunk" }, "geometry": { "type": "Point", "coordinates": [ 120.916666666666671, 14.583333333333334 ] } },
{ "type": "Feature", "properties": { "Month": "November", "Day": 13, "Year": 1944, "Name of Vessel": "HEIAN MARU", "Type of Vessel": "Passenger-Cargo", "Standard T": "5346", "Latitude": "14-35N", "Longitude": "120-55E", "Flag of Aggressor": "United States", "Type of Aggression": "Navy Carrier-Based Aircraft", "Assessment": "Sunk" }, "geometry": { "type": "Point", "coordinates": [ 120.916666666666671, 14.583333333333334 ] } },
{ "type": "Feature", "properties": { "Month": "November", "Day": 13, "Year": 1944, "Name of Vessel": "KAKOGAWA MARU", "Type of Vessel": "Cargo", "Standard T": "6886", "Latitude": "14-35N", "Longitude": "120-55E", "Flag of Aggressor": "United States", "Type of Aggression": "Navy Carrier-Based Aircraft", "Assessment": "Sunk" }, "geometry": { "type": "Point", "coordinates": [ 120.916666666666671, 14.583333333333334 ] } },
{ "type": "Feature", "properties": { "Month": "November", "Day": 13, "Year": 1944, "Name of Vessel": "KINKA MARU", "Type of Vessel": "Passenger-Cargo", "Standard T": "9305", "Latitude": "14-35N", "Longitude": "120-55E", "Flag of Aggressor": "United States", "Type of Aggression": "Navy Carrier-Based Aircraft", "Assessment": "Sunk" }, "geometry": { "type": "Point", "coordinates": [ 120.916666666666671, 14.583333333333334 ] } },
{ "type": "Feature", "properties": { "Month": "November", "Day": 13, "Year": 1944, "Name of Vessel": "ONDO", "Type of Vessel": "Tanker", "Standard T": "6500", "Latitude": "14-29N", "Longitude": "120-55E", "Flag of Aggressor": "United States", "Type of Aggression": "Navy Carrier-Based Aircraft", "Assessment": "Sunk" }, "geometry": { "type": "Point", "coordinates": [ 120.916666666666671, 14.483333333333333 ] } },
{ "type": "Feature", "properties": { "Month": "November", "Day": 13, "Year": 1944, "Name of Vessel": "SEIWA MARU", "Type of Vessel": "Passenger-Cargo", "Standard T": "7210", "Latitude": "14-35N", "Longitude": "120-55E", "Flag of Aggressor": "United States", "Type of Aggression": "Navy Carrier-Based Aircraft", "Assessment": "Sunk" }, "geometry": { "type": "Point", "coordinates": [ 120.916666666666671, 14.583333333333334 ] } },
{ "type": "Feature", "properties": { "Month": "November", "Day": 13, "Year": 1944, "Name of Vessel": "SEKIHO MARU", "Type of Vessel": "Cargo", "Standard T": "5402", "Latitude": "14-35N", "Longitude": "120-55E", "Flag of Aggressor": "United States", "Type of Aggression": "Navy Carrier-Based Aircraft", "Assessment": "Sunk" }, "geometry": { "type": "Point", "coordinates": [ 120.916666666666671, 14.583333333333334 ] } },
{ "type": "Feature", "properties": { "Month": "November", "Day": 13, "Year": 1944, "Name of Vessel": "MURO MARU", "Type of Vessel": "Cargo", "Standard T": "1606", "Latitude": "14-35N", "Longitude": "120-55E", "Flag of Aggressor": "United States", "Type of Aggression": "Navy Carrier-Based Aircraft", "Assessment": "Sunk" }, "geometry": { "type": "Point", "coordinates": [ 120.916666666666671, 14.583333333333334 ] } },
{ "type": "Feature", "properties": { "Month": "November", "Day": 13, "Year": 1944, "Name of Vessel": "MYOGI MARU", "Type of Vessel": "Passenger-Cargo", "Standard T": "4020", "Latitude": "14-35N", "Longitude": "120-55E", "Flag of Aggressor": "United States", "Type of Aggression": "Navy Carrier-Based Aircraft", "Assessment": "Sunk" }, "geometry": { "type": "Point", "coordinates": [ 120.916666666666671, 14.583333333333334 ] } },
{ "type": "Feature", "properties": { "Month": "November", "Day": 13, "Year": 1944, "Name of Vessel": "NISHI MARU", "Type of Vessel": "Cargo", "Standard T": "2655", "Latitude": "14-35N", "Longitude": "120-55E", "Flag of Aggressor": "United States", "Type of Aggression": "Navy Carrier-Based Aircraft", "Assessment": "Sunk" }, "geometry": { "type": "Point", "coordinates": [ 120.916666666666671, 14.583333333333334 ] } },
{ "type": "Feature", "properties": { "Month": "November", "Day": 13, "Year": 1944, "Name of Vessel": "TATSUURA MARU", "Type of Vessel": "Passenger-Cargo", "Standard T": "6420", "Latitude": "14-35N", "Longitude": "120-55E", "Flag of Aggressor": "United States", "Type of Aggression": "Navy Carrier-Based Aircraft", "Assessment": "Sunk" }, "geometry": { "type": "Point", "coordinates": [ 120.916666666666671, 14.583333333333334 ] } },
{ "type": "Feature", "properties": { "Month": "November", "Day": 13, "Year": 1944, "Name of Vessel": "TEIYU MARU", "Type of Vessel": "Cargo", "Standard T": "5753", "Latitude": "14-35N", "Longitude": "120-55E", "Flag of Aggressor": "United States", "Type of Aggression": "Navy Carrier-Based Aircraft", "Assessment": "Sunk" }, "geometry": { "type": "Point", "coordinates": [ 120.916666666666671, 14.583333333333334 ] } },
{ "type": "Feature", "properties": { "Month": "November", "Day": 13, "Year": 1944, "Name of Vessel": "SHINKOKU MARU", "Type of Vessel": "Cargo", "Standard T": "2746", "Latitude": "14-35N", "Longitude": "120-55E", "Flag of Aggressor": "United States", "Type of Aggression": "Navy Carrier-Based Aircraft", "Assessment": "Sunk" }, "geometry": { "type": "Point", "coordinates": [ 120.916666666666671, 14.583333333333334 ] } },
{ "type": "Feature", "properties": { "Month": "November", "Day": 14, "Year": 1944, "Name of Vessel": "AYAGIRI MARU", "Type of Vessel": "Tanker", "Standard T": "2854", "Latitude": "12-40N", "Longitude": "120-40E", "Flag of Aggressor": "United States", "Type of Aggression": "Navy Carrier-Based Aircraft", "Assessment": "Sunk" }, "geometry": { "type": "Point", "coordinates": [ 120.666666666666671, 12.666666666666666 ] } },
{ "type": "Feature", "properties": { "Month": "November", "Day": 14, "Year": 1944, "Name of Vessel": "HORAI MARU NO5", "Type of Vessel": "Tanker", "Standard T": "834", "Latitude": "14-35N", "Longitude": "120-55E", "Flag of Aggressor": "United States", "Type of Aggression": "Navy Carrier-Based Aircraft", "Assessment": "Sunk" }, "geometry": { "type": "Point", "coordinates": [ 120.916666666666671, 14.583333333333334 ] } },
{ "type": "Feature", "properties": { "Month": "November", "Day": 14, "Year": 1944, "Name of Vessel": "SUGIYAMA MARU", "Type of Vessel": "Cargo", "Standard T": "4379", "Latitude": "15-14N", "Longitude": "112-13E", "Flag of Aggressor": "United States", "Type of Aggression": "Submarine", "Assessment": "Sunk" }, "geometry": { "type": "Point", "coordinates": [ 112.216666666666669, 15.233333333333333 ] } },
{ "type": "Feature", "properties": { "Month": "November", "Day": 14, "Year": 1944, "Name of Vessel": "MISAKI MARU", "Type of Vessel": "Cargo", "Standard T": "4422", "Latitude": "15-14N", "Longitude": "112-13E", "Flag of Aggressor": "United States", "Type of Aggression": "Submarine", "Assessment": "Sunk" }, "geometry": { "type": "Point", "coordinates": [ 112.216666666666669, 15.233333333333333 ] } },
{ "type": "Feature", "properties": { "Month": "November", "Day": 14, "Year": 1944, "Name of Vessel": "UNKAI MARU NO5", "Type of Vessel": "Tanker", "Standard T": "2841", "Latitude": "17-57N", "Longitude": "117-45E", "Flag of Aggressor": "United States", "Type of Aggression": "Submarine", "Assessment": "Sunk" }, "geometry": { "type": "Point", "coordinates": [ 117.75, 17.95 ] } },
{ "type": "Feature", "properties": { "Month": "November", "Day": 14, "Year": 1944, "Name of Vessel": "GYOKUYO MARU", "Type of Vessel": "Cargo", "Standard T": "5396", "Latitude": "31-04N", "Longitude": "123-56E", "Flag of Aggressor": "United States", "Type of Aggression": "Submarine", "Assessment": "Sunk" }, "geometry": { "type": "Point", "coordinates": [ 123.933333333333337, 31.066666666666666 ] } },
{ "type": "Feature", "properties": { "Month": "November", "Day": 14, "Year": 1944, "Name of Vessel": "NICHIEI MARU", "Type of Vessel": "Cargo", "Standard T": "5396", "Latitude": "11-19N", "Longitude": "109-01E", "Flag of Aggressor": "United States", "Type of Aggression": "Submarine", "Assessment": "Sunk" }, "geometry": { "type": "Point", "coordinates": [ 109.016666666666666, 11.316666666666666 ] } },
{ "type": "Feature", "properties": { "Month": "November", "Day": 14, "Year": 1944, "Name of Vessel": "YUTAKA MARU", "Type of Vessel": "Cargo", "Standard T": "2704", "Latitude": "12-40N", "Longitude": "120-40E", "Flag of Aggressor": "United States", "Type of Aggression": "Navy Carrier-Based Aircraft, Submarine", "Assessment": "Sunk" }, "geometry": { "type": "Point", "coordinates": [ 120.666666666666671, 12.666666666666666 ] } },
{ "type": "Feature", "properties": { "Month": "November", "Day": 15, "Year": 1944, "Name of Vessel": "CELEBES MARU", "Type of Vessel": "Passenger-Cargo", "Standard T": "5863", "Latitude": "13-17N", "Longitude": "122-28E", "Flag of Aggressor": "United States", "Type of Aggression": "Navy Land-Based Aircraft", "Assessment": "Sunk" }, "geometry": { "type": "Point", "coordinates": [ 122.466666666666669, 13.283333333333333 ] } },
{ "type": "Feature", "properties": { "Month": "November", "Day": 15, "Year": 1944, "Name of Vessel": "AKITSU MARU", "Type of Vessel": "Aircraft Ferry", "Standard T": "9186", "Latitude": "33-15N", "Longitude": "128-10E", "Flag of Aggressor": "United States", "Type of Aggression": "Submarine", "Assessment": "Sunk" }, "geometry": { "type": "Point", "coordinates": [ 128.166666666666657, 33.25 ] } },
{ "type": "Feature", "properties": { "Month": "November", "Day": 15, "Year": 1944, "Name of Vessel": "YUZAN MARU NO2", "Type of Vessel": "Cargo", "Standard T": "6859", "Latitude": "11-20N", "Longitude": "109-03E", "Flag of Aggressor": "United States", "Type of Aggression": "Submarine", "Assessment": "Sunk" }, "geometry": { "type": "Point", "coordinates": [ 109.05, 11.333333333333334 ] } },
{ "type": "Feature", "properties": { "Month": "November", "Day": 16, "Year": 1944, "Name of Vessel": "KYOEI MARU", "Type of Vessel": "Tanker", "Standard T": "602", "Latitude": "3-30N", "Longitude": "117-30E", "Flag of Aggressor": "United States", "Type of Aggression": "Army Aircraft", "Assessment": "Sunk" }, "geometry": { "type": "Point", "coordinates": [ 117.5, 3.5 ] } },
{ "type": "Feature", "properties": { "Month": "November", "Day": 16, "Year": 1944, "Name of Vessel": "KISARAGI MARU", "Type of Vessel": "Cargo", "Standard T": "875", "Latitude": "28-56N", "Longitude": "141-59E", "Flag of Aggressor": "United States", "Type of Aggression": "Submarine", "Assessment": "Sunk" }, "geometry": { "type": "Point", "coordinates": [ 141.98333333333332, 28.933333333333334 ] } },
{ "type": "Feature", "properties": { "Month": "November", "Day": 17, "Year": 1944, "Name of Vessel": "MAYASAN MARU", "Type of Vessel": "Passenger-Cargo", "Standard T": "9433", "Latitude": "33-16N", "Longitude": "124-43E", "Flag of Aggressor": "United States", "Type of Aggression": "Submarine", "Assessment": "Sunk" }, "geometry": { "type": "Point", "coordinates": [ 124.716666666666669, 33.266666666666666 ] } },
{ "type": "Feature", "properties": { "Month": "November", "Day": 17, "Year": 1944, "Name of Vessel": "EDOGAWA MARU", "Type of Vessel": "Cargo", "Standard T": "6968", "Latitude": "33-31N", "Longitude": "124-32E", "Flag of Aggressor": "United States", "Type of Aggression": "Submarine", "Assessment": "Sunk" }, "geometry": { "type": "Point", "coordinates": [ 124.533333333333331, 33.516666666666666 ] } },
{ "type": "Feature", "properties": { "Month": "November", "Day": 17, "Year": 1944, "Name of Vessel": "SHUNTEN MARU", "Type of Vessel": "Passenger-Cargo", "Standard T": "5623", "Latitude": "16-56N", "Longitude": "110-30E", "Flag of Aggressor": "United States", "Type of Aggression": "Submarine", "Assessment": "Sunk" }, "geometry": { "type": "Point", "coordinates": [ 110.5, 16.933333333333334 ] } },
{ "type": "Feature", "properties": { "Month": "November", "Day": 18, "Year": 1944, "Name of Vessel": "AISAKASAN MARU", "Type of Vessel": "Cargo", "Standard T": "6923", "Latitude": "33-50N", "Longitude": "124-44E", "Flag of Aggressor": "United States", "Type of Aggression": "Submarine", "Assessment": "Sunk" }, "geometry": { "type": "Point", "coordinates": [ 124.733333333333334, 33.833333333333336 ] } },
{ "type": "Feature", "properties": { "Month": "November", "Day": 18, "Year": 1944, "Name of Vessel": "CHINKAI MARU", "Type of Vessel": "Cargo", "Standard T": "2827", "Latitude": "33-39N", "Longitude": "124-26E", "Flag of Aggressor": "United States", "Type of Aggression": "Submarine", "Assessment": "Sunk" }, "geometry": { "type": "Point", "coordinates": [ 124.433333333333337, 33.65 ] } },
{ "type": "Feature", "properties": { "Month": "November", "Day": 18, "Year": 1944, "Name of Vessel": "SEISHO MARU", "Type of Vessel": "Passenger-Cargo", "Standard T": "5463", "Latitude": "33-36N", "Longitude": "124-18E", "Flag of Aggressor": "United States", "Type of Aggression": "Submarine", "Assessment": "Sunk" }, "geometry": { "type": "Point", "coordinates": [ 124.3, 33.6 ] } },
{ "type": "Feature", "properties": { "Month": "November", "Day": 19, "Year": 1944, "Name of Vessel": "NICHINAN MARU", "Type of Vessel": "Cargo", "Standard T": "1945", "Latitude": "1-36N", "Longitude": "102-53E", "Flag of Aggressor": "Great Britain", "Type of Aggression": "Submarine*", "Assessment": "Sunk" }, "geometry": { "type": "Point", "coordinates": [ 102.88333333333334, 1.6 ] } },
{ "type": "Feature", "properties": { "Month": "November", "Day": 19, "Year": 1944, "Name of Vessel": "NATSUKAWA MARU", "Type of Vessel": "Cargo", "Standard T": "4500", "Latitude": "5-20N", "Longitude": "115-13E", "Flag of Aggressor": "United States", "Type of Aggression": "Army Aircraft", "Assessment": "Sunk" }, "geometry": { "type": "Point", "coordinates": [ 115.216666666666669, 5.333333333333333 ] } },
{ "type": "Feature", "properties": { "Month": "November", "Day": 19, "Year": 1944, "Name of Vessel": "ESASHI MARU", "Type of Vessel": "Cargo", "Standard T": "6923", "Latitude": "16-50N", "Longitude": "120-08E", "Flag of Aggressor": "United States", "Type of Aggression": "Navy Carrier-Based Aircraft", "Assessment": "Sunk" }, "geometry": { "type": "Point", "coordinates": [ 120.13333333333334, 16.833333333333332 ] } },
{ "type": "Feature", "properties": { "Month": "November", "Day": 19, "Year": 1944, "Name of Vessel": "SEIAN MARU", "Type of Vessel": "Passenger-Cargo", "Standard T": "3712", "Latitude": "14-48N", "Longitude": "120-17E", "Flag of Aggressor": "United States", "Type of Aggression": "Navy Carrier-Based Aircraft", "Assessment": "Sunk" }, "geometry": { "type": "Point", "coordinates": [ 120.283333333333331, 14.8 ] } },
{ "type": "Feature", "properties": { "Month": "November", "Day": 19, "Year": 1944, "Name of Vessel": "UNKNOWN MARU", "Type of Vessel": "Tanker", "Standard T": "2,800e", "Latitude": "14-35N", "Longitude": "120-55E", "Flag of Aggressor": "United States", "Type of Aggression": "Navy Carrier-Based Aircraft", "Assessment": "Sunk" }, "geometry": { "type": "Point", "coordinates": [ 120.916666666666671, 14.583333333333334 ] } },
{ "type": "Feature", "properties": { "Month": "November", "Day": 19, "Year": 1944, "Name of Vessel": "SHINKO MARU NO1", "Type of Vessel": "Cargo", "Standard T": "1200", "Latitude": "19-00N", "Longitude": "111-51E", "Flag of Aggressor": "United States", "Type of Aggression": "Submarine", "Assessment": "Sunk" }, "geometry": { "type": "Point", "coordinates": [ 111.85, 19.0 ] } },
{ "type": "Feature", "properties": { "Month": "November", "Day": 20, "Year": 1944, "Name of Vessel": "DAICHI MARU", "Type of Vessel": "Passenger-Cargo", "Standard T": "1280", "Latitude": "31-57N", "Longitude": "122-18E", "Flag of Aggressor": "United States", "Type of Aggression": "Army Aircraft", "Assessment": "Sunk" }, "geometry": { "type": "Point", "coordinates": [ 122.3, 31.95 ] } },
{ "type": "Feature", "properties": { "Month": "November", "Day": 21, "Year": 1944, "Name of Vessel": "GYOSAN MARU", "Type of Vessel": "Cargo", "Standard T": "5698", "Latitude": "10-39N", "Longitude": "115-05E", "Flag of Aggressor": "United States", "Type of Aggression": "Submarine", "Assessment": "Sunk" }, "geometry": { "type": "Point", "coordinates": [ 115.083333333333329, 10.65 ] } },
{ "type": "Feature", "properties": { "Month": "November", "Day": 22, "Year": 1944, "Name of Vessel": "DOWA MARU", "Type of Vessel": "Cargo", "Standard T": "1916", "Latitude": "10-22N", "Longitude": "114-21E", "Flag of Aggressor": "United States", "Type of Aggression": "Submarine", "Assessment": "Sunk" }, "geometry": { "type": "Point", "coordinates": [ 114.35, 10.366666666666667 ] } },
{ "type": "Feature", "properties": { "Month": "November", "Day": 23, "Year": 1944, "Name of Vessel": "HOZAN MARU", "Type of Vessel": "Transport", "Standard T": "2345", "Latitude": "24-26N", "Longitude": "122-46E", "Flag of Aggressor": "United States", "Type of Aggression": "Submarine*", "Assessment": "Sunk" }, "geometry": { "type": "Point", "coordinates": [ 122.766666666666666, 24.433333333333334 ] } },
{ "type": "Feature", "properties": { "Month": "November", "Day": 23, "Year": 1944, "Name of Vessel": "SHUYO MARU", "Type of Vessel": "Cargo", "Standard T": "6933", "Latitude": "34-15N", "Longitude": "128-58E", "Flag of Aggressor": "United States", "Type of Aggression": "Submarine", "Assessment": "Sunk" }, "geometry": { "type": "Point", "coordinates": [ 128.966666666666669, 34.25 ] } },
{ "type": "Feature", "properties": { "Month": "November", "Day": 23, "Year": 1944, "Name of Vessel": "FUKUJU MARU", "Type of Vessel": "Passenger-Cargo", "Standard T": "5291", "Latitude": "34-19N", "Longitude": "128-05E", "Flag of Aggressor": "United States", "Type of Aggression": "Submarine", "Assessment": "Sunk" }, "geometry": { "type": "Point", "coordinates": [ 128.083333333333343, 34.31666666666667 ] } },
{ "type": "Feature", "properties": { "Month": "November", "Day": 23, "Year": 1944, "Name of Vessel": "GOSHUN MARU", "Type of Vessel": "Cargo", "Standard T": "2,300e", "Latitude": "37-51N", "Longitude": "124-37E", "Flag of Aggressor": "Japan", "Type of Aggression": "Mine*", "Assessment": "Sunk" }, "geometry": { "type": "Point", "coordinates": [ 124.61666666666666, 37.85 ] } },
{ "type": "Feature", "properties": { "Month": "November", "Day": 23, "Year": 1944, "Name of Vessel": "SAKAE MARU", "Type of Vessel": "Cargo", "Standard T": "2878", "Latitude": "24-12N", "Longitude": "122-53E", "Flag of Aggressor": "United States", "Type of Aggression": "Submarine*", "Assessment": "Sunk" }, "geometry": { "type": "Point", "coordinates": [ 122.88333333333334, 24.2 ] } },
{ "type": "Feature", "properties": { "Month": "November", "Day": 23, "Year": 1944, "Name of Vessel": "AMAKUSA MARU", "Type of Vessel": "Passenger-Cargo", "Standard T": "2340", "Latitude": "24-24N", "Longitude": "122-45E", "Flag of Aggressor": "United States", "Type of Aggression": "Submarine*", "Assessment": "Sunk" }, "geometry": { "type": "Point", "coordinates": [ 122.75, 24.4 ] } },
{ "type": "Feature", "properties": { "Month": "November", "Day": 25, "Year": 1944, "Name of Vessel": "BANEI MARU NO6", "Type of Vessel": "Cargo", "Standard T": "1191", "Latitude": "16-37N", "Longitude": "120-19E", "Flag of Aggressor": "United States", "Type of Aggression": "Navy Carrier-Based Aircraft", "Assessment": "Sunk" }, "geometry": { "type": "Point", "coordinates": [ 120.316666666666663, 16.616666666666667 ] } },
{ "type": "Feature", "properties": { "Month": "November", "Day": 25, "Year": 1944, "Name of Vessel": "KASAGISAN MARU", "Type of Vessel": "Passenger-Cargo", "Standard T": "2427", "Latitude": "16-37N", "Longitude": "120-19E", "Flag of Aggressor": "United States", "Type of Aggression": "Navy Carrier-Based Aircraft", "Assessment": "Sunk" }, "geometry": { "type": "Point", "coordinates": [ 120.316666666666663, 16.616666666666667 ] } },
{ "type": "Feature", "properties": { "Month": "November", "Day": 25, "Year": 1944, "Name of Vessel": "SHOHO MARU", "Type of Vessel": "Cargo", "Standard T": "1356", "Latitude": "20-18N", "Longitude": "121-34E", "Flag of Aggressor": "United States", "Type of Aggression": "Submarine", "Assessment": "Sunk" }, "geometry": { "type": "Point", "coordinates": [ 121.566666666666663, 20.3 ] } },
{ "type": "Feature", "properties": { "Month": "November", "Day": 25, "Year": 1944, "Name of Vessel": "MANILA MARU", "Type of Vessel": "Passenger-Cargo", "Standard T": "9486", "Latitude": "5-30N", "Longitude": "113-21E", "Flag of Aggressor": "United States", "Type of Aggression": "Submarine", "Assessment": "Sunk" }, "geometry": { "type": "Point", "coordinates": [ 113.35, 5.5 ] } },
{ "type": "Feature", "properties": { "Month": "November", "Day": 25, "Year": 1944, "Name of Vessel": "SANTOS MARU", "Type of Vessel": "Cargo", "Standard T": "7266", "Latitude": "20-12N", "Longitude": "121-51E", "Flag of Aggressor": "United States", "Type of Aggression": "Submarine", "Assessment": "Sunk" }, "geometry": { "type": "Point", "coordinates": [ 121.85, 20.2 ] } },
{ "type": "Feature", "properties": { "Month": "November", "Day": 26, "Year": 1944, "Name of Vessel": "YUHO MARU", "Type of Vessel": "Tanker", "Standard T": "5226", "Latitude": "4-55N", "Longitude": "114-06E", "Flag of Aggressor": "United States", "Type of Aggression": "Submarine", "Assessment": "Sunk" }, "geometry": { "type": "Point", "coordinates": [ 114.1, 4.916666666666667 ] } },
{ "type": "Feature", "properties": { "Month": "November", "Day": 28, "Year": 1944, "Name of Vessel": "ATAGO MARU", "Type of Vessel": "Tanker", "Standard T": "7543", "Latitude": "4-29N", "Longitude": "114-00E", "Flag of Aggressor": "United States", "Type of Aggression": "Army Aircraft", "Assessment": "Sunk" }, "geometry": { "type": "Point", "coordinates": [ 114.0, 4.483333333333333 ] } },
{ "type": "Feature", "properties": { "Month": "November", "Day": 29, "Year": 1944, "Name of Vessel": "SHINETSU MARU", "Type of Vessel": "Cargo", "Standard T": "2212", "Latitude": "10-47N", "Longitude": "124-17E", "Flag of Aggressor": "United States", "Type of Aggression": "Army Aircraft", "Assessment": "Sunk" }, "geometry": { "type": "Point", "coordinates": [ 124.283333333333331, 10.783333333333333 ] } },
{ "type": "Feature", "properties": { "Month": "November", "Day": 29, "Year": 1944, "Name of Vessel": "SHINSHO MARU", "Type of Vessel": "Cargo", "Standard T": "2880", "Latitude": "11-01N", "Longitude": "124-37E", "Flag of Aggressor": "United States", "Type of Aggression": "Army Aircraft", "Assessment": "Sunk" }, "geometry": { "type": "Point", "coordinates": [ 124.61666666666666, 11.016666666666667 ] } },
{ "type": "Feature", "properties": { "Month": "November", "Day": 29, "Year": 1944, "Name of Vessel": "DAIBOSHIMARUNO6", "Type of Vessel": "Cargo", "Standard T": "3925", "Latitude": "37-17N", "Longitude": "125-11E", "Flag of Aggressor": "United States", "Type of Aggression": "Submarine", "Assessment": "Sunk" }, "geometry": { "type": "Point", "coordinates": [ 125.183333333333337, 37.283333333333331 ] } },
{ "type": "Feature", "properties": { "Month": "November", "Day": 30, "Year": 1944, "Name of Vessel": "KUMANO MARU", "Type of Vessel": "Converted Net Tender", "Standard T": "872", "Latitude": "1-30N", "Longitude": "103-00E", "Flag of Aggressor": "Great Britain", "Type of Aggression": "Submarine*", "Assessment": "Sunk" }, "geometry": { "type": "Point", "coordinates": [ 103.0, 1.5 ] } },
{ "type": "Feature", "properties": { "Month": "November", "Day": 30, "Year": 1944, "Name of Vessel": "DAIREN MARU", "Type of Vessel": "Transport", "Standard T": "3748", "Latitude": "38-06N", "Longitude": "124-39E", "Flag of Aggressor": "United States", "Type of Aggression": "Submarine", "Assessment": "Sunk" }, "geometry": { "type": "Point", "coordinates": [ 124.65, 38.1 ] } },
{ "type": "Feature", "properties": { "Month": "December", "Day": 2, "Year": 1944, "Name of Vessel": "AKIGAWA MARU", "Type of Vessel": "Cargo", "Standard T": "6859", "Latitude": "30-51N", "Longitude": "128-45E", "Flag of Aggressor": "United States", "Type of Aggression": "Submarine", "Assessment": "Sunk" }, "geometry": { "type": "Point", "coordinates": [ 128.75, 30.85 ] } },
{ "type": "Feature", "properties": { "Month": "December", "Day": 2, "Year": 1944, "Name of Vessel": "HAWAII MARU", "Type of Vessel": "Passenger-Cargo", "Standard T": "9467", "Latitude": "30-51N", "Longitude": "128-45E", "Flag of Aggressor": "United States", "Type of Aggression": "Submarine", "Assessment": "Sunk" }, "geometry": { "type": "Point", "coordinates": [ 128.75, 30.85 ] } },
{ "type": "Feature", "properties": { "Month": "December", "Day": 3, "Year": 1944, "Name of Vessel": "NANSHINMARUNO18", "Type of Vessel": "Tanker", "Standard T": "834e", "Latitude": "5-55N", "Longitude": "116-12E", "Flag of Aggressor": "United States", "Type of Aggression": "Navy Land-Based Aircraft", "Assessment": "Sunk" }, "geometry": { "type": "Point", "coordinates": [ 116.2, 5.916666666666667 ] } },
{ "type": "Feature", "properties": { "Month": "December", "Day": 3, "Year": 1944, "Name of Vessel": "NANSHIN MARU NO13", "Type of Vessel": "Tanker", "Standard T": "834e", "Latitude": "1-22S", "Longitude": "117-03E", "Flag of Aggressor": "United States", "Type of Aggression": "Navy Land-Based Aircraft", "Assessment": "Sunk" }, "geometry": { "type": "Point", "coordinates": [ 117.05, -1.366666666666667 ] } },
{ "type": "Feature", "properties": { "Month": "December", "Day": 4, "Year": 1944, "Name of Vessel": "HAKKO MARU", "Type of Vessel": "Tanker", "Standard T": "10022", "Latitude": "13-12N", "Longitude": "116-37E", "Flag of Aggressor": "United States", "Type of Aggression": "Submarine", "Assessment": "Sunk" }, "geometry": { "type": "Point", "coordinates": [ 116.61666666666666, 13.2 ] } },
{ "type": "Feature", "properties": { "Month": "December", "Day": 4, "Year": 1944, "Name of Vessel": "SHINTO MARU", "Type of Vessel": "Cargo", "Standard T": "1215", "Latitude": "22-35N", "Longitude": "120-30E", "Flag of Aggressor": "United States", "Type of Aggression": "*Unknown Aircraft", "Assessment": "Sunk" }, "geometry": { "type": "Point", "coordinates": [ 120.5, 22.583333333333332 ] } },
{ "type": "Feature", "properties": { "Month": "December", "Day": 6, "Year": 1944, "Name of Vessel": "BANSHU MARU NO31", "Type of Vessel": "Cargo", "Standard T": "748", "Latitude": "18-54N", "Longitude": "120-49E", "Flag of Aggressor": "United States", "Type of Aggression": "Submarine", "Assessment": "Sunk" }, "geometry": { "type": "Point", "coordinates": [ 120.816666666666663, 18.9 ] } },
{ "type": "Feature", "properties": { "Month": "December", "Day": 6, "Year": 1944, "Name of Vessel": "JINYO MARU", "Type of Vessel": "Cargo", "Standard T": "6862", "Latitude": "18-54N", "Longitude": "120-49E", "Flag of Aggressor": "United States", "Type of Aggression": "Submarine", "Assessment": "Sunk" }, "geometry": { "type": "Point", "coordinates": [ 120.816666666666663, 18.9 ] } },
{ "type": "Feature", "properties": { "Month": "December", "Day": 6, "Year": 1944, "Name of Vessel": "FUKUYO MARU", "Type of Vessel": "Cargo", "Standard T": "5463", "Latitude": "18-59N", "Longitude": "121-05E", "Flag of Aggressor": "United States", "Type of Aggression": "Submarine*", "Assessment": "Sunk" }, "geometry": { "type": "Point", "coordinates": [ 121.083333333333329, 18.983333333333334 ] } },
{ "type": "Feature", "properties": { "Month": "December", "Day": 6, "Year": 1944, "Name of Vessel": "YASUKUNI MARU", "Type of Vessel": "Cargo", "Standard T": "5794", "Latitude": "18-51N", "Longitude": "121-07E", "Flag of Aggressor": "United States", "Type of Aggression": "Navy Carrier-Based Aircraft, Submarine", "Assessment": "Sunk" }, "geometry": { "type": "Point", "coordinates": [ 121.11666666666666, 18.85 ] } },
{ "type": "Feature", "properties": { "Month": "December", "Day": 6, "Year": 1944, "Name of Vessel": "KENJO MARU", "Type of Vessel": "Cargo", "Standard T": "6933", "Latitude": "18-57N", "Longitude": "120-58E", "Flag of Aggressor": "United States", "Type of Aggression": "Submarine*", "Assessment": "Sunk" }, "geometry": { "type": "Point", "coordinates": [ 120.966666666666669, 18.95 ] } },
{ "type": "Feature", "properties": { "Month": "December", "Day": 7, "Year": 1944, "Name of Vessel": "HAKUBA MARU", "Type of Vessel": "Passenger-Cargo", "Standard T": "2858", "Latitude": "11-23N", "Longitude": "124-18E", "Flag of Aggressor": "United States", "Type of Aggression": "Army Aircraft, Marine Land-Based Aircraft", "Assessment": "Sunk" }, "geometry": { "type": "Point", "coordinates": [ 124.3, 11.383333333333333 ] } },
{ "type": "Feature", "properties": { "Month": "December", "Day": 7, "Year": 1944, "Name of Vessel": "AKAGISAN MARU", "Type of Vessel": "Passenger-Cargo", "Standard T": "4634", "Latitude": "11-23N", "Longitude": "124-18E", "Flag of Aggressor": "United States", "Type of Aggression": "Army Aircraft, Marine Land-Based Aircraft", "Assessment": "Sunk" }, "geometry": { "type": "Point", "coordinates": [ 124.3, 11.383333333333333 ] } },
{ "type": "Feature", "properties": { "Month": "December", "Day": 7, "Year": 1944, "Name of Vessel": "SHINSEI MARU NO5", "Type of Vessel": "Cargo", "Standard T": "2599", "Latitude": "11-23N", "Longitude": "124-18E", "Flag of Aggressor": "United States", "Type of Aggression": "Army Aircraft, Marine Land-Based Aircraft", "Assessment": "Sunk" }, "geometry": { "type": "Point", "coordinates": [ 124.3, 11.383333333333333 ] } },
{ "type": "Feature", "properties": { "Month": "December", "Day": 7, "Year": 1944, "Name of Vessel": "NICHIYO MARU", "Type of Vessel": "Cargo", "Standard T": "6300", "Latitude": "11-23N", "Longitude": "124-18E", "Flag of Aggressor": "United States", "Type of Aggression": "Army Aircraft, Marine Land-Based Aircraft", "Assessment": "Sunk" }, "geometry": { "type": "Point", "coordinates": [ 124.3, 11.383333333333333 ] } },
{ "type": "Feature", "properties": { "Month": "December", "Day": 8, "Year": 1944, "Name of Vessel": "SHOEI MARU", "Type of Vessel": "Tanker", "Standard T": "2854", "Latitude": "4-03N", "Longitude": "111-31E", "Flag of Aggressor": "United States", "Type of Aggression": "Submarine", "Assessment": "Sunk" }, "geometry": { "type": "Point", "coordinates": [ 111.516666666666666, 4.05 ] } },
{ "type": "Feature", "properties": { "Month": "December", "Day": 11, "Year": 1944, "Name of Vessel": "MINO MARU", "Type of Vessel": "Cargo", "Standard T": "4667", "Latitude": "11-20N", "Longitude": "124-10E", "Flag of Aggressor": "United States", "Type of Aggression": "Army Aircraft, Marine Land-Based Aircraft", "Assessment": "Sunk" }, "geometry": { "type": "Point", "coordinates": [ 124.166666666666671, 11.333333333333334 ] } },
{ "type": "Feature", "properties": { "Month": "December", "Day": 11, "Year": 1944, "Name of Vessel": "TASMANIA MARU", "Type of Vessel": "Cargo", "Standard T": "4106", "Latitude": "11-20N", "Longitude": "124-10E", "Flag of Aggressor": "United States", "Type of Aggression": "Army Aircraft, Marine Land-Based Aircraft", "Assessment": "Sunk" }, "geometry": { "type": "Point", "coordinates": [ 124.166666666666671, 11.333333333333334 ] } },
{ "type": "Feature", "properties": { "Month": "December", "Day": 11, "Year": 1944, "Name of Vessel": "SHONAN MARU", "Type of Vessel": "Cargo", "Standard T": "1120", "Latitude": "12-42N", "Longitude": "122-10E", "Flag of Aggressor": "United States", "Type of Aggression": "Navy Land-Based Aircraft", "Assessment": "Sunk" }, "geometry": { "type": "Point", "coordinates": [ 122.166666666666671, 12.7 ] } },
{ "type": "Feature", "properties": { "Month": "December", "Day": 14, "Year": 1944, "Name of Vessel": "NIKKO MARU NO1", "Type of Vessel": "Cargo", "Standard T": "852", "Latitude": "14-48N", "Longitude": "120-16E", "Flag of Aggressor": "United States", "Type of Aggression": "Navy Carrier-Based Aircraft", "Assessment": "Sunk" }, "geometry": { "type": "Point", "coordinates": [ 120.266666666666666, 14.8 ] } },
{ "type": "Feature", "properties": { "Month": "December", "Day": 15, "Year": 1944, "Name of Vessel": "ORYOKU MARU", "Type of Vessel": "Transport", "Standard T": "7365", "Latitude": "14-45N", "Longitude": "120-13E", "Flag of Aggressor": "United States", "Type of Aggression": "Navy Carrier-Based Aircraft", "Assessment": "Sunk" }, "geometry": { "type": "Point", "coordinates": [ 120.216666666666669, 14.75 ] } },
{ "type": "Feature", "properties": { "Month": "December", "Day": 15, "Year": 1944, "Name of Vessel": "RISEN MARU", "Type of Vessel": "Cargo", "Standard T": "6436", "Latitude": "14-35N", "Longitude": "120-55E", "Flag of Aggressor": "United States", "Type of Aggression": "Navy Carrier-Based Aircraft", "Assessment": "Sunk" }, "geometry": { "type": "Point", "coordinates": [ 120.916666666666671, 14.583333333333334 ] } },
{ "type": "Feature", "properties": { "Month": "December", "Day": 16, "Year": 1944, "Name of Vessel": "SHOEI MARU", "Type of Vessel": "Converted Gunboat", "Standard T": "1986", "Latitude": "5-45S", "Longitude": "104-43E", "Flag of Aggressor": "Great Britain", "Type of Aggression": "Submarine", "Assessment": "Sunk" }, "geometry": { "type": "Point", "coordinates": [ 104.716666666666669, -5.75 ] } },
{ "type": "Feature", "properties": { "Month": "December", "Day": 16, "Year": 1944, "Name of Vessel": "JUSAN MARU", "Type of Vessel": "Cargo", "Standard T": "2111", "Latitude": "27-35N", "Longitude": "141-35E", "Flag of Aggressor": "United States", "Type of Aggression": "Submarine", "Assessment": "Sunk" }, "geometry": { "type": "Point", "coordinates": [ 141.583333333333343, 27.583333333333332 ] } },
{ "type": "Feature", "properties": { "Month": "December", "Day": 19, "Year": 1944, "Name of Vessel": "HIDA MARU", "Type of Vessel": "Cargo", "Standard T": "5320", "Latitude": "22-17N", "Longitude": "114-10E", "Flag of Aggressor": "United States", "Type of Aggression": "Army Aircraft", "Assessment": "Sunk" }, "geometry": { "type": "Point", "coordinates": [ 114.166666666666671, 22.283333333333335 ] } },
{ "type": "Feature", "properties": { "Month": "December", "Day": 19, "Year": 1944, "Name of Vessel": "SHINFUKU MARU", "Type of Vessel": "Cargo", "Standard T": "2204", "Latitude": "13-40N", "Longitude": "115-50E", "Flag of Aggressor": "United States", "Type of Aggression": "Navy Land-Based Aircraft", "Assessment": "Sunk" }, "geometry": { "type": "Point", "coordinates": [ 115.833333333333329, 13.666666666666666 ] } },
{ "type": "Feature", "properties": { "Month": "December", "Day": 19, "Year": 1944, "Name of Vessel": "HIROSHIMARUNO3", "Type of Vessel": "Cargo", "Standard T": "940", "Latitude": "44-56N", "Longitude": "147-39E", "Flag of Aggressor": "Unknown", "Type of Aggression": "Submarine", "Assessment": "Sunk" }, "geometry": { "type": "Point", "coordinates": [ 147.65, 44.93333333333333 ] } },
{ "type": "Feature", "properties": { "Month": "December", "Day": 20, "Year": 1944, "Name of Vessel": "SHOEKI MARU", "Type of Vessel": "Converted Net Tender", "Standard T": "898", "Latitude": "7-00S", "Longitude": "120-00E", "Flag of Aggressor": "Netherlands", "Type of Aggression": "Aircraft", "Assessment": "Sunk" }, "geometry": { "type": "Point", "coordinates": [ 120.0, -7.0 ] } },
{ "type": "Feature", "properties": { "Month": "December", "Day": 20, "Year": 1944, "Name of Vessel": "MAMIYA", "Type of Vessel": "Collier", "Standard T": "7,000e", "Latitude": "17-48N", "Longitude": "114-09E", "Flag of Aggressor": "United States", "Type of Aggression": "Submarine", "Assessment": "Sunk" }, "geometry": { "type": "Point", "coordinates": [ 114.15, 17.8 ] } },
{ "type": "Feature", "properties": { "Month": "December", "Day": 22, "Year": 1944, "Name of Vessel": "OMUROSAN MARU", "Type of Vessel": "Tanker", "Standard T": "9204", "Latitude": "15-04N", "Longitude": "109-06E", "Flag of Aggressor": "United States", "Type of Aggression": "Submarine", "Assessment": "Sunk" }, "geometry": { "type": "Point", "coordinates": [ 109.1, 15.066666666666666 ] } },
{ "type": "Feature", "properties": { "Month": "December", "Day": 22, "Year": 1944, "Name of Vessel": "OTOWASAN MARU", "Type of Vessel": "Tanker", "Standard T": "9204", "Latitude": "15-04N", "Longitude": "109-06E", "Flag of Aggressor": "United States", "Type of Aggression": "Submarine", "Assessment": "Sunk" }, "geometry": { "type": "Point", "coordinates": [ 109.1, 15.066666666666666 ] } },
{ "type": "Feature", "properties": { "Month": "December", "Day": 22, "Year": 1944, "Name of Vessel": "ARITA MARU", "Type of Vessel": "Tanker", "Standard T": "10238", "Latitude": "15-04N", "Longitude": "109-06E", "Flag of Aggressor": "United States", "Type of Aggression": "Submarine", "Assessment": "Sunk" }, "geometry": { "type": "Point", "coordinates": [ 109.1, 15.066666666666666 ] } },
{ "type": "Feature", "properties": { "Month": "December", "Day": 23, "Year": 1944, "Name of Vessel": "KENZUI MARU", "Type of Vessel": "Cargo", "Standard T": "4156", "Latitude": "16-50N", "Longitude": "120-18E", "Flag of Aggressor": "United States", "Type of Aggression": "Submarine", "Assessment": "Sunk" }, "geometry": { "type": "Point", "coordinates": [ 120.3, 16.833333333333332 ] } },
{ "type": "Feature", "properties": { "Month": "December", "Day": 25, "Year": 1944, "Name of Vessel": "JUNPO MARU", "Type of Vessel": "Cargo", "Standard T": "4277", "Latitude": "1-10N", "Longitude": "108-20E", "Flag of Aggressor": "United States", "Type of Aggression": "Submarine", "Assessment": "Sunk" }, "geometry": { "type": "Point", "coordinates": [ 108.333333333333329, 1.166666666666667 ] } },
{ "type": "Feature", "properties": { "Month": "December", "Day": 28, "Year": 1944, "Name of Vessel": "NOZAKI", "Type of Vessel": "Collier", "Standard T": "1,000e", "Latitude": "12-39N", "Longitude": "109-30E", "Flag of Aggressor": "United States", "Type of Aggression": "Submarine", "Assessment": "Sunk" }, "geometry": { "type": "Point", "coordinates": [ 109.5, 12.65 ] } },
{ "type": "Feature", "properties": { "Month": "December", "Day": 30, "Year": 1944, "Name of Vessel": "AOBASAN MARU", "Type of Vessel": "Cargo", "Standard T": "8811", "Latitude": "17-18N", "Longitude": "119-25E", "Flag of Aggressor": "United States", "Type of Aggression": "Army Aircraft", "Assessment": "Sunk" }, "geometry": { "type": "Point", "coordinates": [ 119.416666666666671, 17.3 ] } },
{ "type": "Feature", "properties": { "Month": "December", "Day": 30, "Year": 1944, "Name of Vessel": "MURORAN MARU", "Type of Vessel": "Cargo", "Standard T": "5374", "Latitude": "17-18N", "Longitude": "119-25E", "Flag of Aggressor": "United States", "Type of Aggression": "Army Aircraft", "Assessment": "Sunk" }, "geometry": { "type": "Point", "coordinates": [ 119.416666666666671, 17.3 ] } },
{ "type": "Feature", "properties": { "Month": "December", "Day": 30, "Year": 1944, "Name of Vessel": "TEIKAI MARU", "Type of Vessel": "Cargo", "Standard T": "7691", "Latitude": "17-18N", "Longitude": "119-25E", "Flag of Aggressor": "United States", "Type of Aggression": "Army Aircraft", "Assessment": "Sunk" }, "geometry": { "type": "Point", "coordinates": [ 119.416666666666671, 17.3 ] } },
{ "type": "Feature", "properties": { "Month": "December", "Day": 31, "Year": 1944, "Name of Vessel": "UNRYU MARU", "Type of Vessel": "Cargo", "Standard T": "2515", "Latitude": "11-40N", "Longitude": "93-15E", "Flag of Aggressor": "Great Britain", "Type of Aggression": "Submarine", "Assessment": "Sunk" }, "geometry": { "type": "Point", "coordinates": [ 93.25, 11.666666666666666 ] } }
]
}
