{
"type": "FeatureCollection",
"name": "45",
"crs": { "type": "name", "properties": { "name": "urn:ogc:def:crs:OGC:1.3:CRS84" } },
"features": [
{ "type": "Feature", "properties": { "Month": "January", "Day": 1, "Year": 1945, "Name of Vessel": "KYOKKO MARU", "Type of Vessel": "Cargo", "Standard T": "593", "Latitude": "12-26N", "Longitude": "98-38E", "Flag of Aggressor": "Great Britain", "Type of Aggression": "Mine", "Assessment": "Sunk", "URL": null }, "geometry": { "type": "Point", "coordinates": [ 98.63333333333334, 12.433333333333334 ] } },
{ "type": "Feature", "properties": { "Month": "January", "Day": 2, "Year": 1945, "Name of Vessel": "HAKKA MARU", "Type of Vessel": "Cargo", "Standard T": "889", "Latitude": "16-37N", "Longitude": "120-19E", "Flag of Aggressor": "United States", "Type of Aggression": "Army Aircraft", "Assessment": "Sunk", "URL": null }, "geometry": { "type": "Point", "coordinates": [ 120.316666666666663, 16.616666666666667 ] } },
{ "type": "Feature", "properties": { "Month": "January", "Day": 2, "Year": 1945, "Name of Vessel": "HISHIGATA MARU", "Type of Vessel": "Cargo", "Standard T": "2833", "Latitude": "16-37N", "Longitude": "120-19E", "Flag of Aggressor": "United States", "Type of Aggression": "Army Aircraft", "Assessment": "Sunk", "URL": null }, "geometry": { "type": "Point", "coordinates": [ 120.316666666666663, 16.616666666666667 ] } },
{ "type": "Feature", "properties": { "Month": "January", "Day": 2, "Year": 1945, "Name of Vessel": "MEIRYU MARU", "Type of Vessel": "Cargo", "Standard T": "4739", "Latitude": "16-37N", "Longitude": "120-19E", "Flag of Aggressor": "United States", "Type of Aggression": "Army Aircraft", "Assessment": "Sunk", "URL": null }, "geometry": { "type": "Point", "coordinates": [ 120.316666666666663, 16.616666666666667 ] } },
{ "type": "Feature", "properties": { "Month": "January", "Day": 2, "Year": 1945, "Name of Vessel": "TAISHIN MARU", "Type of Vessel": "Cargo", "Standard T": "534", "Latitude": "17-00N", "Longitude": "120-19E", "Flag of Aggressor": "United States", "Type of Aggression": "Army Aircraft", "Assessment": "Sunk", "URL": null }, "geometry": { "type": "Point", "coordinates": [ 120.316666666666663, 17.0 ] } },
{ "type": "Feature", "properties": { "Month": "January", "Day": 3, "Year": 1945, "Name of Vessel": "IWATO MARU", "Type of Vessel": "Cargo", "Standard T": "526", "Latitude": "24-36N", "Longitude": "121-50E", "Flag of Aggressor": "United States", "Type of Aggression": "Navy Carrier-Based Aircraft", "Assessment": "Sunk", "URL": null }, "geometry": { "type": "Point", "coordinates": [ 121.833333333333329, 24.6 ] } },
{ "type": "Feature", "properties": { "Month": "January", "Day": 3, "Year": 1945, "Name of Vessel": "KINREI MARU", "Type of Vessel": "Cargo", "Standard T": "1300", "Latitude": "25-09N", "Longitude": "121-47E", "Flag of Aggressor": "United States", "Type of Aggression": "Navy Carrier-Based Aircraft", "Assessment": "Sunk", "URL": null }, "geometry": { "type": "Point", "coordinates": [ 121.783333333333331, 25.15 ] } },
{ "type": "Feature", "properties": { "Month": "January", "Day": 3, "Year": 1945, "Name of Vessel": "YAEI MARU", "Type of Vessel": "Cargo", "Standard T": "1941", "Latitude": "30-29N", "Longitude": "142-03E", "Flag of Aggressor": "United States", "Type of Aggression": "Submarine", "Assessment": "Sunk", "URL": null }, "geometry": { "type": "Point", "coordinates": [ 142.05, 30.483333333333334 ] } },
{ "type": "Feature", "properties": { "Month": "January", "Day": 3, "Year": 1945, "Name of Vessel": "SHIBAZONO MARU", "Type of Vessel": "Passenger-Cargo", "Standard T": "1831", "Latitude": "30-29N", "Longitude": "142-03E", "Flag of Aggressor": "United States", "Type of Aggression": "Submarine", "Assessment": "Sunk", "URL": null }, "geometry": { "type": "Point", "coordinates": [ 142.05, 30.483333333333334 ] } },
{ "type": "Feature", "properties": { "Month": "January", "Day": 3, "Year": 1945, "Name of Vessel": "SHINSHU MARU", "Type of Vessel": "Aircraft Ferry", "Standard T": "8170", "Latitude": "21-57N", "Longitude": "119-44E", "Flag of Aggressor": "United States", "Type of Aggression": "Navy Carrier-Based Aircraft, Submarine", "Assessment": "Sunk", "URL": null }, "geometry": { "type": "Point", "coordinates": [ 119.733333333333334, 21.95 ] } },
{ "type": "Feature", "properties": { "Month": "January", "Day": 5, "Year": 1945, "Name of Vessel": "SHUNSEN MARU", "Type of Vessel": "Cargo", "Standard T": "971", "Latitude": "5-00S", "Longitude": "112-16E", "Flag of Aggressor": "United States", "Type of Aggression": "Submarine", "Assessment": "Sunk", "URL": null }, "geometry": { "type": "Point", "coordinates": [ 112.266666666666666, -5.0 ] } },
{ "type": "Feature", "properties": { "Month": "January", "Day": 5, "Year": 1945, "Name of Vessel": "KANKO MARU", "Type of Vessel": "Converted Net Tender", "Standard T": "909", "Latitude": "5-00S", "Longitude": "112-16E", "Flag of Aggressor": "United States", "Type of Aggression": null, "Assessment": "Sunk", "URL": null }, "geometry": { "type": "Point", "coordinates": [ 112.266666666666666, -5.0 ] } },
{ "type": "Feature", "properties": { "Month": "January", "Day": 6, "Year": 1945, "Name of Vessel": "NANSHIN MARU NO 10", "Type of Vessel": "Tanker", "Standard T": "834", "Latitude": "18-00N", "Longitude": "120-25E", "Flag of Aggressor": "United States", "Type of Aggression": "Navy Carrier-Based Aircraft", "Assessment": "Sunk", "URL": null }, "geometry": { "type": "Point", "coordinates": [ 120.416666666666671, 18.0 ] } },
{ "type": "Feature", "properties": { "Month": "January", "Day": 6, "Year": 1945, "Name of Vessel": "KYODO MARU", "Type of Vessel": "Tanker", "Standard T": "1090", "Latitude": "18-08N", "Longitude": "120-35E", "Flag of Aggressor": "United States", "Type of Aggression": "Navy Carrier-Based Aircraft", "Assessment": "Sunk", "URL": null }, "geometry": { "type": "Point", "coordinates": [ 120.583333333333329, 18.133333333333333 ] } },
{ "type": "Feature", "properties": { "Month": "January", "Day": 6, "Year": 1945, "Name of Vessel": "KYOEI MARU NO. 10", "Type of Vessel": "Tanker", "Standard T": "1180", "Latitude": "18-08N", "Longitude": "120-35E", "Flag of Aggressor": "United States", "Type of Aggression": "Navy Carrier-Based Aircraft", "Assessment": "Sunk", "URL": null }, "geometry": { "type": "Point", "coordinates": [ 120.583333333333329, 18.133333333333333 ] } },
{ "type": "Feature", "properties": { "Month": "January", "Day": 6, "Year": 1945, "Name of Vessel": "KYOEI MARU NO. 6", "Type of Vessel": "Tanker", "Standard T": "1178", "Latitude": "18-08N", "Longitude": "120-35E", "Flag of Aggressor": "United States", "Type of Aggression": "Navy Carrier-Based Aircraft", "Assessment": "Sunk", "URL": null }, "geometry": { "type": "Point", "coordinates": [ 120.583333333333329, 18.133333333333333 ] } },
{ "type": "Feature", "properties": { "Month": "January", "Day": 6, "Year": 1945, "Name of Vessel": "NICHIEI MARU", "Type of Vessel": "Tanker", "Standard T": "10020", "Latitude": "6-57N", "Longitude": "102-57E", "Flag of Aggressor": "United States", "Type of Aggression": "Submarine", "Assessment": "Sunk", "URL": null }, "geometry": { "type": "Point", "coordinates": [ 102.95, 6.95 ] } },
{ "type": "Feature", "properties": { "Month": "January", "Day": 6, "Year": 1945, "Name of Vessel": "TARAKAN MARU", "Type of Vessel": "Tanker", "Standard T": "5135", "Latitude": "19-40N", "Longitude": "111-24E", "Flag of Aggressor": "United States", "Type of Aggression": "Submarine", "Assessment": "Sunk", "URL": null }, "geometry": { "type": "Point", "coordinates": [ 111.4, 19.666666666666668 ] } },
{ "type": "Feature", "properties": { "Month": "January", "Day": 7, "Year": 1945, "Name of Vessel": "SHINSEI MARU", "Type of Vessel": "Cargo", "Standard T": "4740", "Latitude": "22-40N", "Longitude": "118-45E", "Flag of Aggressor": "United States", "Type of Aggression": "Army Aircraft", "Assessment": "Sunk", "URL": null }, "geometry": { "type": "Point", "coordinates": [ 118.75, 22.666666666666668 ] } },
{ "type": "Feature", "properties": { "Month": "January", "Day": 8, "Year": 1945, "Name of Vessel": "SEIKAI MARU NO. 2", "Type of Vessel": "Cargo", "Standard T": "550", "Latitude": "26-35N", "Longitude": "142-08E", "Flag of Aggressor": "United States", "Type of Aggression": "Army Mine", "Assessment": "Sunk", "URL": null }, "geometry": { "type": "Point", "coordinates": [ 142.133333333333326, 26.583333333333332 ] } },
{ "type": "Feature", "properties": { "Month": "January", "Day": 8, "Year": 1945, "Name of Vessel": "DAIGO MARU", "Type of Vessel": "Cargo", "Standard T": "5244", "Latitude": "34-28N", "Longitude": "122-39E", "Flag of Aggressor": "United States", "Type of Aggression": "Submarine", "Assessment": "Sunk", "URL": null }, "geometry": { "type": "Point", "coordinates": [ 122.65, 34.466666666666669 ] } },
{ "type": "Feature", "properties": { "Month": "January", "Day": 8, "Year": 1945, "Name of Vessel": "SHINYO MARU", "Type of Vessel": "Cargo", "Standard T": "5892", "Latitude": "24-31N", "Longitude": "120-28E", "Flag of Aggressor": "United States", "Type of Aggression": "Submarine", "Assessment": "Sunk", "URL": null }, "geometry": { "type": "Point", "coordinates": [ 120.466666666666669, 24.516666666666666 ] } },
{ "type": "Feature", "properties": { "Month": "January", "Day": 8, "Year": 1945, "Name of Vessel": "ANYO MARU", "Type of Vessel": "Passenger-Cargo", "Standard T": "9256", "Latitude": "24-54N", "Longitude": "120-26E", "Flag of Aggressor": "United States", "Type of Aggression": "Submarine", "Assessment": "Sunk", "URL": null }, "geometry": { "type": "Point", "coordinates": [ 120.433333333333337, 24.9 ] } },
{ "type": "Feature", "properties": { "Month": "January", "Day": 8, "Year": 1945, "Name of Vessel": "SANYO MARU", "Type of Vessel": "Tanker", "Standard T": "2854", "Latitude": "24-54N", "Longitude": "120-26E", "Flag of Aggressor": "United States", "Type of Aggression": "Submarine", "Assessment": "Sunk", "URL": null }, "geometry": { "type": "Point", "coordinates": [ 120.433333333333337, 24.9 ] } },
{ "type": "Feature", "properties": { "Month": "January", "Day": 8, "Year": 1945, "Name of Vessel": "HIKOSHIMA MARU", "Type of Vessel": "Tanker", "Standard T": "2854", "Latitude": "24-37N", "Longitude": "120-30E", "Flag of Aggressor": "United States", "Type of Aggression": "Submarine", "Assessment": "Sunk", "URL": null }, "geometry": { "type": "Point", "coordinates": [ 120.5, 24.616666666666667 ] } },
{ "type": "Feature", "properties": { "Month": "January", "Day": 9, "Year": 1945, "Name of Vessel": "SHINKO MARU NO. 1", "Type of Vessel": "Converted Gunboat", "Standard T": "934", "Latitude": "3-46S", "Longitude": "111-54E", "Flag of Aggressor": "Netherlands", "Type of Aggression": "Submarine", "Assessment": "Sunk", "URL": null }, "geometry": { "type": "Point", "coordinates": [ 111.9, -3.766666666666667 ] } },
{ "type": "Feature", "properties": { "Month": "January", "Day": 9, "Year": 1945, "Name of Vessel": "FUKUYAMA MARU", "Type of Vessel": "Cargo", "Standard T": "6040", "Latitude": "22-37N", "Longitude": "120-15E", "Flag of Aggressor": "United States", "Type of Aggression": "Navy Carrier-Based Aircraft", "Assessment": "Sunk", "URL": null }, "geometry": { "type": "Point", "coordinates": [ 120.25, 22.616666666666667 ] } },
{ "type": "Feature", "properties": { "Month": "January", "Day": 9, "Year": 1945, "Name of Vessel": "HISAGAWA MARU", "Type of Vessel": "Cargo", "Standard T": "6886", "Latitude": "23-04N", "Longitude": "119-57E", "Flag of Aggressor": "United States", "Type of Aggression": "Navy Carrier-Based Aircraft", "Assessment": "Sunk", "URL": null }, "geometry": { "type": "Point", "coordinates": [ 119.95, 23.066666666666666 ] } },
{ "type": "Feature", "properties": { "Month": "January", "Day": 9, "Year": 1945, "Name of Vessel": "KAIHO MARU", "Type of Vessel": "Tanker", "Standard T": "10239", "Latitude": "22-47N", "Longitude": "120-11E", "Flag of Aggressor": "United States", "Type of Aggression": "Navy Carrier-Based Aircraft", "Assessment": "Sunk", "URL": null }, "geometry": { "type": "Point", "coordinates": [ 120.183333333333337, 22.783333333333335 ] } },
{ "type": "Feature", "properties": { "Month": "January", "Day": 9, "Year": 1945, "Name of Vessel": "NANSHIN MARU NO 4", "Type of Vessel": "Tanker", "Standard T": "834", "Latitude": "22-37N", "Longitude": "120-15E", "Flag of Aggressor": "United States", "Type of Aggression": "Navy Carrier-Based Aircraft", "Assessment": "Sunk", "URL": null }, "geometry": { "type": "Point", "coordinates": [ 120.25, 22.616666666666667 ] } },
{ "type": "Feature", "properties": { "Month": "January", "Day": 12, "Year": 1945, "Name of Vessel": "AKASHI MARU", "Type of Vessel": "Tanker", "Standard T": "10045", "Latitude": "10-20N", "Longitude": "107-05E", "Flag of Aggressor": "United States", "Type of Aggression": "Navy Carrier-Based Aircraft", "Assessment": "Sunk", "URL": null }, "geometry": { "type": "Point", "coordinates": [ 107.083333333333329, 10.333333333333334 ] } },
{ "type": "Feature", "properties": { "Month": "January", "Day": 12, "Year": 1945, "Name of Vessel": "AYANAMI MARU", "Type of Vessel": "Tanker", "Standard T": "2864", "Latitude": "10-46N", "Longitude": "106-42E", "Flag of Aggressor": "United States", "Type of Aggression": "Navy Carrier-Based Aircraft", "Assessment": "Sunk", "URL": null }, "geometry": { "type": "Point", "coordinates": [ 106.7, 10.766666666666667 ] } },
{ "type": "Feature", "properties": { "Month": "January", "Day": 12, "Year": 1945, "Name of Vessel": "AYAYUKI MARU", "Type of Vessel": "Tanker", "Standard T": "2854", "Latitude": "11-10N", "Longitude": "108-55E", "Flag of Aggressor": "United States", "Type of Aggression": "Navy Carrier-Based Aircraft", "Assessment": "Sunk", "URL": null }, "geometry": { "type": "Point", "coordinates": [ 108.916666666666671, 11.166666666666666 ] } },
{ "type": "Feature", "properties": { "Month": "January", "Day": 12, "Year": 1945, "Name of Vessel": "BANSHU MARU NO. 63", "Type of Vessel": "Tanker", "Standard T": "533", "Latitude": "14-15N", "Longitude": "109-10E", "Flag of Aggressor": "United States", "Type of Aggression": "Navy Carrier-Based Aircraft", "Assessment": "Sunk", "URL": null }, "geometry": { "type": "Point", "coordinates": [ 109.166666666666671, 14.25 ] } },
{ "type": "Feature", "properties": { "Month": "January", "Day": 12, "Year": 1945, "Name of Vessel": "CHEFO MARU", "Type of Vessel": "Passenger-Cargo", "Standard T": "3218", "Latitude": "10-46N", "Longitude": "106-42E", "Flag of Aggressor": "United States", "Type of Aggression": "Navy Carrier-Based Aircraft", "Assessment": "Sunk", "URL": null }, "geometry": { "type": "Point", "coordinates": [ 106.7, 10.766666666666667 ] } },
{ "type": "Feature", "properties": { "Month": "January", "Day": 12, "Year": 1945, "Name of Vessel": "DAIKYU MARU", "Type of Vessel": "Cargo", "Standard T": "1517", "Latitude": "14-15N", "Longitude": "109-10E", "Flag of Aggressor": "United States", "Type of Aggression": "Navy Carrier-Based Aircraft", "Assessment": "Sunk", "URL": null }, "geometry": { "type": "Point", "coordinates": [ 109.166666666666671, 14.25 ] } },
{ "type": "Feature", "properties": { "Month": "January", "Day": 12, "Year": 1945, "Name of Vessel": "EIHO MARU", "Type of Vessel": "Tanker", "Standard T": "5209", "Latitude": "11-10N", "Longitude": "108-55E", "Flag of Aggressor": "United States", "Type of Aggression": "Navy Carrier-Based Aircraft", "Assessment": "Sunk", "URL": null }, "geometry": { "type": "Point", "coordinates": [ 108.916666666666671, 11.166666666666666 ] } },
{ "type": "Feature", "properties": { "Month": "January", "Day": 12, "Year": 1945, "Name of Vessel": "EIMAN MARU", "Type of Vessel": "Tanker", "Standard T": "6968", "Latitude": "14-15N", "Longitude": "109-10E", "Flag of Aggressor": "United States", "Type of Aggression": "Navy Carrier-Based Aircraft", "Assessment": "Sunk", "URL": null }, "geometry": { "type": "Point", "coordinates": [ 109.166666666666671, 14.25 ] } },
{ "type": "Feature", "properties": { "Month": "January", "Day": 12, "Year": 1945, "Name of Vessel": "FRANCE MARU", "Type of Vessel": "Passenger-Cargo", "Standard T": "5828", "Latitude": "9-10N", "Longitude": "107-00E", "Flag of Aggressor": "United States", "Type of Aggression": "Navy Carrier-Based Aircraft", "Assessment": "Sunk", "URL": null }, "geometry": { "type": "Point", "coordinates": [ 107.0, 9.166666666666666 ] } },
{ "type": "Feature", "properties": { "Month": "January", "Day": 12, "Year": 1945, "Name of Vessel": "HORAI MARU NO 9", "Type of Vessel": "Tanker", "Standard T": "834", "Latitude": "14-15N", "Longitude": "109-10E", "Flag of Aggressor": "United States", "Type of Aggression": "Navy Carrier-Based Aircraft", "Assessment": "Sunk", "URL": null }, "geometry": { "type": "Point", "coordinates": [ 109.166666666666671, 14.25 ] } },
{ "type": "Feature", "properties": { "Month": "January", "Day": 12, "Year": 1945, "Name of Vessel": "IKUTAGAWA MARU", "Type of Vessel": "Cargo", "Standard T": "4013", "Latitude": "10-46N", "Longitude": "106-42E", "Flag of Aggressor": "United States", "Type of Aggression": "Navy Carrier-Based Aircraft", "Assessment": "Sunk", "URL": null }, "geometry": { "type": "Point", "coordinates": [ 106.7, 10.766666666666667 ] } },
{ "type": "Feature", "properties": { "Month": "January", "Day": 12, "Year": 1945, "Name of Vessel": "KANJU MARU", "Type of Vessel": "Transport", "Standard T": "7267", "Latitude": "10-46N", "Longitude": "106-42E", "Flag of Aggressor": "United States", "Type of Aggression": "Navy Carrier-Based Aircraft", "Assessment": "Sunk", "URL": null }, "geometry": { "type": "Point", "coordinates": [ 106.7, 10.766666666666667 ] } },
{ "type": "Feature", "properties": { "Month": "January", "Day": 12, "Year": 1945, "Name of Vessel": "KENEI MARU", "Type of Vessel": "Cargo", "Standard T": "4815", "Latitude": "10-46N", "Longitude": "106-42E", "Flag of Aggressor": "United States", "Type of Aggression": "Navy Carrier-Based Aircraft", "Assessment": "Sunk", "URL": null }, "geometry": { "type": "Point", "coordinates": [ 106.7, 10.766666666666667 ] } },
{ "type": "Feature", "properties": { "Month": "January", "Day": 12, "Year": 1945, "Name of Vessel": "KENSEI MARU", "Type of Vessel": "Cargo", "Standard T": "4646", "Latitude": "11-10N", "Longitude": "108-55E", "Flag of Aggressor": "United States", "Type of Aggression": "Navy Carrier-Based Aircraft", "Assessment": "Sunk", "URL": null }, "geometry": { "type": "Point", "coordinates": [ 108.916666666666671, 11.166666666666666 ] } },
{ "type": "Feature", "properties": { "Month": "January", "Day": 12, "Year": 1945, "Name of Vessel": "KIYO MARU", "Type of Vessel": "Passenger-Cargo", "Standard T": "4428", "Latitude": "10-46N", "Longitude": "106-42E", "Flag of Aggressor": "United States", "Type of Aggression": "Navy Carrier-Based Aircraft", "Assessment": "Sunk", "URL": null }, "geometry": { "type": "Point", "coordinates": [ 106.7, 10.766666666666667 ] } },
{ "type": "Feature", "properties": { "Month": "January", "Day": 12, "Year": 1945, "Name of Vessel": "KOSHIN MARU", "Type of Vessel": "Tanker", "Standard T": "2855", "Latitude": "11-10N", "Longitude": "108-55E", "Flag of Aggressor": "United States", "Type of Aggression": "Navy Carrier-Based Aircraft", "Assessment": "Sunk", "URL": null }, "geometry": { "type": "Point", "coordinates": [ 108.916666666666671, 11.166666666666666 ] } },
{ "type": "Feature", "properties": { "Month": "January", "Day": 12, "Year": 1945, "Name of Vessel": "OTSUYAMA MARU", "Type of Vessel": "Cargo", "Standard T": "6857", "Latitude": "14-15N", "Longitude": "109-10E", "Flag of Aggressor": "United States", "Type of Aggression": "Navy Carrier-Based Aircraft", "Assessment": "Sunk", "URL": null }, "geometry": { "type": "Point", "coordinates": [ 109.166666666666671, 14.25 ] } },
{ "type": "Feature", "properties": { "Month": "January", "Day": 12, "Year": 1945, "Name of Vessel": "RYUSHO MARU", "Type of Vessel": "Tanker", "Standard T": "2863", "Latitude": "14-15N", "Longitude": "109-10E", "Flag of Aggressor": "United States", "Type of Aggression": "Navy Carrier-Based Aircraft", "Assessment": "Sunk", "URL": null }, "geometry": { "type": "Point", "coordinates": [ 109.166666666666671, 14.25 ] } },
{ "type": "Feature", "properties": { "Month": "January", "Day": 12, "Year": 1945, "Name of Vessel": "SAN LUIS MARU", "Type of Vessel": "Tanker", "Standard T": "7268", "Latitude": "14-15N", "Longitude": "109-10E", "Flag of Aggressor": "United States", "Type of Aggression": "Navy Carrier-Based Aircraft", "Assessment": "Sunk", "URL": null }, "geometry": { "type": "Point", "coordinates": [ 109.166666666666671, 14.25 ] } },
{ "type": "Feature", "properties": { "Month": "January", "Day": 12, "Year": 1945, "Name of Vessel": "NANRYU MARU NO 2", "Type of Vessel": "Tanker", "Standard T": "834", "Latitude": "14-15N", "Longitude": "109-10E", "Flag of Aggressor": "United States", "Type of Aggression": "Navy Carrier-Based Aircraft", "Assessment": "Sunk", "URL": null }, "geometry": { "type": "Point", "coordinates": [ 109.166666666666671, 14.25 ] } },
{ "type": "Feature", "properties": { "Month": "January", "Day": 12, "Year": 1945, "Name of Vessel": "KUMAGAWA MARU", "Type of Vessel": "Passenger-Cargo", "Standard T": "7508", "Latitude": "10-20N", "Longitude": "107-05E", "Flag of Aggressor": "United States", "Type of Aggression": "Navy Carrier-Based Aircraft", "Assessment": "Sunk", "URL": null }, "geometry": { "type": "Point", "coordinates": [ 107.083333333333329, 10.333333333333334 ] } },
{ "type": "Feature", "properties": { "Month": "January", "Day": 12, "Year": 1945, "Name of Vessel": "KYOEI MARU NO 7", "Type of Vessel": "Cargo", "Standard T": "1160", "Latitude": "9-24N", "Longitude": "106-48E", "Flag of Aggressor": "United States", "Type of Aggression": "Navy Carrier-Based Aircraft", "Assessment": "Sunk", "URL": null }, "geometry": { "type": "Point", "coordinates": [ 106.8, 9.4 ] } },
{ "type": "Feature", "properties": { "Month": "January", "Day": 12, "Year": 1945, "Name of Vessel": "KYOKUUN MARU", "Type of Vessel": "Tanker", "Standard T": "10045", "Latitude": "14-15N", "Longitude": "109-10E", "Flag of Aggressor": "United States", "Type of Aggression": "Navy Carrier-Based Aircraft", "Assessment": "Sunk", "URL": null }, "geometry": { "type": "Point", "coordinates": [ 109.166666666666671, 14.25 ] } },
{ "type": "Feature", "properties": { "Month": "January", "Day": 12, "Year": 1945, "Name of Vessel": "TOYU MARU", "Type of Vessel": "Cargo", "Standard T": "4532", "Latitude": "11-10N", "Longitude": "108-55E", "Flag of Aggressor": "United States", "Type of Aggression": "Navy Carrier-Based Aircraft", "Assessment": "Sunk", "URL": null }, "geometry": { "type": "Point", "coordinates": [ 108.916666666666671, 11.166666666666666 ] } },
{ "type": "Feature", "properties": { "Month": "January", "Day": 12, "Year": 1945, "Name of Vessel": "YOSHU MARU", "Type of Vessel": "Cargo", "Standard T": "5711", "Latitude": "14-15N", "Longitude": "109-10E", "Flag of Aggressor": "United States", "Type of Aggression": "Navy Carrier-Based Aircraft", "Assessment": "Sunk", "URL": null }, "geometry": { "type": "Point", "coordinates": [ 109.166666666666671, 14.25 ] } },
{ "type": "Feature", "properties": { "Month": "January", "Day": 12, "Year": 1945, "Name of Vessel": "YUSEI MARU", "Type of Vessel": "Cargo", "Standard T": "600", "Latitude": "14-15N", "Longitude": "109-10E", "Flag of Aggressor": "United States", "Type of Aggression": "Navy Carrier-Based Aircraft", "Assessment": "Sunk", "URL": null }, "geometry": { "type": "Point", "coordinates": [ 109.166666666666671, 14.25 ] } },
{ "type": "Feature", "properties": { "Month": "January", "Day": 12, "Year": 1945, "Name of Vessel": "TATEBE MARU", "Type of Vessel": "Cargo", "Standard T": "4519", "Latitude": "14-15N", "Longitude": "109-10E", "Flag of Aggressor": "United States", "Type of Aggression": "Navy Carrier-Based Aircraft", "Assessment": "Sunk", "URL": null }, "geometry": { "type": "Point", "coordinates": [ 109.166666666666671, 14.25 ] } },
{ "type": "Feature", "properties": { "Month": "January", "Day": 12, "Year": 1945, "Name of Vessel": "TATSUBATO MARU", "Type of Vessel": "Cargo", "Standard T": "5396", "Latitude": "14-15N", "Longitude": "109-10E", "Flag of Aggressor": "United States", "Type of Aggression": "Navy Carrier-Based Aircraft", "Assessment": "Sunk", "URL": null }, "geometry": { "type": "Point", "coordinates": [ 109.166666666666671, 14.25 ] } },
{ "type": "Feature", "properties": { "Month": "January", "Day": 12, "Year": 1945, "Name of Vessel": "SHINGI MARU", "Type of Vessel": "Cargo", "Standard T": "6888", "Latitude": "9-10N", "Longitude": "107-00E", "Flag of Aggressor": "United States", "Type of Aggression": "Navy Carrier-Based Aircraft", "Assessment": "Sunk", "URL": null }, "geometry": { "type": "Point", "coordinates": [ 107.0, 9.166666666666666 ] } },
{ "type": "Feature", "properties": { "Month": "January", "Day": 12, "Year": 1945, "Name of Vessel": "SHINSEI MARU", "Type of Vessel": "Cargo", "Standard T": "2880", "Latitude": "10-20N", "Longitude": "107-05E", "Flag of Aggressor": "United States", "Type of Aggression": "Navy Carrier-Based Aircraft", "Assessment": "Sunk", "URL": null }, "geometry": { "type": "Point", "coordinates": [ 107.083333333333329, 10.333333333333334 ] } },
{ "type": "Feature", "properties": { "Month": "January", "Day": 12, "Year": 1945, "Name of Vessel": "SHINSEI MARU NO 17", "Type of Vessel": "Passenger-Cargo", "Standard T": "2556", "Latitude": "10-46N", "Longitude": "106-42E", "Flag of Aggressor": "United States", "Type of Aggression": "Navy Carrier-Based Aircraft", "Assessment": "Sunk", "URL": null }, "geometry": { "type": "Point", "coordinates": [ 106.7, 10.766666666666667 ] } },
{ "type": "Feature", "properties": { "Month": "January", "Day": 12, "Year": 1945, "Name of Vessel": "SHOEI MARU", "Type of Vessel": "Cargo", "Standard T": "2764", "Latitude": "14-15N", "Longitude": "109-10E", "Flag of Aggressor": "United States", "Type of Aggression": "Navy Carrier-Based Aircraft", "Assessment": "Sunk", "URL": null }, "geometry": { "type": "Point", "coordinates": [ 109.166666666666671, 14.25 ] } },
{ "type": "Feature", "properties": { "Month": "January", "Day": 12, "Year": 1945, "Name of Vessel": "TAIPOSEK", "Type of Vessel": "Cargo", "Standard T": "1960", "Latitude": "10-46N", "Longitude": "106-42E", "Flag of Aggressor": "United States", "Type of Aggression": "Navy Carrier-Based Aircraft", "Assessment": "Sunk", "URL": null }, "geometry": { "type": "Point", "coordinates": [ 106.7, 10.766666666666667 ] } },
{ "type": "Feature", "properties": { "Month": "January", "Day": 14, "Year": 1945, "Name of Vessel": "AKATSUKI MARU", "Type of Vessel": "Cargo", "Standard T": "910", "Latitude": "29-00N", "Longitude": "116-00E", "Flag of Aggressor": "United States", "Type of Aggression": "Navy Carrier-Based Aircraft", "Assessment": "Sunk", "URL": null }, "geometry": { "type": "Point", "coordinates": [ 116.0, 29.0 ] } },
{ "type": "Feature", "properties": { "Month": "January", "Day": 15, "Year": 1945, "Name of Vessel": "MIRII MARU", "Type of Vessel": "Tanker", "Standard T": "10564", "Latitude": "22-45N", "Longitude": "120-15E", "Flag of Aggressor": "United States", "Type of Aggression": "Navy Carrier-Based Aircraft", "Assessment": "Sunk", "URL": null }, "geometry": { "type": "Point", "coordinates": [ 120.25, 22.75 ] } },
{ "type": "Feature", "properties": { "Month": "January", "Day": 16, "Year": 1945, "Name of Vessel": "DOSEI MARU", "Type of Vessel": "Cargo", "Standard T": "10893", "Latitude": "22-20N", "Longitude": "114-10E", "Flag of Aggressor": "United States", "Type of Aggression": "Navy Carrier-Based Aircraft", "Assessment": "Sunk", "URL": null }, "geometry": { "type": "Point", "coordinates": [ 114.166666666666671, 22.333333333333332 ] } },
{ "type": "Feature", "properties": { "Month": "January", "Day": 16, "Year": 1945, "Name of Vessel": "ANRI GO NO 2", "Type of Vessel": "Cargo", "Standard T": "1026", "Latitude": "22-20N", "Longitude": "114-10E", "Flag of Aggressor": "United States", "Type of Aggression": "Navy Carrier-Based Aircraft", "Assessment": "Sunk", "URL": null }, "geometry": { "type": "Point", "coordinates": [ 114.166666666666671, 22.333333333333332 ] } },
{ "type": "Feature", "properties": { "Month": "January", "Day": 16, "Year": 1945, "Name of Vessel": "HARIMA MARU", "Type of Vessel": "Tanker", "Standard T": "10045", "Latitude": "18-11N", "Longitude": "109-33E", "Flag of Aggressor": "United States", "Type of Aggression": "Navy Carrier-Based Aircraft", "Assessment": "Sunk", "URL": null }, "geometry": { "type": "Point", "coordinates": [ 109.55, 18.183333333333334 ] } },
{ "type": "Feature", "properties": { "Month": "January", "Day": 16, "Year": 1945, "Name of Vessel": "SANKO MARU", "Type of Vessel": "Tanker", "Standard T": "5948", "Latitude": "22-20N", "Longitude": "114-10E", "Flag of Aggressor": "United States", "Type of Aggression": "Navy Carrier-Based Aircraft", "Assessment": "Sunk", "URL": null }, "geometry": { "type": "Point", "coordinates": [ 114.166666666666671, 22.333333333333332 ] } },
{ "type": "Feature", "properties": { "Month": "January", "Day": 16, "Year": 1945, "Name of Vessel": "MATSUSHIMA MARU", "Type of Vessel": "Tanker", "Standard T": "10488", "Latitude": "22-20N", "Longitude": "114-10E", "Flag of Aggressor": "United States", "Type of Aggression": "Navy Carrier-Based Aircraft", "Assessment": "Sunk", "URL": null }, "geometry": { "type": "Point", "coordinates": [ 114.166666666666671, 22.333333333333332 ] } },
{ "type": "Feature", "properties": { "Month": "January", "Day": 16, "Year": 1945, "Name of Vessel": "TENEI MARU", "Type of Vessel": "Tanker", "Standard T": "10241", "Latitude": "22-20N", "Longitude": "114-10E", "Flag of Aggressor": "United States", "Type of Aggression": "Navy Carrier-Based Aircraft", "Assessment": "Sunk", "URL": null }, "geometry": { "type": "Point", "coordinates": [ 114.166666666666671, 22.333333333333332 ] } },
{ "type": "Feature", "properties": { "Month": "January", "Day": 18, "Year": 1945, "Name of Vessel": "REIZAN MARU", "Type of Vessel": "Passenger-Cargo", "Standard T": "3426", "Latitude": "30-11N", "Longitude": "115-07E", "Flag of Aggressor": "United States", "Type of Aggression": "Army Mine", "Assessment": "Sunk", "URL": null }, "geometry": { "type": "Point", "coordinates": [ 115.11666666666666, 30.183333333333334 ] } },
{ "type": "Feature", "properties": { "Month": "January", "Day": 20, "Year": 1945, "Name of Vessel": "SHURI MARU", "Type of Vessel": "Motor Torpedo Boat Tender", "Standard T": "1857", "Latitude": "33-37N", "Longitude": "128-40E", "Flag of Aggressor": "United States", "Type of Aggression": "Submarine", "Assessment": "Sunk", "URL": null }, "geometry": { "type": "Point", "coordinates": [ 128.666666666666657, 33.616666666666667 ] } },
{ "type": "Feature", "properties": { "Month": "January", "Day": 21, "Year": 1945, "Name of Vessel": "HARUTA MARU", "Type of Vessel": "Cargo", "Standard T": "1500", "Latitude": "22-20N", "Longitude": "114-10E", "Flag of Aggressor": "United States", "Type of Aggression": "Army Aircraft", "Assessment": "Sunk", "URL": null }, "geometry": { "type": "Point", "coordinates": [ 114.166666666666671, 22.333333333333332 ] } },
{ "type": "Feature", "properties": { "Month": "January", "Day": 21, "Year": 1945, "Name of Vessel": "EIHO MARU", "Type of Vessel": "Tanker", "Standard T": "5068", "Latitude": "22-37N", "Longitude": "120-15E", "Flag of Aggressor": "United States", "Type of Aggression": "Navy Carrier-Based Aircraft", "Assessment": "Sunk", "URL": null }, "geometry": { "type": "Point", "coordinates": [ 120.25, 22.616666666666667 ] } },
{ "type": "Feature", "properties": { "Month": "January", "Day": 21, "Year": 1945, "Name of Vessel": "HOEI MARU NO 3", "Type of Vessel": "Tanker", "Standard T": "865", "Latitude": "22-37N", "Longitude": "120-15E", "Flag of Aggressor": "United States", "Type of Aggression": "Navy Carrier-Based Aircraft", "Assessment": "Sunk", "URL": null }, "geometry": { "type": "Point", "coordinates": [ 120.25, 22.616666666666667 ] } },
{ "type": "Feature", "properties": { "Month": "January", "Day": 21, "Year": 1945, "Name of Vessel": "MUNAKATA MARU", "Type of Vessel": "Tanker", "Standard T": "10045", "Latitude": "25-09N", "Longitude": "121-45E", "Flag of Aggressor": "United States", "Type of Aggression": "Navy Carrier-Based Aircraft", "Assessment": "Sunk", "URL": null }, "geometry": { "type": "Point", "coordinates": [ 121.75, 25.15 ] } },
{ "type": "Feature", "properties": { "Month": "January", "Day": 21, "Year": 1945, "Name of Vessel": "NICHIYU MARU NO 2", "Type of Vessel": "Cargo", "Standard T": "6859", "Latitude": "22-37N", "Longitude": "120-15E", "Flag of Aggressor": "United States", "Type of Aggression": "Navy Carrier-Based Aircraft", "Assessment": "Sunk", "URL": null }, "geometry": { "type": "Point", "coordinates": [ 120.25, 22.616666666666667 ] } },
{ "type": "Feature", "properties": { "Month": "January", "Day": 21, "Year": 1945, "Name of Vessel": "MANJU MARU", "Type of Vessel": "Tanker", "Standard T": "6515", "Latitude": "22-37N", "Longitude": "120-15E", "Flag of Aggressor": "United States", "Type of Aggression": "Navy Carrier-Based Aircraft", "Assessment": "Sunk", "URL": null }, "geometry": { "type": "Point", "coordinates": [ 120.25, 22.616666666666667 ] } },
{ "type": "Feature", "properties": { "Month": "January", "Day": 21, "Year": 1945, "Name of Vessel": "KUROSHIO MARU", "Type of Vessel": "Tanker", "Standard T": "10518", "Latitude": "22-37N", "Longitude": "120-15E", "Flag of Aggressor": "United States", "Type of Aggression": "Navy Carrier-Based Aircraft", "Assessment": "Sunk", "URL": null }, "geometry": { "type": "Point", "coordinates": [ 120.25, 22.616666666666667 ] } },
{ "type": "Feature", "properties": { "Month": "January", "Day": 21, "Year": 1945, "Name of Vessel": "YAMAZAWA MARU", "Type of Vessel": "Cargo", "Standard T": "6889", "Latitude": "22-37N", "Longitude": "120-15E", "Flag of Aggressor": "United States", "Type of Aggression": "Navy Carrier-Based Aircraft", "Assessment": "Sunk", "URL": null }, "geometry": { "type": "Point", "coordinates": [ 120.25, 22.616666666666667 ] } },
{ "type": "Feature", "properties": { "Month": "January", "Day": 21, "Year": 1945, "Name of Vessel": "TEIFU MARU", "Type of Vessel": "Passenger-Cargo", "Standard T": "7110", "Latitude": "22-37N", "Longitude": "121-15E", "Flag of Aggressor": "United States", "Type of Aggression": "Navy Carrier-Based Aircraft", "Assessment": "Sunk", "URL": null }, "geometry": { "type": "Point", "coordinates": [ 121.25, 22.616666666666667 ] } },
{ "type": "Feature", "properties": { "Month": "January", "Day": 21, "Year": 1945, "Name of Vessel": "SHINCHO MARU", "Type of Vessel": "Tanker", "Standard T": "5135", "Latitude": "22-37N", "Longitude": "120-15E", "Flag of Aggressor": "United States", "Type of Aggression": "Navy Carrier-Based Aircraft", "Assessment": "Sunk", "URL": null }, "geometry": { "type": "Point", "coordinates": [ 120.25, 22.616666666666667 ] } },
{ "type": "Feature", "properties": { "Month": "January", "Day": 22, "Year": 1945, "Name of Vessel": "HIKOSAN MARU", "Type of Vessel": "Cargo", "Standard T": "2073", "Latitude": "26-39N", "Longitude": "127-53E", "Flag of Aggressor": "United States", "Type of Aggression": "Navy Carrier-Based Aircraft", "Assessment": "Sunk", "URL": null }, "geometry": { "type": "Point", "coordinates": [ 127.88333333333334, 26.65 ] } },
{ "type": "Feature", "properties": { "Month": "January", "Day": 23, "Year": 1945, "Name of Vessel": "HOZAN MARU NO 1", "Type of Vessel": "Tanker", "Standard T": "868", "Latitude": "4-08N", "Longitude": "98-15E", "Flag of Aggressor": "Great Britain", "Type of Aggression": "Mine", "Assessment": "Sunk", "URL": null }, "geometry": { "type": "Point", "coordinates": [ 98.25, 4.133333333333334 ] } },
{ "type": "Feature", "properties": { "Month": "January", "Day": 23, "Year": 1945, "Name of Vessel": "NIKKAKU MARU", "Type of Vessel": "Cargo", "Standard T": "1946", "Latitude": "4-08N", "Longitude": "98-15E", "Flag of Aggressor": "Great Britain", "Type of Aggression": "Mine", "Assessment": "Sunk", "URL": null }, "geometry": { "type": "Point", "coordinates": [ 98.25, 4.133333333333334 ] } },
{ "type": "Feature", "properties": { "Month": "January", "Day": 23, "Year": 1945, "Name of Vessel": "TAIKYO MARU", "Type of Vessel": "Cargo", "Standard T": "5244", "Latitude": "27-04N", "Longitude": "120-27E", "Flag of Aggressor": "United States", "Type of Aggression": "Submarine", "Assessment": "Sunk", "URL": null }, "geometry": { "type": "Point", "coordinates": [ 120.45, 27.066666666666666 ] } },
{ "type": "Feature", "properties": { "Month": "January", "Day": 24, "Year": 1945, "Name of Vessel": "YONEYAMA MARU NO 1", "Type of Vessel": "Cargo", "Standard T": "584", "Latitude": "24-50N", "Longitude": "141-22E", "Flag of Aggressor": "United States", "Type of Aggression": "Surface Craft", "Assessment": "Sunk", "URL": null }, "geometry": { "type": "Point", "coordinates": [ 141.366666666666674, 24.833333333333332 ] } },
{ "type": "Feature", "properties": { "Month": "January", "Day": 24, "Year": 1945, "Name of Vessel": "TAIMAN MARU NO 1", "Type of Vessel": "Cargo", "Standard T": "6888", "Latitude": "36-47N", "Longitude": "123-59E", "Flag of Aggressor": "United States", "Type of Aggression": "Submarine", "Assessment": "Sunk", "URL": null }, "geometry": { "type": "Point", "coordinates": [ 123.983333333333334, 36.783333333333331 ] } },
{ "type": "Feature", "properties": { "Month": "January", "Day": 25, "Year": 1945, "Name of Vessel": "BEIJU MARU", "Type of Vessel": "Converted Water Carrier", "Standard T": "539", "Latitude": "25-09N", "Longitude": "121-45E", "Flag of Aggressor": "United States", "Type of Aggression": "Navy Land-Based Aircraft", "Assessment": "Sunk", "URL": null }, "geometry": { "type": "Point", "coordinates": [ 121.75, 25.15 ] } },
{ "type": "Feature", "properties": { "Month": "January", "Day": 25, "Year": 1945, "Name of Vessel": "MALAY MARU", "Type of Vessel": "Cargo", "Standard T": "4556", "Latitude": "31-18N", "Longitude": "130-08E", "Flag of Aggressor": "United States", "Type of Aggression": "Submarine", "Assessment": "Sunk", "URL": null }, "geometry": { "type": "Point", "coordinates": [ 130.133333333333326, 31.3 ] } },
{ "type": "Feature", "properties": { "Month": "January", "Day": 26, "Year": 1945, "Name of Vessel": "TAMON MARU NO 15", "Type of Vessel": "Cargo", "Standard T": "6925", "Latitude": "13-34N", "Longitude": "109-17E", "Flag of Aggressor": "United States", "Type of Aggression": "Army Mine", "Assessment": "Sunk", "URL": null }, "geometry": { "type": "Point", "coordinates": [ 109.283333333333331, 13.566666666666666 ] } },
{ "type": "Feature", "properties": { "Month": "January", "Day": 27, "Year": 1945, "Name of Vessel": "HSIN YANG MARU", "Type of Vessel": "Cargo", "Standard T": "1674", "Latitude": "29-40N", "Longitude": "115-52E", "Flag of Aggressor": "United States", "Type of Aggression": "Army Mine", "Assessment": "Sunk", "URL": null }, "geometry": { "type": "Point", "coordinates": [ 115.86666666666666, 29.666666666666668 ] } },
{ "type": "Feature", "properties": { "Month": "January", "Day": 27, "Year": 1945, "Name of Vessel": "RYUZAN MARU", "Type of Vessel": "Passenger-Cargo", "Standard T": "2482", "Latitude": "29-46N", "Longitude": "116-52E", "Flag of Aggressor": "United States", "Type of Aggression": "Army Mine", "Assessment": "Sunk", "URL": null }, "geometry": { "type": "Point", "coordinates": [ 116.86666666666666, 29.766666666666666 ] } },
{ "type": "Feature", "properties": { "Month": "January", "Day": 28, "Year": 1945, "Name of Vessel": "SANUKI MARU", "Type of Vessel": "Converted Seaplane Tender", "Standard T": "7158", "Latitude": "33-56N", "Longitude": "123-06E", "Flag of Aggressor": "United States", "Type of Aggression": "Submarine", "Assessment": "Sunk", "URL": null }, "geometry": { "type": "Point", "coordinates": [ 123.1, 33.93333333333333 ] } },
{ "type": "Feature", "properties": { "Month": "January", "Day": 29, "Year": 1945, "Name of Vessel": "CLYDE MARU", "Type of Vessel": "Passenger-Cargo", "Standard T": "5497", "Latitude": "25-33N", "Longitude": "120-54E", "Flag of Aggressor": "United States", "Type of Aggression": "Submarine", "Assessment": "Sunk", "URL": null }, "geometry": { "type": "Point", "coordinates": [ 120.9, 25.55 ] } },
{ "type": "Feature", "properties": { "Month": "January", "Day": 30, "Year": 1945, "Name of Vessel": "ISSEI MARU", "Type of Vessel": "Passenger-Cargo", "Standard T": "1864", "Latitude": "33-30N", "Longitude": "135-31E", "Flag of Aggressor": "United States", "Type of Aggression": "Submarine", "Assessment": "Sunk", "URL": null }, "geometry": { "type": "Point", "coordinates": [ 135.51666666666668, 33.5 ] } },
{ "type": "Feature", "properties": { "Month": "January", "Day": 31, "Year": 1945, "Name of Vessel": "TAIETSU MARU", "Type of Vessel": "Cargo", "Standard T": "6890", "Latitude": "14-55N", "Longitude": "109-01E", "Flag of Aggressor": "United States", "Type of Aggression": "Army Aircraft, Submarine", "Assessment": "Sunk", "URL": null }, "geometry": { "type": "Point", "coordinates": [ 109.016666666666666, 14.916666666666666 ] } },
{ "type": "Feature", "properties": { "Month": "January", "Day": 31, "Year": 1945, "Name of Vessel": "ENKI MARU", "Type of Vessel": "Cargo", "Standard T": "6968", "Latitude": "14-55N", "Longitude": "109-01E", "Flag of Aggressor": "United States", "Type of Aggression": "Submarine", "Assessment": "Sunk", "URL": null }, "geometry": { "type": "Point", "coordinates": [ 109.016666666666666, 14.916666666666666 ] } },
{ "type": "Feature", "properties": { "Month": "February", "Day": 1, "Year": 1945, "Name of Vessel": "SHIRETOKO", "Type of Vessel": "Tanker", "Standard T": "6500", "Latitude": "1-20N", "Longitude": "109-50E", "Flag of Aggressor": "United States", "Type of Aggression": "Army Aircraft", "Assessment": "Sunk", "URL": null }, "geometry": { "type": "Point", "coordinates": [ 109.833333333333329, 1.333333333333333 ] } },
{ "type": "Feature", "properties": { "Month": "February", "Day": 1, "Year": 1945, "Name of Vessel": "NISSHO MARU NO 16", "Type of Vessel": "Converted Submarine Chaser", "Standard T": "1173", "Latitude": "35-00N", "Longitude": "125-00E", "Flag of Aggressor": "Japan", "Type of Aggression": "Mine", "Assessment": "Sunk", "URL": null }, "geometry": { "type": "Point", "coordinates": [ 125.0, 35.0 ] } },
{ "type": "Feature", "properties": { "Month": "February", "Day": 2, "Year": 1945, "Name of Vessel": "NANSHIN MARU NO 19", "Type of Vessel": "Tanker", "Standard T": "834", "Latitude": "5-40N", "Longitude": "103-17E", "Flag of Aggressor": "United States", "Type of Aggression": "Submarine", "Assessment": "Sunk", "URL": null }, "geometry": { "type": "Point", "coordinates": [ 103.283333333333331, 5.666666666666667 ] } },
{ "type": "Feature", "properties": { "Month": "February", "Day": 3, "Year": 1945, "Name of Vessel": "NANRYU MARU NO 3", "Type of Vessel": "Tanker", "Standard T": "834", "Latitude": "24-28N", "Longitude": "118-13E", "Flag of Aggressor": "United States", "Type of Aggression": "Navy Land-Based Aircraft", "Assessment": "Sunk", "URL": null }, "geometry": { "type": "Point", "coordinates": [ 118.216666666666669, 24.466666666666665 ] } },
{ "type": "Feature", "properties": { "Month": "February", "Day": 4, "Year": 1945, "Name of Vessel": "TAIRAI MARU", "Type of Vessel": "Passenger-Cargo", "Standard T": "4273", "Latitude": "37-18N", "Longitude": "125-22E", "Flag of Aggressor": "United States", "Type of Aggression": "Submarine", "Assessment": "Sunk", "URL": null }, "geometry": { "type": "Point", "coordinates": [ 125.36666666666666, 37.3 ] } },
{ "type": "Feature", "properties": { "Month": "February", "Day": 6, "Year": 1945, "Name of Vessel": "KINYU MARU NO 3", "Type of Vessel": "Cargo", "Standard T": "834", "Latitude": "12-50N", "Longitude": "109-23E", "Flag of Aggressor": "United States", "Type of Aggression": "Army Aircraft", "Assessment": "Sunk", "URL": null }, "geometry": { "type": "Point", "coordinates": [ 109.38333333333334, 12.833333333333334 ] } },
{ "type": "Feature", "properties": { "Month": "February", "Day": 6, "Year": 1945, "Name of Vessel": "OEI MARU", "Type of Vessel": "Tanker", "Standard T": "2858", "Latitude": "1-00N", "Longitude": "103-36E", "Flag of Aggressor": "United States", "Type of Aggression": "Army Mine", "Assessment": "Sunk", "URL": null }, "geometry": { "type": "Point", "coordinates": [ 103.6, 1.0 ] } },
{ "type": "Feature", "properties": { "Month": "February", "Day": 6, "Year": 1945, "Name of Vessel": "ENGEN MARU", "Type of Vessel": "Cargo", "Standard T": "6968", "Latitude": "6-29N", "Longitude": "106-11E", "Flag of Aggressor": "United States", "Type of Aggression": "Submarine", "Assessment": "Sunk", "URL": null }, "geometry": { "type": "Point", "coordinates": [ 106.183333333333337, 6.483333333333333 ] } },
{ "type": "Feature", "properties": { "Month": "February", "Day": 6, "Year": 1945, "Name of Vessel": "SHOHEI MARU", "Type of Vessel": "Passenger-Cargo", "Standard T": "1092", "Latitude": "38-44N", "Longitude": "121-23E", "Flag of Aggressor": "United States", "Type of Aggression": "Submarine", "Assessment": "Sunk", "URL": null }, "geometry": { "type": "Point", "coordinates": [ 121.38333333333334, 38.733333333333334 ] } },
{ "type": "Feature", "properties": { "Month": "February", "Day": 7, "Year": 1945, "Name of Vessel": "TAIGYO MARU", "Type of Vessel": "Cargo", "Standard T": "6892", "Latitude": "7-03N", "Longitude": "106-05E", "Flag of Aggressor": "United States", "Type of Aggression": "Submarine", "Assessment": "Sunk", "URL": null }, "geometry": { "type": "Point", "coordinates": [ 106.083333333333329, 7.05 ] } },
{ "type": "Feature", "properties": { "Month": "February", "Day": 7, "Year": 1945, "Name of Vessel": "OKINOYAMA MARU", "Type of Vessel": "Cargo", "Standard T": "984", "Latitude": "29-09N", "Longitude": "129-45E", "Flag of Aggressor": "United States", "Type of Aggression": "Submarine", "Assessment": "Sunk", "URL": null }, "geometry": { "type": "Point", "coordinates": [ 129.75, 29.15 ] } },
{ "type": "Feature", "properties": { "Month": "February", "Day": 8, "Year": 1945, "Name of Vessel": "EIFUKU MARU", "Type of Vessel": "Passenger-Cargo", "Standard T": "3520", "Latitude": "7-04N", "Longitude": "104-46E", "Flag of Aggressor": "United States", "Type of Aggression": "Submarine", "Assessment": "Sunk", "URL": null }, "geometry": { "type": "Point", "coordinates": [ 104.766666666666666, 7.066666666666666 ] } },
{ "type": "Feature", "properties": { "Month": "February", "Day": 9, "Year": 1945, "Name of Vessel": "HEKISUI MARU", "Type of Vessel": "Cargo", "Standard T": "572", "Latitude": "23-28N", "Longitude": "119-40E", "Flag of Aggressor": "United States", "Type of Aggression": "Navy Land-Based Aircraft", "Assessment": "Sunk", "URL": null }, "geometry": { "type": "Point", "coordinates": [ 119.666666666666671, 23.466666666666665 ] } },
{ "type": "Feature", "properties": { "Month": "February", "Day": 14, "Year": 1945, "Name of Vessel": "YAMANAMI MARU", "Type of Vessel": "Cargo", "Standard T": "882", "Latitude": "33-56N", "Longitude": "131-00E", "Flag of Aggressor": "Japan", "Type of Aggression": "Mine", "Assessment": "Sunk", "URL": null }, "geometry": { "type": "Point", "coordinates": [ 131.0, 33.93333333333333 ] } },
{ "type": "Feature", "properties": { "Month": "February", "Day": 16, "Year": 1945, "Name of Vessel": "IIDA MARU", "Type of Vessel": "Cargo", "Standard T": "1105", "Latitude": "10-20N", "Longitude": "107-06E", "Flag of Aggressor": "United States", "Type of Aggression": "Navy Land-Based Aircraft", "Assessment": "Sunk", "URL": null }, "geometry": { "type": "Point", "coordinates": [ 107.1, 10.333333333333334 ] } },
{ "type": "Feature", "properties": { "Month": "February", "Day": 17, "Year": 1945, "Name of Vessel": "DAIBI MARU", "Type of Vessel": "Cargo", "Standard T": "531", "Latitude": "27-05N", "Longitude": "142-12E", "Flag of Aggressor": "United States", "Type of Aggression": "Navy Carrier-Based Aircraft", "Assessment": "Sunk", "URL": null }, "geometry": { "type": "Point", "coordinates": [ 142.2, 27.083333333333332 ] } },
{ "type": "Feature", "properties": { "Month": "February", "Day": 17, "Year": 1945, "Name of Vessel": "YAMASHITA MARU", "Type of Vessel": "Cargo", "Standard T": "10605", "Latitude": "35-22N", "Longitude": "139-37E", "Flag of Aggressor": "United States", "Type of Aggression": "Navy Carrier-Based Aircraft", "Assessment": "Sunk", "URL": null }, "geometry": { "type": "Point", "coordinates": [ 139.616666666666674, 35.366666666666667 ] } },
{ "type": "Feature", "properties": { "Month": "February", "Day": 20, "Year": 1945, "Name of Vessel": "DAIZEN MARU", "Type of Vessel": "Cargo", "Standard T": "5396", "Latitude": "00-42S", "Longitude": "106-18E", "Flag of Aggressor": "United States", "Type of Aggression": "Submarine", "Assessment": "Sunk", "URL": null }, "geometry": { "type": "Point", "coordinates": [ 106.3, -0.7 ] } },
{ "type": "Feature", "properties": { "Month": "February", "Day": 20, "Year": 1945, "Name of Vessel": "EIYO MARU", "Type of Vessel": "Tanker", "Standard T": "8673", "Latitude": "11-17N", "Longitude": "109-00E", "Flag of Aggressor": "United States", "Type of Aggression": "Submarine", "Assessment": "Sunk", "URL": null }, "geometry": { "type": "Point", "coordinates": [ 109.0, 11.283333333333333 ] } },
{ "type": "Feature", "properties": { "Month": "February", "Day": 21, "Year": 1945, "Name of Vessel": "TAIRIKU MARU", "Type of Vessel": "Cargo", "Standard T": "2325", "Latitude": "35-24N", "Longitude": "125-23E", "Flag of Aggressor": "United States", "Type of Aggression": "Submarine", "Assessment": "Sunk", "URL": null }, "geometry": { "type": "Point", "coordinates": [ 125.38333333333334, 35.4 ] } },
{ "type": "Feature", "properties": { "Month": "February", "Day": 22, "Year": 1945, "Name of Vessel": "TATEKAWA MARU NO 2", "Type of Vessel": "Tanker", "Standard T": "10000", "Latitude": "11-08N", "Longitude": "108-44E", "Flag of Aggressor": "United States", "Type of Aggression": "Army Aircraft, Army Mine", "Assessment": "Sunk", "URL": null }, "geometry": { "type": "Point", "coordinates": [ 108.733333333333334, 11.133333333333333 ] } },
{ "type": "Feature", "properties": { "Month": "February", "Day": 22, "Year": 1945, "Name of Vessel": "NICHIYOKU MARU", "Type of Vessel": "Tanker", "Standard T": "1945", "Latitude": "11-28N", "Longitude": "109-06E", "Flag of Aggressor": "United States", "Type of Aggression": "Submarine", "Assessment": "Sunk", "URL": null }, "geometry": { "type": "Point", "coordinates": [ 109.1, 11.466666666666667 ] } },
{ "type": "Feature", "properties": { "Month": "February", "Day": 24, "Year": 1945, "Name of Vessel": "KYURYU MARU", "Type of Vessel": "Cargo", "Standard T": "1339", "Latitude": "13-45N", "Longitude": "100-35E", "Flag of Aggressor": "Great Britain", "Type of Aggression": "Mine", "Assessment": "Sunk", "URL": null }, "geometry": { "type": "Point", "coordinates": [ 100.583333333333329, 13.75 ] } },
{ "type": "Feature", "properties": { "Month": "February", "Day": 24, "Year": 1945, "Name of Vessel": "TATSUMOMO MARU", "Type of Vessel": "Cargo", "Standard T": "880", "Latitude": "32-40N", "Longitude": "132-33E", "Flag of Aggressor": "United States", "Type of Aggression": "Submarine", "Assessment": "Sunk", "URL": null }, "geometry": { "type": "Point", "coordinates": [ 132.55, 32.666666666666664 ] } },
{ "type": "Feature", "properties": { "Month": "February", "Day": 24, "Year": 1945, "Name of Vessel": "USUKI MARU", "Type of Vessel": "Cargo", "Standard T": "875", "Latitude": "33-58N", "Longitude": "136-18E", "Flag of Aggressor": "United States", "Type of Aggression": "Submarine", "Assessment": "Sunk", "URL": null }, "geometry": { "type": "Point", "coordinates": [ 136.3, 33.966666666666669 ] } },
{ "type": "Feature", "properties": { "Month": "February", "Day": 25, "Year": 1945, "Name of Vessel": "KOHO MARU", "Type of Vessel": "Cargo", "Standard T": "850", "Latitude": "20-04N", "Longitude": "111-22E", "Flag of Aggressor": "United States", "Type of Aggression": "Submarine", "Assessment": "Sunk", "URL": null }, "geometry": { "type": "Point", "coordinates": [ 111.36666666666666, 20.066666666666666 ] } },
{ "type": "Feature", "properties": { "Month": "February", "Day": 26, "Year": 1945, "Name of Vessel": "TAKASAGO MARU NO 9", "Type of Vessel": "Tanker", "Standard T": "834", "Latitude": "20-01N", "Longitude": "111-44E", "Flag of Aggressor": "United States", "Type of Aggression": "Army Aircraft", "Assessment": "Sunk", "URL": null }, "geometry": { "type": "Point", "coordinates": [ 111.733333333333334, 20.016666666666666 ] } },
{ "type": "Feature", "properties": { "Month": "February", "Day": 26, "Year": 1945, "Name of Vessel": "AMATO MARU", "Type of Vessel": "Tanker", "Standard T": "10238", "Latitude": "11-57N", "Longitude": "109-18E", "Flag of Aggressor": "United States", "Type of Aggression": "Submarine", "Assessment": "Sunk", "URL": null }, "geometry": { "type": "Point", "coordinates": [ 109.3, 11.95 ] } },
{ "type": "Feature", "properties": { "Month": "March", "Day": 1, "Year": 1945, "Name of Vessel": "CHOHAKUZAN MARU", "Type of Vessel": "Converted Gunboat", "Standard T": "2132", "Latitude": "26-30N", "Longitude": "127-30E", "Flag of Aggressor": "United States", "Type of Aggression": "Navy Carrier-Based Aircraft", "Assessment": "Sunk", "URL": null }, "geometry": { "type": "Point", "coordinates": [ 127.5, 26.5 ] } },
{ "type": "Feature", "properties": { "Month": "March", "Day": 1, "Year": 1945, "Name of Vessel": "KINZAN MARU", "Type of Vessel": "Cargo", "Standard T": "2220", "Latitude": "28-24N", "Longitude": "129-30E", "Flag of Aggressor": "United States", "Type of Aggression": "Navy Carrier-Based Aircraft", "Assessment": "Sunk", "URL": null }, "geometry": { "type": "Point", "coordinates": [ 129.5, 28.4 ] } },
{ "type": "Feature", "properties": { "Month": "March", "Day": 1, "Year": 1945, "Name of Vessel": "RYUYU MARU", "Type of Vessel": "Cargo", "Standard T": "731", "Latitude": "28-09N", "Longitude": "129-19E", "Flag of Aggressor": "United States", "Type of Aggression": "Navy Carrier-Based Aircraft", "Assessment": "Sunk", "URL": null }, "geometry": { "type": "Point", "coordinates": [ 129.316666666666663, 28.15 ] } },
{ "type": "Feature", "properties": { "Month": "March", "Day": 1, "Year": 1945, "Name of Vessel": "SEKIYO MARU", "Type of Vessel": "Cargo", "Standard T": "629", "Latitude": "26-13N", "Longitude": "127-41E", "Flag of Aggressor": "United States", "Type of Aggression": "Navy Carrier-Based Aircraft", "Assessment": "Sunk", "URL": null }, "geometry": { "type": "Point", "coordinates": [ 127.683333333333337, 26.216666666666665 ] } },
{ "type": "Feature", "properties": { "Month": "March", "Day": 1, "Year": 1945, "Name of Vessel": "LUZON MARU", "Type of Vessel": "Passenger-Cargo", "Standard T": "1679", "Latitude": "28-24N", "Longitude": "129-30E", "Flag of Aggressor": "United States", "Type of Aggression": "Navy Carrier-Based Aircraft", "Assessment": "Sunk", "URL": null }, "geometry": { "type": "Point", "coordinates": [ 129.5, 28.4 ] } },
{ "type": "Feature", "properties": { "Month": "March", "Day": 1, "Year": 1945, "Name of Vessel": "TOYOSAKA MARU", "Type of Vessel": "Cargo", "Standard T": "1966", "Latitude": "24-46N", "Longitude": "125-30E", "Flag of Aggressor": "United States", "Type of Aggression": "Navy Carrier-Based Aircraft", "Assessment": "Sunk", "URL": null }, "geometry": { "type": "Point", "coordinates": [ 125.5, 24.766666666666666 ] } },
{ "type": "Feature", "properties": { "Month": "March", "Day": 1, "Year": 1945, "Name of Vessel": "HOSHI MARU NO 11", "Type of Vessel": "Cargo", "Standard T": "1944", "Latitude": "26-13N", "Longitude": "127-41E", "Flag of Aggressor": "United States", "Type of Aggression": "Navy Carrier-Based Aircraft", "Assessment": "Sunk", "URL": null }, "geometry": { "type": "Point", "coordinates": [ 127.683333333333337, 26.216666666666665 ] } },
{ "type": "Feature", "properties": { "Month": "March", "Day": 1, "Year": 1945, "Name of Vessel": "DAISHIN MARU", "Type of Vessel": "Cargo", "Standard T": "1306", "Latitude": "26-30N", "Longitude": "127-30E", "Flag of Aggressor": "United States", "Type of Aggression": "Navy Carrier-Based Aircraft", "Assessment": "Sunk", "URL": null }, "geometry": { "type": "Point", "coordinates": [ 127.5, 26.5 ] } },
{ "type": "Feature", "properties": { "Month": "March", "Day": 1, "Year": 1945, "Name of Vessel": "TAIKEN MARU", "Type of Vessel": "Cargo", "Standard T": "2220", "Latitude": "24-45N", "Longitude": "125-20E", "Flag of Aggressor": "United States", "Type of Aggression": "Navy Carrier-Based Aircraft", "Assessment": "Sunk", "URL": null }, "geometry": { "type": "Point", "coordinates": [ 125.333333333333329, 24.75 ] } },
{ "type": "Feature", "properties": { "Month": "March", "Day": 1, "Year": 1945, "Name of Vessel": "TATEYAMA MARU", "Type of Vessel": "Cargo", "Standard T": "1148", "Latitude": "34-11N", "Longitude": "139-43E", "Flag of Aggressor": "United States", "Type of Aggression": "Submarine", "Assessment": "Sunk", "URL": null }, "geometry": { "type": "Point", "coordinates": [ 139.716666666666669, 34.18333333333333 ] } },
{ "type": "Feature", "properties": { "Month": "March", "Day": 2, "Year": 1945, "Name of Vessel": "EISHO MARU", "Type of Vessel": "Tanker", "Standard T": "2850", "Latitude": "18-32N", "Longitude": "108-11E", "Flag of Aggressor": "United States", "Type of Aggression": "Army Aircraft", "Assessment": "Sunk", "URL": null }, "geometry": { "type": "Point", "coordinates": [ 108.183333333333337, 18.533333333333335 ] } },
{ "type": "Feature", "properties": { "Month": "March", "Day": 2, "Year": 1945, "Name of Vessel": "HOKUHI MARU", "Type of Vessel": "Cargo", "Standard T": "1500", "Latitude": "23-35N", "Longitude": "119-35E", "Flag of Aggressor": "United States", "Type of Aggression": "Army Aircraft", "Assessment": "Sunk", "URL": null }, "geometry": { "type": "Point", "coordinates": [ 119.583333333333329, 23.583333333333332 ] } },
{ "type": "Feature", "properties": { "Month": "March", "Day": 2, "Year": 1945, "Name of Vessel": "NICHIRIN MARU", "Type of Vessel": "Cargo", "Standard T": "1020", "Latitude": "27-10N", "Longitude": "124-35E", "Flag of Aggressor": "United States", "Type of Aggression": "Navy Land-Based Aircraft", "Assessment": "Sunk", "URL": null }, "geometry": { "type": "Point", "coordinates": [ 124.583333333333329, 27.166666666666668 ] } },
{ "type": "Feature", "properties": { "Month": "March", "Day": 3, "Year": 1945, "Name of Vessel": "YAEI MARU NO 1", "Type of Vessel": "Cargo", "Standard T": "834", "Latitude": "20-10N", "Longitude": "109-31E", "Flag of Aggressor": "United States", "Type of Aggression": "Army Aircraft", "Assessment": "Sunk", "URL": null }, "geometry": { "type": "Point", "coordinates": [ 109.516666666666666, 20.166666666666668 ] } },
{ "type": "Feature", "properties": { "Month": "March", "Day": 3, "Year": 1945, "Name of Vessel": "SUITEN MARU", "Type of Vessel": "Cargo", "Standard T": "2500", "Latitude": "6-29S", "Longitude": "112-48E", "Flag of Aggressor": "United States", "Type of Aggression": "Submarine", "Assessment": "Sunk", "URL": null }, "geometry": { "type": "Point", "coordinates": [ 112.8, -6.483333333333333 ] } },
{ "type": "Feature", "properties": { "Month": "March", "Day": 3, "Year": 1945, "Name of Vessel": "NISSHO MARU NO 2", "Type of Vessel": "Converted Gunboat", "Standard T": "1386", "Latitude": "34-05N", "Longitude": "139-54E", "Flag of Aggressor": "United States", "Type of Aggression": "Submarine", "Assessment": "Sunk", "URL": null }, "geometry": { "type": "Point", "coordinates": [ 139.9, 34.083333333333336 ] } },
{ "type": "Feature", "properties": { "Month": "March", "Day": 4, "Year": 1945, "Name of Vessel": "PALEMBANG MARU", "Type of Vessel": "Tanker", "Standard T": "5236", "Latitude": "12-52N", "Longitude": "109-30E", "Flag of Aggressor": "United States", "Type of Aggression": "Submarine", "Assessment": "Sunk", "URL": null }, "geometry": { "type": "Point", "coordinates": [ 109.5, 12.866666666666667 ] } },
{ "type": "Feature", "properties": { "Month": "March", "Day": 5, "Year": 1945, "Name of Vessel": "SHOTO MARU", "Type of Vessel": "Cargo", "Standard T": "887", "Latitude": "15-32N", "Longitude": "108-37E", "Flag of Aggressor": "United States", "Type of Aggression": "Army Aircraft", "Assessment": "Sunk", "URL": null }, "geometry": { "type": "Point", "coordinates": [ 108.61666666666666, 15.533333333333333 ] } },
{ "type": "Feature", "properties": { "Month": "March", "Day": 5, "Year": 1945, "Name of Vessel": "RYOEI MARU", "Type of Vessel": "Tanker", "Standard T": "10016", "Latitude": "16-46N", "Longitude": "108-41E", "Flag of Aggressor": "United States", "Type of Aggression": "Submarine", "Assessment": "Sunk", "URL": null }, "geometry": { "type": "Point", "coordinates": [ 108.683333333333337, 16.766666666666666 ] } },
{ "type": "Feature", "properties": { "Month": "March", "Day": 5, "Year": 1945, "Name of Vessel": "SHOYU MARU", "Type of Vessel": "Cargo", "Standard T": "853", "Latitude": "5-42S", "Longitude": "114-02E", "Flag of Aggressor": "United States", "Type of Aggression": "Submarine", "Assessment": "Sunk", "URL": null }, "geometry": { "type": "Point", "coordinates": [ 114.033333333333331, -5.7 ] } },
{ "type": "Feature", "properties": { "Month": "March", "Day": 5, "Year": 1945, "Name of Vessel": "NAGARA MARU", "Type of Vessel": "Cargo", "Standard T": "856", "Latitude": "5-41S", "Longitude": "114-01E", "Flag of Aggressor": "United States", "Type of Aggression": "Submarine", "Assessment": "Sunk", "URL": null }, "geometry": { "type": "Point", "coordinates": [ 114.016666666666666, -5.683333333333334 ] } },
{ "type": "Feature", "properties": { "Month": "March", "Day": 5, "Year": 1945, "Name of Vessel": "MANYO MARU", "Type of Vessel": "Converted Gunboat", "Standard T": "2904", "Latitude": "5-56S", "Longitude": "113-45E", "Flag of Aggressor": "United States", "Type of Aggression": "Submarine", "Assessment": "Sunk", "URL": null }, "geometry": { "type": "Point", "coordinates": [ 113.75, -5.933333333333334 ] } },
{ "type": "Feature", "properties": { "Month": "March", "Day": 6, "Year": 1945, "Name of Vessel": "HOKUSUI MARU", "Type of Vessel": "Cargo", "Standard T": "3944", "Latitude": "41-27N", "Longitude": "140-15E", "Flag of Aggressor": "Japan", "Type of Aggression": "Mine", "Assessment": "Sunk", "URL": null }, "geometry": { "type": "Point", "coordinates": [ 140.25, 41.45 ] } },
{ "type": "Feature", "properties": { "Month": "March", "Day": 6, "Year": 1945, "Name of Vessel": "SEIKAN MARU NO 5", "Type of Vessel": "Transport", "Standard T": "2792", "Latitude": "40-50N", "Longitude": "140-45E", "Flag of Aggressor": "Japan", "Type of Aggression": "Mine", "Assessment": "Sunk", "URL": null }, "geometry": { "type": "Point", "coordinates": [ 140.75, 40.833333333333336 ] } },
{ "type": "Feature", "properties": { "Month": "March", "Day": 7, "Year": 1945, "Name of Vessel": "HOYO MARU", "Type of Vessel": "Cargo", "Standard T": "946", "Latitude": "13-00N", "Longitude": "98-00E", "Flag of Aggressor": "United States", "Type of Aggression": "Army Aircraft", "Assessment": "Sunk", "URL": null }, "geometry": { "type": "Point", "coordinates": [ 98.0, 13.0 ] } },
{ "type": "Feature", "properties": { "Month": "March", "Day": 8, "Year": 1945, "Name of Vessel": "TANGYANG MARU", "Type of Vessel": "Passenger-Cargo", "Standard T": "1573", "Latitude": "30-33N", "Longitude": "114-17E", "Flag of Aggressor": "United States", "Type of Aggression": "Army Aircraft", "Assessment": "Sunk", "URL": null }, "geometry": { "type": "Point", "coordinates": [ 114.283333333333331, 30.55 ] } },
{ "type": "Feature", "properties": { "Month": "March", "Day": 8, "Year": 1945, "Name of Vessel": "ISHIMA MARU", "Type of Vessel": "Cargo", "Standard T": "839", "Latitude": "22-34N", "Longitude": "114-53E", "Flag of Aggressor": "United States", "Type of Aggression": "Army Aircraft", "Assessment": "Sunk", "URL": null }, "geometry": { "type": "Point", "coordinates": [ 114.88333333333334, 22.566666666666666 ] } },
{ "type": "Feature", "properties": { "Month": "March", "Day": 10, "Year": 1945, "Name of Vessel": "SEISHIN MARU", "Type of Vessel": "Tanker", "Standard T": "5239", "Latitude": "16-02N", "Longitude": "108-20E", "Flag of Aggressor": "United States", "Type of Aggression": "Army Aircraft", "Assessment": "Sunk", "URL": null }, "geometry": { "type": "Point", "coordinates": [ 108.333333333333329, 16.033333333333335 ] } },
{ "type": "Feature", "properties": { "Month": "March", "Day": 10, "Year": 1945, "Name of Vessel": "KEIZAN MARU", "Type of Vessel": "Cargo", "Standard T": "2116", "Latitude": "29-31N", "Longitude": "127-55E", "Flag of Aggressor": "United States", "Type of Aggression": "Submarine", "Assessment": "Sunk", "URL": null }, "geometry": { "type": "Point", "coordinates": [ 127.916666666666671, 29.516666666666666 ] } },
{ "type": "Feature", "properties": { "Month": "March", "Day": 10, "Year": 1945, "Name of Vessel": "SANKA MARU", "Type of Vessel": "Cargo", "Standard T": "2495", "Latitude": "29-31N", "Longitude": "127-55E", "Flag of Aggressor": "United States", "Type of Aggression": "Submarine", "Assessment": "Sunk", "URL": null }, "geometry": { "type": "Point", "coordinates": [ 127.916666666666671, 29.516666666666666 ] } },
{ "type": "Feature", "properties": { "Month": "March", "Day": 10, "Year": 1945, "Name of Vessel": "DOKAN MARU", "Type of Vessel": "Cargo", "Standard T": "2270", "Latitude": "29-31N", "Longitude": "127-55E", "Flag of Aggressor": "United States", "Type of Aggression": "Submarine", "Assessment": "Sunk", "URL": null }, "geometry": { "type": "Point", "coordinates": [ 127.916666666666671, 29.516666666666666 ] } },
{ "type": "Feature", "properties": { "Month": "March", "Day": 11, "Year": 1945, "Name of Vessel": "WAYO MARU", "Type of Vessel": "Converted Water Carrier", "Standard T": "2726", "Latitude": "21-38N", "Longitude": "114-06E", "Flag of Aggressor": "United States", "Type of Aggression": "Navy Land-Based Aircraft", "Assessment": "Sunk", "URL": null }, "geometry": { "type": "Point", "coordinates": [ 114.1, 21.633333333333333 ] } },
{ "type": "Feature", "properties": { "Month": "March", "Day": 11, "Year": 1945, "Name of Vessel": "KOKO MARU", "Type of Vessel": "Cargo", "Standard T": "1520", "Latitude": "31-22N", "Longitude": "121-34E", "Flag of Aggressor": "United States", "Type of Aggression": "Army Mine", "Assessment": "Sunk", "URL": null }, "geometry": { "type": "Point", "coordinates": [ 121.566666666666663, 31.366666666666667 ] } },
{ "type": "Feature", "properties": { "Month": "March", "Day": 11, "Year": 1945, "Name of Vessel": "SHORI MARU", "Type of Vessel": "Cargo", "Standard T": "3087", "Latitude": "34-29N", "Longitude": "127-55E", "Flag of Aggressor": "United States", "Type of Aggression": "Submarine", "Assessment": "Sunk", "URL": null }, "geometry": { "type": "Point", "coordinates": [ 127.916666666666671, 34.483333333333334 ] } },
{ "type": "Feature", "properties": { "Month": "March", "Day": 13, "Year": 1945, "Name of Vessel": "MASASHIMA MARU", "Type of Vessel": "Cargo", "Standard T": "2742", "Latitude": "23-30N", "Longitude": "117-10E", "Flag of Aggressor": "United States", "Type of Aggression": "Army Aircraft", "Assessment": "Sunk", "URL": null }, "geometry": { "type": "Point", "coordinates": [ 117.166666666666671, 23.5 ] } },
{ "type": "Feature", "properties": { "Month": "March", "Day": 16, "Year": 1945, "Name of Vessel": "NANRYU MARU NO 1", "Type of Vessel": "Tanker", "Standard T": "834", "Latitude": "29-07N", "Longitude": "122-01E", "Flag of Aggressor": "United States", "Type of Aggression": "Navy Land-Based Aircraft", "Assessment": "Sunk", "URL": null }, "geometry": { "type": "Point", "coordinates": [ 122.016666666666666, 29.116666666666667 ] } },
{ "type": "Feature", "properties": { "Month": "March", "Day": 17, "Year": 1945, "Name of Vessel": "IKOMASAN MARU", "Type of Vessel": "Passenger-Cargo", "Standard T": "3173", "Latitude": "26-08N", "Longitude": "119-56E", "Flag of Aggressor": "United States", "Type of Aggression": "Navy Carrier-Based Aircraft, Submarine", "Assessment": "Sunk", "URL": null }, "geometry": { "type": "Point", "coordinates": [ 119.933333333333337, 26.133333333333333 ] } },
{ "type": "Feature", "properties": { "Month": "March", "Day": 17, "Year": 1945, "Name of Vessel": "BANSEI MARU", "Type of Vessel": "Cargo", "Standard T": "3120", "Latitude": "31-19N", "Longitude": "121-45E", "Flag of Aggressor": "United States", "Type of Aggression": "Army Mine", "Assessment": "Sunk", "URL": null }, "geometry": { "type": "Point", "coordinates": [ 121.75, 31.316666666666666 ] } },
{ "type": "Feature", "properties": { "Month": "March", "Day": 17, "Year": 1945, "Name of Vessel": "SAMUI", "Type of Vessel": "Tanker", "Standard T": "1458", "Latitude": "5-18N", "Longitude": "103-23E", "Flag of Aggressor": "United States", "Type of Aggression": "Submarine", "Assessment": "Sunk", "URL": null }, "geometry": { "type": "Point", "coordinates": [ 103.38333333333334, 5.3 ] } },
{ "type": "Feature", "properties": { "Month": "March", "Day": 17, "Year": 1945, "Name of Vessel": "NANKING MARU", "Type of Vessel": "Passenger-Cargo", "Standard T": "3005", "Latitude": "25-34N", "Longitude": "120-01E", "Flag of Aggressor": "United States", "Type of Aggression": "Submarine", "Assessment": "Sunk", "URL": null }, "geometry": { "type": "Point", "coordinates": [ 120.016666666666666, 25.566666666666666 ] } },
{ "type": "Feature", "properties": { "Month": "March", "Day": 18, "Year": 1945, "Name of Vessel": "KENYO MARU", "Type of Vessel": "Cargo", "Standard T": "2217", "Latitude": "31-35N", "Longitude": "130-40E", "Flag of Aggressor": "United States", "Type of Aggression": "Navy Carrier-Based Aircraft", "Assessment": "Sunk", "URL": null }, "geometry": { "type": "Point", "coordinates": [ 130.666666666666657, 31.583333333333332 ] } },
{ "type": "Feature", "properties": { "Month": "March", "Day": 18, "Year": 1945, "Name of Vessel": "NANSEI MARU NO 1", "Type of Vessel": "Tanker", "Standard T": "834", "Latitude": "31-35N", "Longitude": "130-40E", "Flag of Aggressor": "United States", "Type of Aggression": "Navy Carrier-Based Aircraft", "Assessment": "Sunk", "URL": null }, "geometry": { "type": "Point", "coordinates": [ 130.666666666666657, 31.583333333333332 ] } },
{ "type": "Feature", "properties": { "Month": "March", "Day": 18, "Year": 1945, "Name of Vessel": "TSUKUSHI MARU NO 3", "Type of Vessel": "Cargo", "Standard T": "1012", "Latitude": "28-05N", "Longitude": "126-44E", "Flag of Aggressor": "United States", "Type of Aggression": "Submarine", "Assessment": "Sunk", "URL": null }, "geometry": { "type": "Point", "coordinates": [ 126.733333333333334, 28.083333333333332 ] } },
{ "type": "Feature", "properties": { "Month": "March", "Day": 19, "Year": 1945, "Name of Vessel": "SARAWAK MARU", "Type of Vessel": "Tanker", "Standard T": "5135", "Latitude": "1-20N", "Longitude": "104-34E", "Flag of Aggressor": "United States", "Type of Aggression": "Army Mine", "Assessment": "Sunk", "URL": null }, "geometry": { "type": "Point", "coordinates": [ 104.566666666666663, 1.333333333333333 ] } },
{ "type": "Feature", "properties": { "Month": "March", "Day": 19, "Year": 1945, "Name of Vessel": "KOZAN MARU", "Type of Vessel": "Cargo", "Standard T": "3923", "Latitude": "32-05N", "Longitude": "119-56E", "Flag of Aggressor": "United States", "Type of Aggression": "Army Mine", "Assessment": "Sunk", "URL": null }, "geometry": { "type": "Point", "coordinates": [ 119.933333333333337, 32.083333333333336 ] } },
{ "type": "Feature", "properties": { "Month": "March", "Day": 19, "Year": 1945, "Name of Vessel": "HAKOZAKI MARU", "Type of Vessel": "Transport", "Standard T": "10413", "Latitude": "33-09N", "Longitude": "122-08E", "Flag of Aggressor": "United States", "Type of Aggression": "Submarine", "Assessment": "Sunk", "URL": null }, "geometry": { "type": "Point", "coordinates": [ 122.13333333333334, 33.15 ] } },
{ "type": "Feature", "properties": { "Month": "March", "Day": 20, "Year": 1945, "Name of Vessel": "FUKUSEI MARU", "Type of Vessel": "Cargo", "Standard T": "500", "Latitude": "23-45N", "Longitude": "117-38E", "Flag of Aggressor": "United States", "Type of Aggression": "Army Aircraft", "Assessment": "Sunk", "URL": null }, "geometry": { "type": "Point", "coordinates": [ 117.63333333333334, 23.75 ] } },
{ "type": "Feature", "properties": { "Month": "March", "Day": 20, "Year": 1945, "Name of Vessel": "HEISHIN MARU", "Type of Vessel": "Cargo", "Standard T": "1577", "Latitude": "23-45N", "Longitude": "117-38E", "Flag of Aggressor": "United States", "Type of Aggression": "Army Aircraft", "Assessment": "Sunk", "URL": null }, "geometry": { "type": "Point", "coordinates": [ 117.63333333333334, 23.75 ] } },
{ "type": "Feature", "properties": { "Month": "March", "Day": 20, "Year": 1945, "Name of Vessel": "YAMAKUNI MARU", "Type of Vessel": "Cargo", "Standard T": "500", "Latitude": "11-17N", "Longitude": "108-55E", "Flag of Aggressor": "United States", "Type of Aggression": "Submarine", "Assessment": "Sunk", "URL": null }, "geometry": { "type": "Point", "coordinates": [ 108.916666666666671, 11.283333333333333 ] } },
{ "type": "Feature", "properties": { "Month": "March", "Day": 20, "Year": 1945, "Name of Vessel": "NANSHIN MARU NO 21", "Type of Vessel": "Tanker", "Standard T": "834", "Latitude": "11-17N", "Longitude": "108-55E", "Flag of Aggressor": "United States", "Type of Aggression": "Submarine", "Assessment": "Sunk", "URL": null }, "geometry": { "type": "Point", "coordinates": [ 108.916666666666671, 11.283333333333333 ] } },
{ "type": "Feature", "properties": { "Month": "March", "Day": 20, "Year": 1945, "Name of Vessel": "HOSEN MARU", "Type of Vessel": "Cargo", "Standard T": "1039", "Latitude": "11-17N", "Longitude": "108-55E", "Flag of Aggressor": "United States", "Type of Aggression": "Submarine", "Assessment": "Sunk", "URL": null }, "geometry": { "type": "Point", "coordinates": [ 108.916666666666671, 11.283333333333333 ] } },
{ "type": "Feature", "properties": { "Month": "March", "Day": 21, "Year": 1945, "Name of Vessel": "FUSHIMI MARU NO 2", "Type of Vessel": "Cargo", "Standard T": "779", "Latitude": "11-50N", "Longitude": "109-18E", "Flag of Aggressor": "United States", "Type of Aggression": "Army Aircraft", "Assessment": "Sunk", "URL": null }, "geometry": { "type": "Point", "coordinates": [ 109.3, 11.833333333333334 ] } },
{ "type": "Feature", "properties": { "Month": "March", "Day": 21, "Year": 1945, "Name of Vessel": "TAKASAGO MARU NO 6", "Type of Vessel": "Tanker", "Standard T": "834", "Latitude": "11-50N", "Longitude": "109-18E", "Flag of Aggressor": "United States", "Type of Aggression": "Army Aircraft", "Assessment": "Sunk", "URL": null }, "geometry": { "type": "Point", "coordinates": [ 109.3, 11.833333333333334 ] } },
{ "type": "Feature", "properties": { "Month": "March", "Day": 21, "Year": 1945, "Name of Vessel": "KAINAN MARU", "Type of Vessel": "Converted Submarine Chaser", "Standard T": "524", "Latitude": "11-55N", "Longitude": "109-18E", "Flag of Aggressor": "United States", "Type of Aggression": "Submarine", "Assessment": "Sunk", "URL": null }, "geometry": { "type": "Point", "coordinates": [ 109.3, 11.916666666666666 ] } },
{ "type": "Feature", "properties": { "Month": "March", "Day": 23, "Year": 1945, "Name of Vessel": "PEIHUA", "Type of Vessel": "Cargo", "Standard T": "1380", "Latitude": "29-14N", "Longitude": "122-03E", "Flag of Aggressor": "United States", "Type of Aggression": "Army Aircraft", "Assessment": "Sunk", "URL": null }, "geometry": { "type": "Point", "coordinates": [ 122.05, 29.233333333333334 ] } },
{ "type": "Feature", "properties": { "Month": "March", "Day": 23, "Year": 1945, "Name of Vessel": "KACHAOSAN MARU", "Type of Vessel": "Cargo", "Standard T": "2427", "Latitude": "28-40N", "Longitude": "128-50E", "Flag of Aggressor": "United States", "Type of Aggression": "Navy Carrier-Based Aircraft", "Assessment": "Sunk", "URL": null }, "geometry": { "type": "Point", "coordinates": [ 128.833333333333343, 28.666666666666668 ] } },
{ "type": "Feature", "properties": { "Month": "March", "Day": 23, "Year": 1945, "Name of Vessel": "DORYO MARU", "Type of Vessel": "Cargo", "Standard T": "2274", "Latitude": "29-31N", "Longitude": "127-41E", "Flag of Aggressor": "United States", "Type of Aggression": "Submarine", "Assessment": "Sunk", "URL": null }, "geometry": { "type": "Point", "coordinates": [ 127.683333333333337, 29.516666666666666 ] } },
{ "type": "Feature", "properties": { "Month": "March", "Day": 24, "Year": 1945, "Name of Vessel": "KOSHIN MARU", "Type of Vessel": "Cargo", "Standard T": "765", "Latitude": "5-40S", "Longitude": "122-49E", "Flag of Aggressor": "United States", "Type of Aggression": "Army Aircraft", "Assessment": "Sunk", "URL": null }, "geometry": { "type": "Point", "coordinates": [ 122.816666666666663, -5.666666666666667 ] } },
{ "type": "Feature", "properties": { "Month": "March", "Day": 24, "Year": 1945, "Name of Vessel": "CHOKAI MARU", "Type of Vessel": "Cargo", "Standard T": "1284", "Latitude": "26-13N", "Longitude": "127-39E", "Flag of Aggressor": "United States", "Type of Aggression": "Navy Carrier-Based Aircraft", "Assessment": "Sunk", "URL": null }, "geometry": { "type": "Point", "coordinates": [ 127.65, 26.216666666666665 ] } },
{ "type": "Feature", "properties": { "Month": "March", "Day": 24, "Year": 1945, "Name of Vessel": "KAIJO MARU", "Type of Vessel": "Passenger-Cargo", "Standard T": "2025", "Latitude": "28-25N", "Longitude": "124-32E", "Flag of Aggressor": "United States", "Type of Aggression": "Navy Carrier-Based Aircraft", "Assessment": "Sunk", "URL": null }, "geometry": { "type": "Point", "coordinates": [ 124.533333333333331, 28.416666666666668 ] } },
{ "type": "Feature", "properties": { "Month": "March", "Day": 24, "Year": 1945, "Name of Vessel": "KOSHU MARU", "Type of Vessel": "Passenger-Cargo", "Standard T": "2812", "Latitude": "28-25N", "Longitude": "124-32E", "Flag of Aggressor": "United States", "Type of Aggression": "Navy Carrier-Based Aircraft", "Assessment": "Sunk", "URL": null }, "geometry": { "type": "Point", "coordinates": [ 124.533333333333331, 28.416666666666668 ] } },
{ "type": "Feature", "properties": { "Month": "March", "Day": 24, "Year": 1945, "Name of Vessel": "SOKA MARU", "Type of Vessel": "Passenger-Cargo", "Standard T": "2813", "Latitude": "28-25N", "Longitude": "124-32E", "Flag of Aggressor": "United States", "Type of Aggression": "Navy Carrier-Based Aircraft", "Assessment": "Sunk", "URL": null }, "geometry": { "type": "Point", "coordinates": [ 124.533333333333331, 28.416666666666668 ] } },
{ "type": "Feature", "properties": { "Month": "March", "Day": 25, "Year": 1945, "Name of Vessel": "HOULEE", "Type of Vessel": "Cargo", "Standard T": "1339", "Latitude": "31-11N", "Longitude": "122-23E", "Flag of Aggressor": "United States", "Type of Aggression": "Army Aircraft", "Assessment": "Sunk", "URL": null }, "geometry": { "type": "Point", "coordinates": [ 122.38333333333334, 31.183333333333334 ] } },
{ "type": "Feature", "properties": { "Month": "March", "Day": 25, "Year": 1945, "Name of Vessel": "OKINOYAMA MARU NO 5", "Type of Vessel": "Cargo", "Standard T": "2543", "Latitude": "26-13N", "Longitude": "127-39E", "Flag of Aggressor": "United States", "Type of Aggression": "Navy Carrier-Based Aircraft", "Assessment": "Sunk", "URL": null }, "geometry": { "type": "Point", "coordinates": [ 127.65, 26.216666666666665 ] } },
{ "type": "Feature", "properties": { "Month": "March", "Day": 25, "Year": 1945, "Name of Vessel": "FUJI MARU", "Type of Vessel": "Tanker", "Standard T": "703", "Latitude": "31-08N", "Longitude": "130-30E", "Flag of Aggressor": "United States", "Type of Aggression": "Submarine", "Assessment": "Sunk", "URL": null }, "geometry": { "type": "Point", "coordinates": [ 130.5, 31.133333333333333 ] } },
{ "type": "Feature", "properties": { "Month": "March", "Day": 26, "Year": 1945, "Name of Vessel": "RISUI MARU", "Type of Vessel": "Cargo", "Standard T": "1500", "Latitude": "10-35N", "Longitude": "94-45E", "Flag of Aggressor": "Great Britain", "Type of Aggression": "Aircraft, Surface Craft", "Assessment": "Sunk", "URL": null }, "geometry": { "type": "Point", "coordinates": [ 94.75, 10.583333333333334 ] } },
{ "type": "Feature", "properties": { "Month": "March", "Day": 26, "Year": 1945, "Name of Vessel": "ENOURA MARU", "Type of Vessel": "Cargo", "Standard T": "6968", "Latitude": "22-37N", "Longitude": "120-15E", "Flag of Aggressor": "United States", "Type of Aggression": "Army Aircraft", "Assessment": "Sunk", "URL": null }, "geometry": { "type": "Point", "coordinates": [ 120.25, 22.616666666666667 ] } },
{ "type": "Feature", "properties": { "Month": "March", "Day": 26, "Year": 1945, "Name of Vessel": "KISHU MARU", "Type of Vessel": "Cargo", "Standard T": "2548", "Latitude": "22-37N", "Longitude": "120-15E", "Flag of Aggressor": "United States", "Type of Aggression": "Army Aircraft", "Assessment": "Sunk", "URL": null }, "geometry": { "type": "Point", "coordinates": [ 120.25, 22.616666666666667 ] } },
{ "type": "Feature", "properties": { "Month": "March", "Day": 26, "Year": 1945, "Name of Vessel": "DAIA MARU", "Type of Vessel": "Cargo", "Standard T": "1942", "Latitude": "28-13N", "Longitude": "129-16E", "Flag of Aggressor": "United States", "Type of Aggression": "Navy Carrier-Based Aircraft", "Assessment": "Sunk", "URL": null }, "geometry": { "type": "Point", "coordinates": [ 129.26666666666668, 28.216666666666665 ] } },
{ "type": "Feature", "properties": { "Month": "March", "Day": 26, "Year": 1945, "Name of Vessel": "SHINTO MARU NO 1", "Type of Vessel": "Cargo", "Standard T": "880", "Latitude": "35-14N", "Longitude": "123-44E", "Flag of Aggressor": "United States", "Type of Aggression": "Submarine", "Assessment": "Sunk", "URL": null }, "geometry": { "type": "Point", "coordinates": [ 123.733333333333334, 35.233333333333334 ] } },
{ "type": "Feature", "properties": { "Month": "March", "Day": 28, "Year": 1945, "Name of Vessel": "ASOKAWA MARU", "Type of Vessel": "Cargo", "Standard T": "6925", "Latitude": "12-32N", "Longitude": "109-08E", "Flag of Aggressor": "United States", "Type of Aggression": "Army Aircraft", "Assessment": "Sunk", "URL": null }, "geometry": { "type": "Point", "coordinates": [ 109.13333333333334, 12.533333333333333 ] } },
{ "type": "Feature", "properties": { "Month": "March", "Day": 28, "Year": 1945, "Name of Vessel": "MEIHO MARU", "Type of Vessel": "Cargo", "Standard T": "2857", "Latitude": "25-00N", "Longitude": "121-00E", "Flag of Aggressor": "United States", "Type of Aggression": "Army Aircraft", "Assessment": "Sunk", "URL": null }, "geometry": { "type": "Point", "coordinates": [ 121.0, 25.0 ] } },
{ "type": "Feature", "properties": { "Month": "March", "Day": 28, "Year": 1945, "Name of Vessel": "HONAN MARU", "Type of Vessel": "Tanker", "Standard T": "5542", "Latitude": "12-39N", "Longitude": "109-27E", "Flag of Aggressor": "United States", "Type of Aggression": "Submarine", "Assessment": "Sunk", "URL": null }, "geometry": { "type": "Point", "coordinates": [ 109.45, 12.65 ] } },
{ "type": "Feature", "properties": { "Month": "March", "Day": 28, "Year": 1945, "Name of Vessel": "NASE MARU", "Type of Vessel": "Cargo", "Standard T": "1218", "Latitude": "32-15N", "Longitude": "129-55E", "Flag of Aggressor": "United States", "Type of Aggression": "Submarine", "Assessment": "Sunk", "URL": null }, "geometry": { "type": "Point", "coordinates": [ 129.916666666666657, 32.25 ] } },
{ "type": "Feature", "properties": { "Month": "March", "Day": 29, "Year": 1945, "Name of Vessel": "IWAKUNI MARU", "Type of Vessel": "Tanker", "Standard T": "2860", "Latitude": "22-40N", "Longitude": "120-15E", "Flag of Aggressor": "United States", "Type of Aggression": "Army Aircraft", "Assessment": "Sunk", "URL": null }, "geometry": { "type": "Point", "coordinates": [ 120.25, 22.666666666666668 ] } },
{ "type": "Feature", "properties": { "Month": "March", "Day": 29, "Year": 1945, "Name of Vessel": "KAIKO MARU", "Type of Vessel": "Cargo", "Standard T": "956", "Latitude": "15-14N", "Longitude": "109-26E", "Flag of Aggressor": "United States", "Type of Aggression": "Army Aircraft", "Assessment": "Sunk", "URL": null }, "geometry": { "type": "Point", "coordinates": [ 109.433333333333337, 15.233333333333333 ] } },
{ "type": "Feature", "properties": { "Month": "April", "Day": 1, "Year": 1945, "Name of Vessel": "AWA MARU", "Type of Vessel": "Passenger-Cargo", "Standard T": "11600", "Latitude": "25-25N", "Longitude": "120-07E", "Flag of Aggressor": "United States", "Type of Aggression": "Submarine", "Assessment": "Sunk", "URL": null }, "geometry": { "type": "Point", "coordinates": [ 120.11666666666666, 25.416666666666668 ] } },
{ "type": "Feature", "properties": { "Month": "April", "Day": 2, "Year": 1945, "Name of Vessel": "TAIJO MARU", "Type of Vessel": "Cargo", "Standard T": "6866", "Latitude": "34-18N", "Longitude": "124-04E", "Flag of Aggressor": "United States", "Type of Aggression": "Submarine", "Assessment": "Sunk", "URL": null }, "geometry": { "type": "Point", "coordinates": [ 124.066666666666663, 34.3 ] } },
{ "type": "Feature", "properties": { "Month": "April", "Day": 2, "Year": 1945, "Name of Vessel": "EDOGAWA MARU", "Type of Vessel": "Cargo", "Standard T": "1972", "Latitude": "34-18N", "Longitude": "124-04E", "Flag of Aggressor": "United States", "Type of Aggression": "Submarine", "Assessment": "Sunk", "URL": null }, "geometry": { "type": "Point", "coordinates": [ 124.066666666666663, 34.3 ] } },
{ "type": "Feature", "properties": { "Month": "April", "Day": 2, "Year": 1945, "Name of Vessel": "NISSHIN MARU", "Type of Vessel": "Cargo", "Standard T": "1179", "Latitude": "34-18N", "Longitude": "124-04E", "Flag of Aggressor": "United States", "Type of Aggression": "Submarine", "Assessment": "Sunk", "URL": null }, "geometry": { "type": "Point", "coordinates": [ 124.066666666666663, 34.3 ] } },
{ "type": "Feature", "properties": { "Month": "April", "Day": 3, "Year": 1945, "Name of Vessel": "IMARI MARU", "Type of Vessel": "Cargo", "Standard T": "880", "Latitude": "33-45N", "Longitude": "129-42E", "Flag of Aggressor": "United States", "Type of Aggression": "Navy Carrier-Based Aircraft", "Assessment": "Sunk", "URL": null }, "geometry": { "type": "Point", "coordinates": [ 129.7, 33.75 ] } },
{ "type": "Feature", "properties": { "Month": "April", "Day": 3, "Year": 1945, "Name of Vessel": "HEIKEI MARU", "Type of Vessel": "Cargo", "Standard T": "2750", "Latitude": "22-17N", "Longitude": "114-10E", "Flag of Aggressor": "United States", "Type of Aggression": "Army Aircraft", "Assessment": "Sunk", "URL": null }, "geometry": { "type": "Point", "coordinates": [ 114.166666666666671, 22.283333333333335 ] } },
{ "type": "Feature", "properties": { "Month": "April", "Day": 3, "Year": 1945, "Name of Vessel": "SHOZAN MARU", "Type of Vessel": "Cargo", "Standard T": "2172", "Latitude": "22-17N", "Longitude": "114-10E", "Flag of Aggressor": "United States", "Type of Aggression": "Army Aircraft", "Assessment": "Sunk", "URL": null }, "geometry": { "type": "Point", "coordinates": [ 114.166666666666671, 22.283333333333335 ] } },
{ "type": "Feature", "properties": { "Month": "April", "Day": 3, "Year": 1945, "Name of Vessel": "NANSHIN MARU NO 30", "Type of Vessel": "Tanker", "Standard T": "834", "Latitude": "12-16N", "Longitude": "109-10E", "Flag of Aggressor": "United States", "Type of Aggression": "Navy Land-Based Aircraft", "Assessment": "Sunk", "URL": null }, "geometry": { "type": "Point", "coordinates": [ 109.166666666666671, 12.266666666666667 ] } },
{ "type": "Feature", "properties": { "Month": "April", "Day": 3, "Year": 1945, "Name of Vessel": "YAMABISHI MARU NO 18", "Type of Vessel": "Cargo", "Standard T": "880", "Latitude": "34-00N", "Longitude": "131-00E", "Flag of Aggressor": "United States", "Type of Aggression": "Army Mine", "Assessment": "Sunk", "URL": null }, "geometry": { "type": "Point", "coordinates": [ 131.0, 34.0 ] } },
{ "type": "Feature", "properties": { "Month": "April", "Day": 4, "Year": 1945, "Name of Vessel": "HOREI MARU", "Type of Vessel": "Tanker", "Standard T": "658", "Latitude": "23-32N", "Longitude": "119-34E", "Flag of Aggressor": "United States", "Type of Aggression": "Army Aircraft", "Assessment": "Sunk", "URL": null }, "geometry": { "type": "Point", "coordinates": [ 119.566666666666663, 23.533333333333335 ] } },
{ "type": "Feature", "properties": { "Month": "April", "Day": 4, "Year": 1945, "Name of Vessel": "KINYU MARU NO 2", "Type of Vessel": "Tanker", "Standard T": "834", "Latitude": "23-32N", "Longitude": "119-34E", "Flag of Aggressor": "United States", "Type of Aggression": "Army Aircraft", "Assessment": "Sunk", "URL": null }, "geometry": { "type": "Point", "coordinates": [ 119.566666666666663, 23.533333333333335 ] } },
{ "type": "Feature", "properties": { "Month": "April", "Day": 4, "Year": 1945, "Name of Vessel": "HOZAN MARU", "Type of Vessel": "Cargo", "Standard T": "1175", "Latitude": "33-45N", "Longitude": "131-46E", "Flag of Aggressor": "United States", "Type of Aggression": "Army Mine", "Assessment": "Sunk", "URL": null }, "geometry": { "type": "Point", "coordinates": [ 131.76666666666668, 33.75 ] } },
{ "type": "Feature", "properties": { "Month": "April", "Day": 5, "Year": 1945, "Name of Vessel": "KINE MARU", "Type of Vessel": "Cargo", "Standard T": "2193", "Latitude": "22-45N", "Longitude": "116-10E", "Flag of Aggressor": "United States", "Type of Aggression": "Army Aircraft", "Assessment": "Sunk", "URL": null }, "geometry": { "type": "Point", "coordinates": [ 116.166666666666671, 22.75 ] } },
{ "type": "Feature", "properties": { "Month": "April", "Day": 5, "Year": 1945, "Name of Vessel": "TOKAI MARU NO 2", "Type of Vessel": "Cargo", "Standard T": "839", "Latitude": "22-24N", "Longitude": "115-28E", "Flag of Aggressor": "United States", "Type of Aggression": "Navy Land-Based Aircraft", "Assessment": "Sunk", "URL": null }, "geometry": { "type": "Point", "coordinates": [ 115.466666666666669, 22.4 ] } },
{ "type": "Feature", "properties": { "Month": "April", "Day": 5, "Year": 1945, "Name of Vessel": "NICHINAN MARU NO 13", "Type of Vessel": "Cargo", "Standard T": "880", "Latitude": "33-58N", "Longitude": "131-02E", "Flag of Aggressor": "United States", "Type of Aggression": "Army Mine", "Assessment": "Sunk", "URL": null }, "geometry": { "type": "Point", "coordinates": [ 131.033333333333331, 33.966666666666669 ] } },
{ "type": "Feature", "properties": { "Month": "April", "Day": 6, "Year": 1945, "Name of Vessel": "FUSHIMI MARU", "Type of Vessel": "Passenger-Cargo", "Standard T": "1229", "Latitude": "33-59N", "Longitude": "130-52E", "Flag of Aggressor": "United States", "Type of Aggression": "Army Mine", "Assessment": "Sunk", "URL": null }, "geometry": { "type": "Point", "coordinates": [ 130.866666666666674, 33.983333333333334 ] } },
{ "type": "Feature", "properties": { "Month": "April", "Day": 6, "Year": 1945, "Name of Vessel": "HSING YUN MARU", "Type of Vessel": "Passenger-Cargo", "Standard T": "3414", "Latitude": "32-05N", "Longitude": "119-56E", "Flag of Aggressor": "United States", "Type of Aggression": "Army Mine", "Assessment": "Sunk", "URL": null }, "geometry": { "type": "Point", "coordinates": [ 119.933333333333337, 32.083333333333336 ] } },
{ "type": "Feature", "properties": { "Month": "April", "Day": 6, "Year": 1945, "Name of Vessel": "ARAOSAN MARU", "Type of Vessel": "Cargo", "Standard T": "6886", "Latitude": "9-37N", "Longitude": "102-48E", "Flag of Aggressor": "United States", "Type of Aggression": "Submarine", "Assessment": "Sunk", "URL": null }, "geometry": { "type": "Point", "coordinates": [ 102.8, 9.616666666666667 ] } },
{ "type": "Feature", "properties": { "Month": "April", "Day": 7, "Year": 1945, "Name of Vessel": "HATSUKARI MARU", "Type of Vessel": "Cargo", "Standard T": "875", "Latitude": "33-55N", "Longitude": "130-50E", "Flag of Aggressor": "United States", "Type of Aggression": "Army Mine", "Assessment": "Sunk", "URL": null }, "geometry": { "type": "Point", "coordinates": [ 130.833333333333343, 33.916666666666664 ] } },
{ "type": "Feature", "properties": { "Month": "April", "Day": 8, "Year": 1945, "Name of Vessel": "TAMON MARU NO 12", "Type of Vessel": "Cargo", "Standard T": "2220", "Latitude": "31-16N", "Longitude": "121-45E", "Flag of Aggressor": "United States", "Type of Aggression": "Army Mine", "Assessment": "Sunk", "URL": null }, "geometry": { "type": "Point", "coordinates": [ 121.75, 31.266666666666666 ] } },
{ "type": "Feature", "properties": { "Month": "April", "Day": 9, "Year": 1945, "Name of Vessel": "NIKKO MARU", "Type of Vessel": "Transport", "Standard T": "5057", "Latitude": "36-50N", "Longitude": "123-55E", "Flag of Aggressor": "United States", "Type of Aggression": "Submarine", "Assessment": "Sunk", "URL": null }, "geometry": { "type": "Point", "coordinates": [ 123.916666666666671, 36.833333333333336 ] } },
{ "type": "Feature", "properties": { "Month": "April", "Day": 9, "Year": 1945, "Name of Vessel": "LEE TUNG", "Type of Vessel": "Cargo", "Standard T": "1853", "Latitude": "37-21N", "Longitude": "125-08E", "Flag of Aggressor": "United States", "Type of Aggression": "Submarine", "Assessment": "Sunk", "URL": null }, "geometry": { "type": "Point", "coordinates": [ 125.13333333333334, 37.35 ] } },
{ "type": "Feature", "properties": { "Month": "April", "Day": 10, "Year": 1945, "Name of Vessel": "HOSEI MARU", "Type of Vessel": "Tanker", "Standard T": "696", "Latitude": "5-25S", "Longitude": "106-39E", "Flag of Aggressor": "Netherlands", "Type of Aggression": "Submarine", "Assessment": "Sunk", "URL": null }, "geometry": { "type": "Point", "coordinates": [ 106.65, -5.416666666666667 ] } },
{ "type": "Feature", "properties": { "Month": "April", "Day": 10, "Year": 1945, "Name of Vessel": "MARUKO MARU", "Type of Vessel": "Cargo", "Standard T": "3000", "Latitude": "31-15N", "Longitude": "121-29E", "Flag of Aggressor": "United States", "Type of Aggression": "Army Mine", "Assessment": "Sunk", "URL": null }, "geometry": { "type": "Point", "coordinates": [ 121.483333333333334, 31.25 ] } },
{ "type": "Feature", "properties": { "Month": "April", "Day": 13, "Year": 1945, "Name of Vessel": "NANSHIN MARU NO 12", "Type of Vessel": "Cargo", "Standard T": "865", "Latitude": "4-00S", "Longitude": "116-20E", "Flag of Aggressor": "United States", "Type of Aggression": "Army Aircraft", "Assessment": "Sunk", "URL": null }, "geometry": { "type": "Point", "coordinates": [ 116.333333333333329, -4.0 ] } },
{ "type": "Feature", "properties": { "Month": "April", "Day": 13, "Year": 1945, "Name of Vessel": "SHINRO MARU", "Type of Vessel": "Cargo", "Standard T": "877", "Latitude": "33-58N", "Longitude": "131-02E", "Flag of Aggressor": "United States", "Type of Aggression": "Army Mine", "Assessment": "Sunk", "URL": null }, "geometry": { "type": "Point", "coordinates": [ 131.033333333333331, 33.966666666666669 ] } },
{ "type": "Feature", "properties": { "Month": "April", "Day": 14, "Year": 1945, "Name of Vessel": "TAKKO MARU", "Type of Vessel": "Cargo", "Standard T": "901", "Latitude": "31-14N", "Longitude": "121-30E", "Flag of Aggressor": "United States", "Type of Aggression": "Army Aircraft", "Assessment": "Sunk", "URL": null }, "geometry": { "type": "Point", "coordinates": [ 121.5, 31.233333333333334 ] } },
{ "type": "Feature", "properties": { "Month": "April", "Day": 14, "Year": 1945, "Name of Vessel": "KAKO MARU", "Type of Vessel": "Cargo", "Standard T": "762", "Latitude": "5-19S", "Longitude": "117-06E", "Flag of Aggressor": "United States", "Type of Aggression": "Submarine", "Assessment": "Sunk", "URL": null }, "geometry": { "type": "Point", "coordinates": [ 117.1, -5.316666666666666 ] } },
{ "type": "Feature", "properties": { "Month": "April", "Day": 14, "Year": 1945, "Name of Vessel": "JUZAN MARU", "Type of Vessel": "Passenger-Cargo", "Standard T": "3943", "Latitude": "33-25N", "Longitude": "126-15E", "Flag of Aggressor": "United States", "Type of Aggression": "Submarine", "Assessment": "Sunk", "URL": null }, "geometry": { "type": "Point", "coordinates": [ 126.25, 33.416666666666664 ] } },
{ "type": "Feature", "properties": { "Month": "April", "Day": 15, "Year": 1945, "Name of Vessel": "SANNAN MARU NO 3", "Type of Vessel": "Cargo", "Standard T": "873", "Latitude": "33-58N", "Longitude": "131-02E", "Flag of Aggressor": "United States", "Type of Aggression": "Army Mine", "Assessment": "Sunk", "URL": null }, "geometry": { "type": "Point", "coordinates": [ 131.033333333333331, 33.966666666666669 ] } },
{ "type": "Feature", "properties": { "Month": "April", "Day": 16, "Year": 1945, "Name of Vessel": "TOKO MARU", "Type of Vessel": "Cargo", "Standard T": "6850", "Latitude": "33-24N", "Longitude": "139-31E", "Flag of Aggressor": "United States", "Type of Aggression": "Submarine", "Assessment": "Sunk", "URL": null }, "geometry": { "type": "Point", "coordinates": [ 139.51666666666668, 33.4 ] } },
{ "type": "Feature", "properties": { "Month": "April", "Day": 16, "Year": 1945, "Name of Vessel": "MANRYU MARU", "Type of Vessel": "Cargo", "Standard T": "1620", "Latitude": "39-36N", "Longitude": "142-05E", "Flag of Aggressor": "United States", "Type of Aggression": "Submarine", "Assessment": "Sunk", "URL": null }, "geometry": { "type": "Point", "coordinates": [ 142.083333333333343, 39.6 ] } },
{ "type": "Feature", "properties": { "Month": "April", "Day": 17, "Year": 1945, "Name of Vessel": "SONJO MARU", "Type of Vessel": "Cargo", "Standard T": "800", "Latitude": "31-13N", "Longitude": "121-52E", "Flag of Aggressor": "United States", "Type of Aggression": "Army Mine", "Assessment": "Sunk", "URL": null }, "geometry": { "type": "Point", "coordinates": [ 121.86666666666666, 31.216666666666665 ] } },
{ "type": "Feature", "properties": { "Month": "April", "Day": 18, "Year": 1945, "Name of Vessel": "TEIZUI MARU", "Type of Vessel": "Cargo", "Standard T": "8426", "Latitude": "34-03N", "Longitude": "130-50E", "Flag of Aggressor": "United States", "Type of Aggression": "Army Mine", "Assessment": "Sunk", "URL": null }, "geometry": { "type": "Point", "coordinates": [ 130.833333333333343, 34.05 ] } },
{ "type": "Feature", "properties": { "Month": "April", "Day": 19, "Year": 1945, "Name of Vessel": "HAGANE MARU", "Type of Vessel": "Cargo", "Standard T": "1901", "Latitude": "33-35N", "Longitude": "135-23E", "Flag of Aggressor": "United States", "Type of Aggression": "Submarine", "Assessment": "Sunk", "URL": null }, "geometry": { "type": "Point", "coordinates": [ 135.383333333333326, 33.583333333333336 ] } },
{ "type": "Feature", "properties": { "Month": "April", "Day": 19, "Year": 1945, "Name of Vessel": "KAIHO MARU", "Type of Vessel": "Cargo", "Standard T": "1093", "Latitude": "42-22N", "Longitude": "142-16E", "Flag of Aggressor": "United States", "Type of Aggression": "Submarine", "Assessment": "Sunk", "URL": null }, "geometry": { "type": "Point", "coordinates": [ 142.26666666666668, 42.366666666666667 ] } },
{ "type": "Feature", "properties": { "Month": "April", "Day": 19, "Year": 1945, "Name of Vessel": "TAISEI MARU", "Type of Vessel": "Cargo", "Standard T": "1948", "Latitude": "42-23N", "Longitude": "142-13E", "Flag of Aggressor": "United States", "Type of Aggression": "Submarine", "Assessment": "Sunk", "URL": null }, "geometry": { "type": "Point", "coordinates": [ 142.216666666666669, 42.383333333333333 ] } },
{ "type": "Feature", "properties": { "Month": "April", "Day": 20, "Year": 1945, "Name of Vessel": "SANKO MARU", "Type of Vessel": "Cargo", "Standard T": "847", "Latitude": "33-48N", "Longitude": "131-00E", "Flag of Aggressor": "United States", "Type of Aggression": "Army Mine", "Assessment": "Sunk", "URL": null }, "geometry": { "type": "Point", "coordinates": [ 131.0, 33.8 ] } },
{ "type": "Feature", "properties": { "Month": "April", "Day": 20, "Year": 1945, "Name of Vessel": "YAMAMITSU MARU", "Type of Vessel": "Cargo", "Standard T": "876", "Latitude": "34-32N", "Longitude": "128-44E", "Flag of Aggressor": "Japan", "Type of Aggression": "Army Mine", "Assessment": "Sunk", "URL": null }, "geometry": { "type": "Point", "coordinates": [ 128.73333333333332, 34.533333333333331 ] } },
{ "type": "Feature", "properties": { "Month": "April", "Day": 27, "Year": 1945, "Name of Vessel": "KAIHO MARU", "Type of Vessel": "Cargo", "Standard T": "2563", "Latitude": "34-00N", "Longitude": "130-50E", "Flag of Aggressor": "United States", "Type of Aggression": "Army Mine", "Assessment": "Sunk", "URL": null }, "geometry": { "type": "Point", "coordinates": [ 130.833333333333343, 34.0 ] } },
{ "type": "Feature", "properties": { "Month": "April", "Day": 28, "Year": 1945, "Name of Vessel": "TAKASAGO MARU", "Type of Vessel": "Tanker", "Standard T": "1116", "Latitude": "6-48N", "Longitude": "101-36E", "Flag of Aggressor": "Great Britain", "Type of Aggression": "Submarine", "Assessment": "Sunk", "URL": null }, "geometry": { "type": "Point", "coordinates": [ 101.6, 6.8 ] } },
{ "type": "Feature", "properties": { "Month": "April", "Day": 28, "Year": 1945, "Name of Vessel": "TAKASAGO MARU NO 8", "Type of Vessel": "Tanker", "Standard T": "834", "Latitude": "10-49N", "Longitude": "106-41E", "Flag of Aggressor": "United States", "Type of Aggression": "Army Aircraft", "Assessment": "Sunk", "URL": null }, "geometry": { "type": "Point", "coordinates": [ 106.683333333333337, 10.816666666666666 ] } },
{ "type": "Feature", "properties": { "Month": "April", "Day": 28, "Year": 1945, "Name of Vessel": "GAKUJO MARU", "Type of Vessel": "Cargo", "Standard T": "2220", "Latitude": "34-00N", "Longitude": "130-50E", "Flag of Aggressor": "United States", "Type of Aggression": "Army Mine", "Assessment": "Sunk", "URL": null }, "geometry": { "type": "Point", "coordinates": [ 130.833333333333343, 34.0 ] } },
{ "type": "Feature", "properties": { "Month": "April", "Day": 29, "Year": 1945, "Name of Vessel": "TEISHU MARU", "Type of Vessel": "Converted Submarine Tender", "Standard T": "1230", "Latitude": "4-11S", "Longitude": "111-17E", "Flag of Aggressor": "United States", "Type of Aggression": "Submarine", "Assessment": "Sunk", "URL": null }, "geometry": { "type": "Point", "coordinates": [ 111.283333333333331, -4.183333333333334 ] } },
{ "type": "Feature", "properties": { "Month": "April", "Day": 29, "Year": 1945, "Name of Vessel": "TAISHU MARU", "Type of Vessel": "Cargo", "Standard T": "6925", "Latitude": "39-15N", "Longitude": "141-58E", "Flag of Aggressor": "United States", "Type of Aggression": "Submarine", "Assessment": "Sunk", "URL": null }, "geometry": { "type": "Point", "coordinates": [ 141.966666666666669, 39.25 ] } },
{ "type": "Feature", "properties": { "Month": "April", "Day": 30, "Year": 1945, "Name of Vessel": "KUNIKAWA MARU", "Type of Vessel": "Converted Seaplane Tender", "Standard T": "6863", "Latitude": "1-15S", "Longitude": "116-50E", "Flag of Aggressor": "United States", "Type of Aggression": "Army Aircraft", "Assessment": "Sunk", "URL": null }, "geometry": { "type": "Point", "coordinates": [ 116.833333333333329, -1.25 ] } },
{ "type": "Feature", "properties": { "Month": "April", "Day": 30, "Year": 1945, "Name of Vessel": "YUNO MARU", "Type of Vessel": "Tanker", "Standard T": "2345", "Latitude": "00-58S", "Longitude": "104-31E", "Flag of Aggressor": "Great Britain", "Type of Aggression": "Mine", "Assessment": "Sunk", "URL": null }, "geometry": { "type": "Point", "coordinates": [ 104.516666666666666, -0.966666666666667 ] } },
{ "type": "Feature", "properties": { "Month": "April", "Day": 30, "Year": 1945, "Name of Vessel": "MIHO MARU", "Type of Vessel": "Cargo", "Standard T": "4667", "Latitude": "34-20N", "Longitude": "123-58E", "Flag of Aggressor": "United States", "Type of Aggression": "Submarine", "Assessment": "Sunk", "URL": null }, "geometry": { "type": "Point", "coordinates": [ 123.966666666666669, 34.333333333333336 ] } },
{ "type": "Feature", "properties": { "Month": "May", "Day": 1, "Year": 1945, "Name of Vessel": "KOMADORI MARU", "Type of Vessel": "Tanker", "Standard T": "880", "Latitude": "34-35N", "Longitude": "126-00E", "Flag of Aggressor": "United States", "Type of Aggression": "Navy Land-Based Aircraft", "Assessment": "Sunk", "URL": null }, "geometry": { "type": "Point", "coordinates": [ 126.0, 34.583333333333336 ] } },
{ "type": "Feature", "properties": { "Month": "May", "Day": 1, "Year": 1945, "Name of Vessel": "KYOGYOKU MARU", "Type of Vessel": "Cargo", "Standard T": "6859", "Latitude": "34-35N", "Longitude": "126-00E", "Flag of Aggressor": "United States", "Type of Aggression": "Navy Land-Based Aircraft", "Assessment": "Sunk", "URL": null }, "geometry": { "type": "Point", "coordinates": [ 126.0, 34.583333333333336 ] } },
{ "type": "Feature", "properties": { "Month": "May", "Day": 1, "Year": 1945, "Name of Vessel": "CHOWA MARU", "Type of Vessel": "Passenger-Cargo", "Standard T": "2719", "Latitude": "41-06N", "Longitude": "144-28E", "Flag of Aggressor": "United States", "Type of Aggression": "Submarine", "Assessment": "Sunk", "URL": null }, "geometry": { "type": "Point", "coordinates": [ 144.466666666666669, 41.1 ] } },
{ "type": "Feature", "properties": { "Month": "May", "Day": 2, "Year": 1945, "Name of Vessel": "TORYU MARU", "Type of Vessel": "Cargo", "Standard T": "1992", "Latitude": "37-22N", "Longitude": "123-43E", "Flag of Aggressor": "United States", "Type of Aggression": "Submarine", "Assessment": "Sunk", "URL": null }, "geometry": { "type": "Point", "coordinates": [ 123.716666666666669, 37.366666666666667 ] } },
{ "type": "Feature", "properties": { "Month": "May", "Day": 4, "Year": 1945, "Name of Vessel": "TOKACHI MARU", "Type of Vessel": "Converted Submarine Chaser", "Standard T": "500", "Latitude": "8-50N", "Longitude": "104-50E", "Flag of Aggressor": "United States", "Type of Aggression": "Army Aircraft", "Assessment": "Sunk", "URL": null }, "geometry": { "type": "Point", "coordinates": [ 104.833333333333329, 8.833333333333334 ] } },
{ "type": "Feature", "properties": { "Month": "May", "Day": 4, "Year": 1945, "Name of Vessel": "SHINPEN MARU", "Type of Vessel": "Cargo", "Standard T": "884", "Latitude": "39-28N", "Longitude": "142-04E", "Flag of Aggressor": "United States", "Type of Aggression": "Submarine", "Assessment": "Sunk", "URL": null }, "geometry": { "type": "Point", "coordinates": [ 142.066666666666663, 39.466666666666669 ] } },
{ "type": "Feature", "properties": { "Month": "May", "Day": 4, "Year": 1945, "Name of Vessel": "YAEI MARU NO 2", "Type of Vessel": "Tanker", "Standard T": "834", "Latitude": "2-00N", "Longitude": "105-00E", "Flag of Aggressor": "United States", "Type of Aggression": "Army Mine", "Assessment": "Sunk", "URL": null }, "geometry": { "type": "Point", "coordinates": [ 105.0, 2.0 ] } },
{ "type": "Feature", "properties": { "Month": "May", "Day": 5, "Year": 1945, "Name of Vessel": "NANYO MARU NO 9", "Type of Vessel": "Tanker", "Standard T": "834", "Latitude": "34-50N", "Longitude": "126-30E", "Flag of Aggressor": "United States", "Type of Aggression": "Navy Land-Based Aircraft", "Assessment": "Sunk", "URL": null }, "geometry": { "type": "Point", "coordinates": [ 126.5, 34.833333333333336 ] } },
{ "type": "Feature", "properties": { "Month": "May", "Day": 5, "Year": 1945, "Name of Vessel": "TAKASAGO MARU NO 11", "Type of Vessel": "Tanker", "Standard T": "834", "Latitude": "34-40N", "Longitude": "127-30E", "Flag of Aggressor": "United States", "Type of Aggression": "Navy Land-Based Aircraft", "Assessment": "Sunk", "URL": null }, "geometry": { "type": "Point", "coordinates": [ 127.5, 34.666666666666664 ] } },
{ "type": "Feature", "properties": { "Month": "May", "Day": 5, "Year": 1945, "Name of Vessel": "TAIUN MARU NO 9", "Type of Vessel": "Cargo", "Standard T": "1004", "Latitude": "34-00N", "Longitude": "130-00E", "Flag of Aggressor": "United States", "Type of Aggression": "Navy Land-Based Aircraft", "Assessment": "Sunk", "URL": null }, "geometry": { "type": "Point", "coordinates": [ 130.0, 34.0 ] } },
{ "type": "Feature", "properties": { "Month": "May", "Day": 5, "Year": 1945, "Name of Vessel": "TAKASAGO MARU NO 15", "Type of Vessel": "Tanker", "Standard T": "834", "Latitude": "35-32N", "Longitude": "126-20E", "Flag of Aggressor": "United States", "Type of Aggression": "Navy Land-Based Aircraft", "Assessment": "Sunk", "URL": null }, "geometry": { "type": "Point", "coordinates": [ 126.333333333333329, 35.533333333333331 ] } },
{ "type": "Feature", "properties": { "Month": "May", "Day": 5, "Year": 1945, "Name of Vessel": "MANSHU MARU", "Type of Vessel": "Cargo", "Standard T": "5266", "Latitude": "33-47N", "Longitude": "131-35E", "Flag of Aggressor": "United States", "Type of Aggression": "Army Mine", "Assessment": "Sunk", "URL": null }, "geometry": { "type": "Point", "coordinates": [ 131.583333333333343, 33.783333333333331 ] } },
{ "type": "Feature", "properties": { "Month": "May", "Day": 6, "Year": 1945, "Name of Vessel": "NAKAGAWA MARU", "Type of Vessel": "Transport", "Standard T": "6886", "Latitude": "34-30N", "Longitude": "127-00E", "Flag of Aggressor": "United States", "Type of Aggression": "Navy Land-Based Aircraft", "Assessment": "Sunk", "URL": null }, "geometry": { "type": "Point", "coordinates": [ 127.0, 34.5 ] } },
{ "type": "Feature", "properties": { "Month": "May", "Day": 6, "Year": 1945, "Name of Vessel": "TORA MARU NO 1", "Type of Vessel": "Tanker", "Standard T": "503", "Latitude": "36-00N", "Longitude": "129-05E", "Flag of Aggressor": "United States", "Type of Aggression": "Navy Land-Based Aircraft", "Assessment": "Sunk", "URL": null }, "geometry": { "type": "Point", "coordinates": [ 129.083333333333343, 36.0 ] } },
{ "type": "Feature", "properties": { "Month": "May", "Day": 6, "Year": 1945, "Name of Vessel": "EIKO MARU", "Type of Vessel": "Passenger-Cargo", "Standard T": "1164", "Latitude": "36-26N", "Longitude": "126-37E", "Flag of Aggressor": "United States", "Type of Aggression": "Navy Land-Based Aircraft", "Assessment": "Sunk", "URL": null }, "geometry": { "type": "Point", "coordinates": [ 126.61666666666666, 36.43333333333333 ] } },
{ "type": "Feature", "properties": { "Month": "May", "Day": 6, "Year": 1945, "Name of Vessel": "SHINCHIYO MARU", "Type of Vessel": "Cargo", "Standard T": "6872", "Latitude": "34-19N", "Longitude": "132-26E", "Flag of Aggressor": "United States", "Type of Aggression": "Navy Land-Based Aircraft", "Assessment": "Sunk", "URL": null }, "geometry": { "type": "Point", "coordinates": [ 132.433333333333337, 34.31666666666667 ] } },
{ "type": "Feature", "properties": { "Month": "May", "Day": 6, "Year": 1945, "Name of Vessel": "SAGAMIGAWA MARU", "Type of Vessel": "Cargo", "Standard T": "6880", "Latitude": "34-00N", "Longitude": "130-50E", "Flag of Aggressor": "United States", "Type of Aggression": "Army Mine", "Assessment": "Sunk", "URL": null }, "geometry": { "type": "Point", "coordinates": [ 130.833333333333343, 34.0 ] } },
{ "type": "Feature", "properties": { "Month": "May", "Day": 6, "Year": 1945, "Name of Vessel": "KINREI MARU", "Type of Vessel": "Tanker", "Standard T": "850", "Latitude": "8-15N", "Longitude": "102-15E", "Flag of Aggressor": "United States", "Type of Aggression": "Submarine", "Assessment": "Sunk", "URL": null }, "geometry": { "type": "Point", "coordinates": [ 102.25, 8.25 ] } },
{ "type": "Feature", "properties": { "Month": "May", "Day": 7, "Year": 1945, "Name of Vessel": "HAKKO MARU", "Type of Vessel": "Cargo", "Standard T": "1030", "Latitude": "5-08S", "Longitude": "119-24E", "Flag of Aggressor": "United States", "Type of Aggression": "Army Aircraft", "Assessment": "Sunk", "URL": null }, "geometry": { "type": "Point", "coordinates": [ 119.4, -5.133333333333334 ] } },
{ "type": "Feature", "properties": { "Month": "May", "Day": 7, "Year": 1945, "Name of Vessel": "KENZAN MARU", "Type of Vessel": "Converted Gunboat", "Standard T": "950", "Latitude": "00-08S", "Longitude": "119-24E", "Flag of Aggressor": "United States", "Type of Aggression": "Army Aircraft", "Assessment": "Sunk", "URL": null }, "geometry": { "type": "Point", "coordinates": [ 119.4, -0.133333333333333 ] } },
{ "type": "Feature", "properties": { "Month": "May", "Day": 7, "Year": 1945, "Name of Vessel": "HOGI MARU NO 7", "Type of Vessel": "Tanker", "Standard T": "834", "Latitude": "34-30N", "Longitude": "126-00E", "Flag of Aggressor": "United States", "Type of Aggression": "Navy Land-Based Aircraft", "Assessment": "Sunk", "URL": null }, "geometry": { "type": "Point", "coordinates": [ 126.0, 34.5 ] } },
{ "type": "Feature", "properties": { "Month": "May", "Day": 7, "Year": 1945, "Name of Vessel": "KABA MARU", "Type of Vessel": "Cargo", "Standard T": "884", "Latitude": "34-00N", "Longitude": "130-00E", "Flag of Aggressor": "United States", "Type of Aggression": "Navy Land-Based Aircraft", "Assessment": "Sunk", "URL": null }, "geometry": { "type": "Point", "coordinates": [ 130.0, 34.0 ] } },
{ "type": "Feature", "properties": { "Month": "May", "Day": 7, "Year": 1945, "Name of Vessel": "KOZAN MARU NO 2", "Type of Vessel": "Cargo", "Standard T": "6886", "Latitude": "35-15N", "Longitude": "126-03E", "Flag of Aggressor": "United States", "Type of Aggression": "Navy Land-Based Aircraft", "Assessment": "Sunk", "URL": null }, "geometry": { "type": "Point", "coordinates": [ 126.05, 35.25 ] } },
{ "type": "Feature", "properties": { "Month": "May", "Day": 7, "Year": 1945, "Name of Vessel": "TATSUCHIYO MARU", "Type of Vessel": "Cargo", "Standard T": "6873", "Latitude": "34-00N", "Longitude": "126-00E", "Flag of Aggressor": "United States", "Type of Aggression": "Navy Land-Based Aircraft", "Assessment": "Sunk", "URL": null }, "geometry": { "type": "Point", "coordinates": [ 126.0, 34.0 ] } },
{ "type": "Feature", "properties": { "Month": "May", "Day": 7, "Year": 1945, "Name of Vessel": "HARUSHIO MARU", "Type of Vessel": "Cargo", "Standard T": "1989", "Latitude": "34-06N", "Longitude": "130-47E", "Flag of Aggressor": "United States", "Type of Aggression": "Army Mine", "Assessment": "Sunk", "URL": null }, "geometry": { "type": "Point", "coordinates": [ 130.783333333333331, 34.1 ] } },
{ "type": "Feature", "properties": { "Month": "May", "Day": 7, "Year": 1945, "Name of Vessel": "KASHIMA MARU", "Type of Vessel": "Cargo", "Standard T": "870", "Latitude": "34-02N", "Longitude": "130-54E", "Flag of Aggressor": "United States", "Type of Aggression": "Army Mine", "Assessment": "Sunk", "URL": null }, "geometry": { "type": "Point", "coordinates": [ 130.9, 34.033333333333331 ] } },
{ "type": "Feature", "properties": { "Month": "May", "Day": 7, "Year": 1945, "Name of Vessel": "TEIKA MARU", "Type of Vessel": "Passenger-Cargo", "Standard T": "8009", "Latitude": "34-06N", "Longitude": "130-47E", "Flag of Aggressor": "United States", "Type of Aggression": "Army Mine", "Assessment": "Sunk", "URL": null }, "geometry": { "type": "Point", "coordinates": [ 130.783333333333331, 34.1 ] } },
{ "type": "Feature", "properties": { "Month": "May", "Day": 7, "Year": 1945, "Name of Vessel": "SHOFUKU MARU", "Type of Vessel": "Passenger-Cargo", "Standard T": "1768", "Latitude": "33-59N", "Longitude": "130-52E", "Flag of Aggressor": "United States", "Type of Aggression": "Army Mine", "Assessment": "Sunk", "URL": null }, "geometry": { "type": "Point", "coordinates": [ 130.866666666666674, 33.983333333333334 ] } },
{ "type": "Feature", "properties": { "Month": "May", "Day": 8, "Year": 1945, "Name of Vessel": "KOTOBUKI MARU", "Type of Vessel": "Passenger-Cargo", "Standard T": "18765", "Latitude": "34-30N", "Longitude": "126-30E", "Flag of Aggressor": "United States", "Type of Aggression": "Army Mine", "Assessment": "Sunk", "URL": null }, "geometry": { "type": "Point", "coordinates": [ 126.5, 34.5 ] } },
{ "type": "Feature", "properties": { "Month": "May", "Day": 8, "Year": 1945, "Name of Vessel": "DAITO MARU NO 3", "Type of Vessel": "Cargo", "Standard T": "880", "Latitude": "39-37N", "Longitude": "142-07E", "Flag of Aggressor": "United States", "Type of Aggression": "Submarine", "Assessment": "Sunk", "URL": null }, "geometry": { "type": "Point", "coordinates": [ 142.116666666666674, 39.616666666666667 ] } },
{ "type": "Feature", "properties": { "Month": "May", "Day": 10, "Year": 1945, "Name of Vessel": "TOYU MARU NO 1", "Type of Vessel": "Tanker", "Standard T": "834", "Latitude": "34-34N", "Longitude": "128-58E", "Flag of Aggressor": "United States", "Type of Aggression": "Navy Land-Based Aircraft", "Assessment": "Sunk", "URL": null }, "geometry": { "type": "Point", "coordinates": [ 128.966666666666669, 34.56666666666667 ] } },
{ "type": "Feature", "properties": { "Month": "May", "Day": 10, "Year": 1945, "Name of Vessel": "TATSUWA MARU", "Type of Vessel": "Passenger-Cargo", "Standard T": "6332", "Latitude": "34-05N", "Longitude": "132-27E", "Flag of Aggressor": "United States", "Type of Aggression": "Army Mine", "Assessment": "Sunk", "URL": null }, "geometry": { "type": "Point", "coordinates": [ 132.45, 34.083333333333336 ] } },
{ "type": "Feature", "properties": { "Month": "May", "Day": 11, "Year": 1945, "Name of Vessel": "AITOKU MARU", "Type of Vessel": "Cargo", "Standard T": "1328", "Latitude": "50-42N", "Longitude": "156-13E", "Flag of Aggressor": "United States", "Type of Aggression": "Army Aircraft", "Assessment": "Sunk", "URL": null }, "geometry": { "type": "Point", "coordinates": [ 156.216666666666669, 50.7 ] } },
{ "type": "Feature", "properties": { "Month": "May", "Day": 11, "Year": 1945, "Name of Vessel": "SEIRI MARU", "Type of Vessel": "Cargo", "Standard T": "1200", "Latitude": "34-17N", "Longitude": "126-50E", "Flag of Aggressor": "United States", "Type of Aggression": "Navy Land-Based Aircraft", "Assessment": "Sunk", "URL": null }, "geometry": { "type": "Point", "coordinates": [ 126.833333333333329, 34.283333333333331 ] } },
{ "type": "Feature", "properties": { "Month": "May", "Day": 11, "Year": 1945, "Name of Vessel": "SHINZAN MARU", "Type of Vessel": "Cargo", "Standard T": "880", "Latitude": "34-15N", "Longitude": "127-10E", "Flag of Aggressor": "United States", "Type of Aggression": "Navy Land-Based Aircraft", "Assessment": "Sunk", "URL": null }, "geometry": { "type": "Point", "coordinates": [ 127.166666666666671, 34.25 ] } },
{ "type": "Feature", "properties": { "Month": "May", "Day": 11, "Year": 1945, "Name of Vessel": "KITSURIN MARU", "Type of Vessel": "Passenger-Cargo", "Standard T": "6783", "Latitude": "34-39N", "Longitude": "135-11E", "Flag of Aggressor": "United States", "Type of Aggression": "Army Mine", "Assessment": "Sunk", "URL": null }, "geometry": { "type": "Point", "coordinates": [ 135.183333333333337, 34.65 ] } },
{ "type": "Feature", "properties": { "Month": "May", "Day": 11, "Year": 1945, "Name of Vessel": "TAMAE MARU", "Type of Vessel": "Cargo", "Standard T": "1282", "Latitude": "34-06N", "Longitude": "130-47E", "Flag of Aggressor": "United States", "Type of Aggression": "Army Mine", "Assessment": "Sunk", "URL": null }, "geometry": { "type": "Point", "coordinates": [ 130.783333333333331, 34.1 ] } },
{ "type": "Feature", "properties": { "Month": "May", "Day": 12, "Year": 1945, "Name of Vessel": "CHILE MARU", "Type of Vessel": "Passenger-Cargo", "Standard T": "5859", "Latitude": "34-25N", "Longitude": "129-40E", "Flag of Aggressor": "United States", "Type of Aggression": "Navy Land-Based Aircraft", "Assessment": "Sunk", "URL": null }, "geometry": { "type": "Point", "coordinates": [ 129.666666666666657, 34.416666666666664 ] } },
{ "type": "Feature", "properties": { "Month": "May", "Day": 12, "Year": 1945, "Name of Vessel": "FUNAKAWA MARU NO 2", "Type of Vessel": "Tanker", "Standard T": "887", "Latitude": "34-37N", "Longitude": "128-00E", "Flag of Aggressor": "United States", "Type of Aggression": "Navy Land-Based Aircraft", "Assessment": "Sunk", "URL": null }, "geometry": { "type": "Point", "coordinates": [ 128.0, 34.616666666666667 ] } },
{ "type": "Feature", "properties": { "Month": "May", "Day": 12, "Year": 1945, "Name of Vessel": "TAKASAGO MARU NO 13", "Type of Vessel": "Tanker", "Standard T": "834", "Latitude": "36-12N", "Longitude": "126-03E", "Flag of Aggressor": "United States", "Type of Aggression": "Navy Land-Based Aircraft", "Assessment": "Sunk", "URL": null }, "geometry": { "type": "Point", "coordinates": [ 126.05, 36.2 ] } },
{ "type": "Feature", "properties": { "Month": "May", "Day": 12, "Year": 1945, "Name of Vessel": "BRAZIL MARU", "Type of Vessel": "Cargo", "Standard T": "5859", "Latitude": "34-40N", "Longitude": "135-12E", "Flag of Aggressor": "United States", "Type of Aggression": "Army Mine", "Assessment": "Sunk", "URL": null }, "geometry": { "type": "Point", "coordinates": [ 135.2, 34.666666666666664 ] } },
{ "type": "Feature", "properties": { "Month": "May", "Day": 12, "Year": 1945, "Name of Vessel": "NISSHO MARU NO 1", "Type of Vessel": "Cargo", "Standard T": "1362", "Latitude": "34-06N", "Longitude": "130-47E", "Flag of Aggressor": "United States", "Type of Aggression": "Army Mine", "Assessment": "Sunk", "URL": null }, "geometry": { "type": "Point", "coordinates": [ 130.783333333333331, 34.1 ] } },
{ "type": "Feature", "properties": { "Month": "May", "Day": 12, "Year": 1945, "Name of Vessel": "MANBO MARU", "Type of Vessel": "Cargo", "Standard T": "1253", "Latitude": "34-30N", "Longitude": "135-10E", "Flag of Aggressor": "United States", "Type of Aggression": "Army Mine", "Assessment": "Sunk", "URL": null }, "geometry": { "type": "Point", "coordinates": [ 135.166666666666657, 34.5 ] } },
{ "type": "Feature", "properties": { "Month": "May", "Day": 12, "Year": 1945, "Name of Vessel": "REKIZAN MARU", "Type of Vessel": "Cargo", "Standard T": "1311", "Latitude": "37-23N", "Longitude": "123-42E", "Flag of Aggressor": "United States", "Type of Aggression": "Submarine", "Assessment": "Sunk", "URL": null }, "geometry": { "type": "Point", "coordinates": [ 123.7, 37.383333333333333 ] } },
{ "type": "Feature", "properties": { "Month": "May", "Day": 13, "Year": 1945, "Name of Vessel": "YOSEI MARU", "Type of Vessel": "Tanker", "Standard T": "2500", "Latitude": "6-31S", "Longitude": "111-19E", "Flag of Aggressor": "United States", "Type of Aggression": "Submarine", "Assessment": "Sunk", "URL": null }, "geometry": { "type": "Point", "coordinates": [ 111.316666666666663, -6.516666666666667 ] } },
{ "type": "Feature", "properties": { "Month": "May", "Day": 13, "Year": 1945, "Name of Vessel": "SHINNAN MARU", "Type of Vessel": "Cargo", "Standard T": "1025", "Latitude": "39-07N", "Longitude": "141-57E", "Flag of Aggressor": "United States", "Type of Aggression": "Submarine", "Assessment": "Sunk", "URL": null }, "geometry": { "type": "Point", "coordinates": [ 141.95, 39.116666666666667 ] } },
{ "type": "Feature", "properties": { "Month": "May", "Day": 13, "Year": 1945, "Name of Vessel": "GYORYU MARU", "Type of Vessel": "Cargo", "Standard T": "2180", "Latitude": "34-40N", "Longitude": "135-10E", "Flag of Aggressor": "United States", "Type of Aggression": "Army Mine", "Assessment": "Sunk", "URL": null }, "geometry": { "type": "Point", "coordinates": [ 135.166666666666657, 34.666666666666664 ] } },
{ "type": "Feature", "properties": { "Month": "May", "Day": 13, "Year": 1945, "Name of Vessel": "KINOTO MARU", "Type of Vessel": "Cargo", "Standard T": "1561", "Latitude": "34-39N", "Longitude": "135-11E", "Flag of Aggressor": "United States", "Type of Aggression": "Army Mine", "Assessment": "Sunk", "URL": null }, "geometry": { "type": "Point", "coordinates": [ 135.183333333333337, 34.65 ] } },
{ "type": "Feature", "properties": { "Month": "May", "Day": 13, "Year": 1945, "Name of Vessel": "TAKASAGO MARU NO 2", "Type of Vessel": "Tanker", "Standard T": "834", "Latitude": "34-39N", "Longitude": "135-11E", "Flag of Aggressor": "United States", "Type of Aggression": "Army Mine", "Assessment": "Sunk", "URL": null }, "geometry": { "type": "Point", "coordinates": [ 135.183333333333337, 34.65 ] } },
{ "type": "Feature", "properties": { "Month": "May", "Day": 14, "Year": 1945, "Name of Vessel": "SAMUKAZE MARU", "Type of Vessel": "Cargo", "Standard T": "886", "Latitude": "34-42N", "Longitude": "127-30E", "Flag of Aggressor": "United States", "Type of Aggression": "Navy Land-Based Aircraft", "Assessment": "Sunk", "URL": null }, "geometry": { "type": "Point", "coordinates": [ 127.5, 34.7 ] } },
{ "type": "Feature", "properties": { "Month": "May", "Day": 14, "Year": 1945, "Name of Vessel": "KUROKAMISAN MARU", "Type of Vessel": "Cargo", "Standard T": "1243", "Latitude": "34-42N", "Longitude": "127-30E", "Flag of Aggressor": "United States", "Type of Aggression": "Navy Land-Based Aircraft", "Assessment": "Sunk", "URL": null }, "geometry": { "type": "Point", "coordinates": [ 127.5, 34.7 ] } },
{ "type": "Feature", "properties": { "Month": "May", "Day": 14, "Year": 1945, "Name of Vessel": "MIYAJIMA MARU", "Type of Vessel": "Cargo", "Standard T": "2000", "Latitude": "34-20N", "Longitude": "134-50E", "Flag of Aggressor": "United States", "Type of Aggression": "Army Mine", "Assessment": "Sunk", "URL": null }, "geometry": { "type": "Point", "coordinates": [ 134.833333333333343, 34.333333333333336 ] } },
{ "type": "Feature", "properties": { "Month": "May", "Day": 15, "Year": 1945, "Name of Vessel": "KEIUN MARU", "Type of Vessel": "Passenger-Cargo", "Standard T": "1921", "Latitude": "33-57N", "Longitude": "129-51E", "Flag of Aggressor": "United States", "Type of Aggression": "Navy Land-Based Aircraft", "Assessment": "Sunk", "URL": null }, "geometry": { "type": "Point", "coordinates": [ 129.85, 33.95 ] } },
{ "type": "Feature", "properties": { "Month": "May", "Day": 15, "Year": 1945, "Name of Vessel": "HAKUTETSU MARU NO 3", "Type of Vessel": "Cargo", "Standard T": "762", "Latitude": "34-00N", "Longitude": "129-10E", "Flag of Aggressor": "United States", "Type of Aggression": "Navy Land-Based Aircraft", "Assessment": "Sunk", "URL": null }, "geometry": { "type": "Point", "coordinates": [ 129.166666666666657, 34.0 ] } },
{ "type": "Feature", "properties": { "Month": "May", "Day": 15, "Year": 1945, "Name of Vessel": "KYODO MARU NO 1", "Type of Vessel": "Cargo", "Standard T": "887", "Latitude": "34-15N", "Longitude": "126-55E", "Flag of Aggressor": "United States", "Type of Aggression": "Navy Land-Based Aircraft", "Assessment": "Sunk", "URL": null }, "geometry": { "type": "Point", "coordinates": [ 126.916666666666671, 34.25 ] } },
{ "type": "Feature", "properties": { "Month": "May", "Day": 15, "Year": 1945, "Name of Vessel": "ANKO MARU", "Type of Vessel": "Cargo", "Standard T": "2821", "Latitude": "34-30N", "Longitude": "134-47E", "Flag of Aggressor": "United States", "Type of Aggression": "Army Mine", "Assessment": "Sunk", "URL": null }, "geometry": { "type": "Point", "coordinates": [ 134.783333333333331, 34.5 ] } },
{ "type": "Feature", "properties": { "Month": "May", "Day": 15, "Year": 1945, "Name of Vessel": "MISHIMA MARU", "Type of Vessel": "Cargo", "Standard T": "1934", "Latitude": "34-30N", "Longitude": "135-10E", "Flag of Aggressor": "United States", "Type of Aggression": "Army Mine", "Assessment": "Sunk", "URL": null }, "geometry": { "type": "Point", "coordinates": [ 135.166666666666657, 34.5 ] } },
{ "type": "Feature", "properties": { "Month": "May", "Day": 15, "Year": 1945, "Name of Vessel": "TOTTORI MARU", "Type of Vessel": "Passenger-Cargo", "Standard T": "5973", "Latitude": "9-21N", "Longitude": "102-25E", "Flag of Aggressor": "United States", "Type of Aggression": "Submarine", "Assessment": "Sunk", "URL": null }, "geometry": { "type": "Point", "coordinates": [ 102.416666666666671, 9.35 ] } },
{ "type": "Feature", "properties": { "Month": "May", "Day": 16, "Year": 1945, "Name of Vessel": "YAMANAMI MARU NO 5", "Type of Vessel": "Cargo", "Standard T": "873", "Latitude": "34-36N", "Longitude": "135-08E", "Flag of Aggressor": "United States", "Type of Aggression": "Army Mine", "Assessment": "Sunk", "URL": null }, "geometry": { "type": "Point", "coordinates": [ 135.133333333333326, 34.6 ] } },
{ "type": "Feature", "properties": { "Month": "May", "Day": 16, "Year": 1945, "Name of Vessel": "EIJU MARU", "Type of Vessel": "Cargo", "Standard T": "2455", "Latitude": "37-39N", "Longitude": "124-11E", "Flag of Aggressor": "United States", "Type of Aggression": "Submarine", "Assessment": "Sunk", "URL": null }, "geometry": { "type": "Point", "coordinates": [ 124.183333333333337, 37.65 ] } },
{ "type": "Feature", "properties": { "Month": "May", "Day": 17, "Year": 1945, "Name of Vessel": "KOAN MARU", "Type of Vessel": "Cargo", "Standard T": "4305", "Latitude": "34-38N", "Longitude": "135-11E", "Flag of Aggressor": "United States", "Type of Aggression": "Army Mine", "Assessment": "Sunk", "URL": null }, "geometry": { "type": "Point", "coordinates": [ 135.183333333333337, 34.633333333333333 ] } },
{ "type": "Feature", "properties": { "Month": "May", "Day": 17, "Year": 1945, "Name of Vessel": "MIKAZUKI MARU", "Type of Vessel": "Passenger-Cargo", "Standard T": "1412", "Latitude": "32-05N", "Longitude": "119-56E", "Flag of Aggressor": "United States", "Type of Aggression": "Army Mine", "Assessment": "Sunk", "URL": null }, "geometry": { "type": "Point", "coordinates": [ 119.933333333333337, 32.083333333333336 ] } },
{ "type": "Feature", "properties": { "Month": "May", "Day": 17, "Year": 1945, "Name of Vessel": "TAIRYU MARU", "Type of Vessel": "Cargo", "Standard T": "1912", "Latitude": "34-27N", "Longitude": "135-11E", "Flag of Aggressor": "United States", "Type of Aggression": "Army Mine", "Assessment": "Sunk", "URL": null }, "geometry": { "type": "Point", "coordinates": [ 135.183333333333337, 34.45 ] } },
{ "type": "Feature", "properties": { "Month": "May", "Day": 17, "Year": 1945, "Name of Vessel": "CHOSAN MARU", "Type of Vessel": "Cargo", "Standard T": "3939", "Latitude": "35-41N", "Longitude": "126-17E", "Flag of Aggressor": "United States", "Type of Aggression": "Submarine", "Assessment": "Sunk", "URL": null }, "geometry": { "type": "Point", "coordinates": [ 126.283333333333331, 35.68333333333333 ] } },
{ "type": "Feature", "properties": { "Month": "May", "Day": 18, "Year": 1945, "Name of Vessel": "ENKYO MARU", "Type of Vessel": "Cargo", "Standard T": "2278", "Latitude": "33-29N", "Longitude": "126-56E", "Flag of Aggressor": "United States", "Type of Aggression": "Navy Land-Based Aircraft", "Assessment": "Sunk", "URL": null }, "geometry": { "type": "Point", "coordinates": [ 126.933333333333337, 33.483333333333334 ] } },
{ "type": "Feature", "properties": { "Month": "May", "Day": 18, "Year": 1945, "Name of Vessel": "NANKO MARU NO 5", "Type of Vessel": "Cargo", "Standard T": "834", "Latitude": "33-58N", "Longitude": "130-58E", "Flag of Aggressor": "United States", "Type of Aggression": "Army Mine", "Assessment": "Sunk", "URL": null }, "geometry": { "type": "Point", "coordinates": [ 130.966666666666669, 33.966666666666669 ] } },
{ "type": "Feature", "properties": { "Month": "May", "Day": 19, "Year": 1945, "Name of Vessel": "KAIKO MARU", "Type of Vessel": "Cargo", "Standard T": "898", "Latitude": "25-30N", "Longitude": "121-50E", "Flag of Aggressor": "United States", "Type of Aggression": "Navy Land-Based Aircraft", "Assessment": "Sunk", "URL": null }, "geometry": { "type": "Point", "coordinates": [ 121.833333333333329, 25.5 ] } },
{ "type": "Feature", "properties": { "Month": "May", "Day": 20, "Year": 1945, "Name of Vessel": "TORAI MARU", "Type of Vessel": "Cargo", "Standard T": "647", "Latitude": "26-00N", "Longitude": "122-00E", "Flag of Aggressor": "United States", "Type of Aggression": "Army Aircraft", "Assessment": "Sunk", "URL": null }, "geometry": { "type": "Point", "coordinates": [ 122.0, 26.0 ] } },
{ "type": "Feature", "properties": { "Month": "May", "Day": 21, "Year": 1945, "Name of Vessel": "NIKKOSAN MARU", "Type of Vessel": "Cargo", "Standard T": "880", "Latitude": "35-07N", "Longitude": "140-10E", "Flag of Aggressor": "United States", "Type of Aggression": "Navy Land-Based Aircraft", "Assessment": "Sunk", "URL": null }, "geometry": { "type": "Point", "coordinates": [ 140.166666666666657, 35.116666666666667 ] } },
{ "type": "Feature", "properties": { "Month": "May", "Day": 21, "Year": 1945, "Name of Vessel": "SANTEN MARU", "Type of Vessel": "Cargo", "Standard T": "1210", "Latitude": "33-57N", "Longitude": "133-16E", "Flag of Aggressor": "United States", "Type of Aggression": "Army Mine", "Assessment": "Sunk", "URL": null }, "geometry": { "type": "Point", "coordinates": [ 133.26666666666668, 33.95 ] } },
{ "type": "Feature", "properties": { "Month": "May", "Day": 22, "Year": 1945, "Name of Vessel": "UWAJIMA MARU NO 25", "Type of Vessel": "Passenger-Cargo", "Standard T": "744", "Latitude": "34-20N", "Longitude": "134-20E", "Flag of Aggressor": "United States", "Type of Aggression": "Army Mine", "Assessment": "Sunk", "URL": null }, "geometry": { "type": "Point", "coordinates": [ 134.333333333333343, 34.333333333333336 ] } },
{ "type": "Feature", "properties": { "Month": "May", "Day": 23, "Year": 1945, "Name of Vessel": "KIMIGAYO MARU", "Type of Vessel": "Cargo", "Standard T": "670", "Latitude": "33-06N", "Longitude": "129-43E", "Flag of Aggressor": "United States", "Type of Aggression": "Army Mine", "Assessment": "Sunk", "URL": null }, "geometry": { "type": "Point", "coordinates": [ 129.716666666666669, 33.1 ] } },
{ "type": "Feature", "properties": { "Month": "May", "Day": 23, "Year": 1945, "Name of Vessel": "SHINEI MARU NO 2", "Type of Vessel": "Cargo", "Standard T": "882", "Latitude": "33-58N", "Longitude": "131-02E", "Flag of Aggressor": "United States", "Type of Aggression": "Army Mine", "Assessment": "Sunk", "URL": null }, "geometry": { "type": "Point", "coordinates": [ 131.033333333333331, 33.966666666666669 ] } },
{ "type": "Feature", "properties": { "Month": "May", "Day": 24, "Year": 1945, "Name of Vessel": "FUKUEI MARU", "Type of Vessel": "Cargo", "Standard T": "1868", "Latitude": "33-06N", "Longitude": "129-43E", "Flag of Aggressor": "United States", "Type of Aggression": "Army Mine", "Assessment": "Sunk", "URL": null }, "geometry": { "type": "Point", "coordinates": [ 129.716666666666669, 33.1 ] } },
{ "type": "Feature", "properties": { "Month": "May", "Day": 24, "Year": 1945, "Name of Vessel": "KAISHIN MARU NO 14", "Type of Vessel": "Cargo", "Standard T": "870", "Latitude": "34-01N", "Longitude": "130-54E", "Flag of Aggressor": "United States", "Type of Aggression": "Army Mine", "Assessment": "Sunk", "URL": null }, "geometry": { "type": "Point", "coordinates": [ 130.9, 34.016666666666666 ] } },
{ "type": "Feature", "properties": { "Month": "May", "Day": 24, "Year": 1945, "Name of Vessel": "NANKO MARU NO 7", "Type of Vessel": "Tanker", "Standard T": "834", "Latitude": "33-55N", "Longitude": "131-20E", "Flag of Aggressor": "United States", "Type of Aggression": "Army Mine", "Assessment": "Sunk", "URL": null }, "geometry": { "type": "Point", "coordinates": [ 131.333333333333343, 33.916666666666664 ] } },
{ "type": "Feature", "properties": { "Month": "May", "Day": 24, "Year": 1945, "Name of Vessel": "TATSUINE MARU", "Type of Vessel": "Cargo", "Standard T": "873", "Latitude": "33-58N", "Longitude": "131-02E", "Flag of Aggressor": "United States", "Type of Aggression": "Army Mine", "Assessment": "Sunk", "URL": null }, "geometry": { "type": "Point", "coordinates": [ 131.033333333333331, 33.966666666666669 ] } },
{ "type": "Feature", "properties": { "Month": "May", "Day": 24, "Year": 1945, "Name of Vessel": "KIYOKAWA MARU", "Type of Vessel": "Cargo", "Standard T": "6862", "Latitude": "32-44N", "Longitude": "129-52E", "Flag of Aggressor": "United States", "Type of Aggression": "Army Mine", "Assessment": "Sunk", "URL": null }, "geometry": { "type": "Point", "coordinates": [ 129.866666666666674, 32.733333333333334 ] } },
{ "type": "Feature", "properties": { "Month": "May", "Day": 25, "Year": 1945, "Name of Vessel": "NITTEI MARU", "Type of Vessel": "Cargo", "Standard T": "1000", "Latitude": "6-45S", "Longitude": "112-31E", "Flag of Aggressor": "Great Britain", "Type of Aggression": "Submarine", "Assessment": "Sunk", "URL": null }, "geometry": { "type": "Point", "coordinates": [ 112.516666666666666, -6.75 ] } },
{ "type": "Feature", "properties": { "Month": "May", "Day": 25, "Year": 1945, "Name of Vessel": "AMOY MARU", "Type of Vessel": "Passenger-Cargo", "Standard T": "734", "Latitude": "34-00N", "Longitude": "129-10E", "Flag of Aggressor": "United States", "Type of Aggression": "Army Aircraft", "Assessment": "Sunk", "URL": null }, "geometry": { "type": "Point", "coordinates": [ 129.166666666666657, 34.0 ] } },
{ "type": "Feature", "properties": { "Month": "May", "Day": 25, "Year": 1945, "Name of Vessel": "GINZAN MARU", "Type of Vessel": "Cargo", "Standard T": "2220", "Latitude": "33-58N", "Longitude": "131-02E", "Flag of Aggressor": "United States", "Type of Aggression": "Army Mine", "Assessment": "Sunk", "URL": null }, "geometry": { "type": "Point", "coordinates": [ 131.033333333333331, 33.966666666666669 ] } },
{ "type": "Feature", "properties": { "Month": "May", "Day": 25, "Year": 1945, "Name of Vessel": "GINSEI MARU", "Type of Vessel": "Cargo", "Standard T": "2218", "Latitude": "33-59N", "Longitude": "130-52E", "Flag of Aggressor": "United States", "Type of Aggression": "Army Mine", "Assessment": "Sunk", "URL": null }, "geometry": { "type": "Point", "coordinates": [ 130.866666666666674, 33.983333333333334 ] } },
{ "type": "Feature", "properties": { "Month": "May", "Day": 25, "Year": 1945, "Name of Vessel": "HIWAKA MARU", "Type of Vessel": "Cargo", "Standard T": "891", "Latitude": "33-58N", "Longitude": "131-02E", "Flag of Aggressor": "United States", "Type of Aggression": "Army Mine", "Assessment": "Sunk", "URL": null }, "geometry": { "type": "Point", "coordinates": [ 131.033333333333331, 33.966666666666669 ] } },
{ "type": "Feature", "properties": { "Month": "May", "Day": 25, "Year": 1945, "Name of Vessel": "KINRYUZAN MARU", "Type of Vessel": "Cargo", "Standard T": "1370", "Latitude": "34-00N", "Longitude": "130-50E", "Flag of Aggressor": "United States", "Type of Aggression": "Army Mine", "Assessment": "Sunk", "URL": null }, "geometry": { "type": "Point", "coordinates": [ 130.833333333333343, 34.0 ] } },
{ "type": "Feature", "properties": { "Month": "May", "Day": 25, "Year": 1945, "Name of Vessel": "KOEI MARU", "Type of Vessel": "Cargo", "Standard T": "882", "Latitude": "33-58N", "Longitude": "131-01E", "Flag of Aggressor": "United States", "Type of Aggression": "Army Mine", "Assessment": "Sunk", "URL": null }, "geometry": { "type": "Point", "coordinates": [ 131.01666666666668, 33.966666666666669 ] } },
{ "type": "Feature", "properties": { "Month": "May", "Day": 25, "Year": 1945, "Name of Vessel": "SHINRAGI MARU", "Type of Vessel": "Cargo", "Standard T": "3032", "Latitude": "33-58N", "Longitude": "131-02E", "Flag of Aggressor": "United States", "Type of Aggression": "Army Mine", "Assessment": "Sunk", "URL": null }, "geometry": { "type": "Point", "coordinates": [ 131.033333333333331, 33.966666666666669 ] } },
{ "type": "Feature", "properties": { "Month": "May", "Day": 25, "Year": 1945, "Name of Vessel": "TOYU MARU NO 3", "Type of Vessel": "Cargo", "Standard T": "834", "Latitude": "33-55N", "Longitude": "131-20E", "Flag of Aggressor": "United States", "Type of Aggression": "Army Mine", "Assessment": "Sunk", "URL": null }, "geometry": { "type": "Point", "coordinates": [ 131.333333333333343, 33.916666666666664 ] } },
{ "type": "Feature", "properties": { "Month": "May", "Day": 25, "Year": 1945, "Name of Vessel": "TOBI MARU", "Type of Vessel": "Cargo", "Standard T": "878", "Latitude": "33-58N", "Longitude": "130-52E", "Flag of Aggressor": "United States", "Type of Aggression": "Army Mine", "Assessment": "Sunk", "URL": null }, "geometry": { "type": "Point", "coordinates": [ 130.866666666666674, 33.966666666666669 ] } },
{ "type": "Feature", "properties": { "Month": "May", "Day": 25, "Year": 1945, "Name of Vessel": "NITCHO MARU", "Type of Vessel": "Cargo", "Standard T": "549", "Latitude": "34-01N", "Longitude": "130-54E", "Flag of Aggressor": "United States", "Type of Aggression": "Army Mine", "Assessment": "Sunk", "URL": null }, "geometry": { "type": "Point", "coordinates": [ 130.9, 34.016666666666666 ] } },
{ "type": "Feature", "properties": { "Month": "May", "Day": 26, "Year": 1945, "Name of Vessel": "KOTOBUKI MARU NO 7", "Type of Vessel": "Cargo", "Standard T": "991", "Latitude": "33-18N", "Longitude": "129-20E", "Flag of Aggressor": "United States", "Type of Aggression": "Submarine", "Assessment": "Sunk", "URL": null }, "geometry": { "type": "Point", "coordinates": [ 129.333333333333343, 33.3 ] } },
{ "type": "Feature", "properties": { "Month": "May", "Day": 26, "Year": 1945, "Name of Vessel": "KAISHIN MARU NO 9", "Type of Vessel": "Cargo", "Standard T": "875", "Latitude": "34-00N", "Longitude": "130-50E", "Flag of Aggressor": "United States", "Type of Aggression": "Army Mine", "Assessment": "Sunk", "URL": null }, "geometry": { "type": "Point", "coordinates": [ 130.833333333333343, 34.0 ] } },
{ "type": "Feature", "properties": { "Month": "May", "Day": 26, "Year": 1945, "Name of Vessel": "NISSAN MARU NO 1", "Type of Vessel": "Cargo", "Standard T": "6889", "Latitude": "33-58N", "Longitude": "130-52E", "Flag of Aggressor": "United States", "Type of Aggression": "Army Mine", "Assessment": "Sunk", "URL": null }, "geometry": { "type": "Point", "coordinates": [ 130.866666666666674, 33.966666666666669 ] } },
{ "type": "Feature", "properties": { "Month": "May", "Day": 26, "Year": 1945, "Name of Vessel": "MIYAKAWA MARU NO 6", "Type of Vessel": "Cargo", "Standard T": "872", "Latitude": "33-58N", "Longitude": "131-02E", "Flag of Aggressor": "United States", "Type of Aggression": "Army Mine", "Assessment": "Sunk", "URL": null }, "geometry": { "type": "Point", "coordinates": [ 131.033333333333331, 33.966666666666669 ] } },
{ "type": "Feature", "properties": { "Month": "May", "Day": 26, "Year": 1945, "Name of Vessel": "MOGI MARU", "Type of Vessel": "Cargo", "Standard T": "884", "Latitude": "33-43N", "Longitude": "131-38E", "Flag of Aggressor": "United States", "Type of Aggression": "Army Mine", "Assessment": "Sunk", "URL": null }, "geometry": { "type": "Point", "coordinates": [ 131.633333333333326, 33.716666666666669 ] } },
{ "type": "Feature", "properties": { "Month": "May", "Day": 26, "Year": 1945, "Name of Vessel": "KUNUKI MARU", "Type of Vessel": "Cargo", "Standard T": "884", "Latitude": "34-39N", "Longitude": "131-11E", "Flag of Aggressor": "United States", "Type of Aggression": "Army Mine", "Assessment": "Sunk", "URL": null }, "geometry": { "type": "Point", "coordinates": [ 131.183333333333337, 34.65 ] } },
{ "type": "Feature", "properties": { "Month": "May", "Day": 26, "Year": 1945, "Name of Vessel": "WASHIN MARU", "Type of Vessel": "Cargo", "Standard T": "1870", "Latitude": "33-56N", "Longitude": "131-10E", "Flag of Aggressor": "United States", "Type of Aggression": "Army Mine", "Assessment": "Sunk", "URL": null }, "geometry": { "type": "Point", "coordinates": [ 131.166666666666657, 33.93333333333333 ] } },
{ "type": "Feature", "properties": { "Month": "May", "Day": 26, "Year": 1945, "Name of Vessel": "YOSHIN MARU", "Type of Vessel": "Cargo", "Standard T": "2820", "Latitude": "34-21N", "Longitude": "132-27E", "Flag of Aggressor": "United States", "Type of Aggression": "Army Mine", "Assessment": "Sunk", "URL": null }, "geometry": { "type": "Point", "coordinates": [ 132.45, 34.35 ] } },
{ "type": "Feature", "properties": { "Month": "May", "Day": 26, "Year": 1945, "Name of Vessel": "SHIOKUBI MARU", "Type of Vessel": "Cargo", "Standard T": "3747", "Latitude": "33-56N", "Longitude": "131-11E", "Flag of Aggressor": "United States", "Type of Aggression": "Army Mine", "Assessment": "Sunk", "URL": null }, "geometry": { "type": "Point", "coordinates": [ 131.183333333333337, 33.93333333333333 ] } },
{ "type": "Feature", "properties": { "Month": "May", "Day": 26, "Year": 1945, "Name of Vessel": "SHOZAN MARU", "Type of Vessel": "Cargo", "Standard T": "6890", "Latitude": "33-57N", "Longitude": "131-46E", "Flag of Aggressor": "United States", "Type of Aggression": "Army Mine", "Assessment": "Sunk", "URL": null }, "geometry": { "type": "Point", "coordinates": [ 131.76666666666668, 33.95 ] } },
{ "type": "Feature", "properties": { "Month": "May", "Day": 27, "Year": 1945, "Name of Vessel": "TAIHYO MARU NO 2", "Type of Vessel": "Cargo", "Standard T": "882", "Latitude": "34-31N", "Longitude": "127-41E", "Flag of Aggressor": "United States", "Type of Aggression": "Navy Land-Based Aircraft", "Assessment": "Sunk", "URL": null }, "geometry": { "type": "Point", "coordinates": [ 127.683333333333337, 34.516666666666666 ] } },
{ "type": "Feature", "properties": { "Month": "May", "Day": 27, "Year": 1945, "Name of Vessel": "CHIZAN MARU", "Type of Vessel": "Cargo", "Standard T": "884", "Latitude": "34-39N", "Longitude": "135-11E", "Flag of Aggressor": "United States", "Type of Aggression": "Army Mine", "Assessment": "Sunk", "URL": null }, "geometry": { "type": "Point", "coordinates": [ 135.183333333333337, 34.65 ] } },
{ "type": "Feature", "properties": { "Month": "May", "Day": 27, "Year": 1945, "Name of Vessel": "KONGO MARU", "Type of Vessel": "Transport", "Standard T": "7081", "Latitude": "33-36N", "Longitude": "130-25E", "Flag of Aggressor": "United States", "Type of Aggression": "Army Mine", "Assessment": "Sunk", "URL": null }, "geometry": { "type": "Point", "coordinates": [ 130.416666666666657, 33.6 ] } },
{ "type": "Feature", "properties": { "Month": "May", "Day": 27, "Year": 1945, "Name of Vessel": "KOZAN MARU", "Type of Vessel": "Cargo", "Standard T": "882", "Latitude": "33-30N", "Longitude": "130-30E", "Flag of Aggressor": "United States", "Type of Aggression": "Army Mine", "Assessment": "Sunk", "URL": null }, "geometry": { "type": "Point", "coordinates": [ 130.5, 33.5 ] } },
{ "type": "Feature", "properties": { "Month": "May", "Day": 29, "Year": 1945, "Name of Vessel": "UWATSU MARU", "Type of Vessel": "Cargo", "Standard T": "882", "Latitude": "34-00N", "Longitude": "130-50E", "Flag of Aggressor": "United States", "Type of Aggression": "Army Mine", "Assessment": "Sunk", "URL": null }, "geometry": { "type": "Point", "coordinates": [ 130.833333333333343, 34.0 ] } },
{ "type": "Feature", "properties": { "Month": "May", "Day": 29, "Year": 1945, "Name of Vessel": "ETSUNAN MARU", "Type of Vessel": "Cargo", "Standard T": "880", "Latitude": "10-30N", "Longitude": "99-24E", "Flag of Aggressor": "Great Britain", "Type of Aggression": "Army Mine", "Assessment": "Sunk", "URL": null }, "geometry": { "type": "Point", "coordinates": [ 99.4, 10.5 ] } },
{ "type": "Feature", "properties": { "Month": "May", "Day": 29, "Year": 1945, "Name of Vessel": "KURETAKE MARU", "Type of Vessel": "Cargo", "Standard T": "1924", "Latitude": "46-36N", "Longitude": "144-22E", "Flag of Aggressor": "United States", "Type of Aggression": "Submarine", "Assessment": "Sunk", "URL": null }, "geometry": { "type": "Point", "coordinates": [ 144.366666666666674, 46.6 ] } },
{ "type": "Feature", "properties": { "Month": "May", "Day": 29, "Year": 1945, "Name of Vessel": "TENRYO MARU", "Type of Vessel": "Cargo", "Standard T": "2231", "Latitude": "46-36N", "Longitude": "144-22E", "Flag of Aggressor": "United States", "Type of Aggression": "Submarine", "Assessment": "Sunk", "URL": null }, "geometry": { "type": "Point", "coordinates": [ 144.366666666666674, 46.6 ] } },
{ "type": "Feature", "properties": { "Month": "May", "Day": 30, "Year": 1945, "Name of Vessel": "HOKOKU MARU", "Type of Vessel": "Cargo", "Standard T": "520", "Latitude": "4-09S", "Longitude": "114-16E", "Flag of Aggressor": "United States", "Type of Aggression": "Submarine", "Assessment": "Sunk", "URL": null }, "geometry": { "type": "Point", "coordinates": [ 114.266666666666666, -4.15 ] } },
{ "type": "Feature", "properties": { "Month": "May", "Day": 30, "Year": 1945, "Name of Vessel": "FUJITAMA MARU", "Type of Vessel": "Cargo", "Standard T": "2218", "Latitude": "34-38N", "Longitude": "135-11E", "Flag of Aggressor": "United States", "Type of Aggression": "Army Mine", "Assessment": "Sunk", "URL": null }, "geometry": { "type": "Point", "coordinates": [ 135.183333333333337, 34.633333333333333 ] } },
{ "type": "Feature", "properties": { "Month": "May", "Day": 30, "Year": 1945, "Name of Vessel": "HAKUUN MARU", "Type of Vessel": "Cargo", "Standard T": "594", "Latitude": "33-36N", "Longitude": "130-25E", "Flag of Aggressor": "United States", "Type of Aggression": "Army Mine", "Assessment": "Sunk", "URL": null }, "geometry": { "type": "Point", "coordinates": [ 130.416666666666657, 33.6 ] } },
{ "type": "Feature", "properties": { "Month": "May", "Day": 30, "Year": 1945, "Name of Vessel": "JINDAI MARU", "Type of Vessel": "Passenger-Cargo", "Standard T": "1095", "Latitude": "33-59N", "Longitude": "130-52E", "Flag of Aggressor": "United States", "Type of Aggression": "Army Mine", "Assessment": "Sunk", "URL": null }, "geometry": { "type": "Point", "coordinates": [ 130.866666666666674, 33.983333333333334 ] } },
{ "type": "Feature", "properties": { "Month": "May", "Day": 30, "Year": 1945, "Name of Vessel": "TAKASAGO MARU NO 14", "Type of Vessel": "Tanker", "Standard T": "834", "Latitude": "35-15N", "Longitude": "133-44E", "Flag of Aggressor": "United States", "Type of Aggression": "Army Mine", "Assessment": "Sunk", "URL": null }, "geometry": { "type": "Point", "coordinates": [ 133.73333333333332, 35.25 ] } },
{ "type": "Feature", "properties": { "Month": "May", "Day": 31, "Year": 1945, "Name of Vessel": "PEKING MARU", "Type of Vessel": "Cargo", "Standard T": "3011", "Latitude": "34-01N", "Longitude": "130-45E", "Flag of Aggressor": "United States", "Type of Aggression": "Army Mine", "Assessment": "Sunk", "URL": null }, "geometry": { "type": "Point", "coordinates": [ 130.75, 34.016666666666666 ] } },
{ "type": "Feature", "properties": { "Month": "May", "Day": 31, "Year": 1945, "Name of Vessel": "YORO MARU NO 2", "Type of Vessel": "Cargo", "Standard T": "2231", "Latitude": "33-58N", "Longitude": "130-56E", "Flag of Aggressor": "United States", "Type of Aggression": "Army Mine", "Assessment": "Sunk", "URL": null }, "geometry": { "type": "Point", "coordinates": [ 130.933333333333337, 33.966666666666669 ] } },
{ "type": "Feature", "properties": { "Month": "May", "Day": 31, "Year": 1945, "Name of Vessel": "YUMIHARI MARU NO 3", "Type of Vessel": "Cargo", "Standard T": "1154", "Latitude": "34-00N", "Longitude": "130-50E", "Flag of Aggressor": "United States", "Type of Aggression": "Army Mine", "Assessment": "Sunk", "URL": null }, "geometry": { "type": "Point", "coordinates": [ 130.833333333333343, 34.0 ] } },
{ "type": "Feature", "properties": { "Month": "May", "Day": 31, "Year": 1945, "Name of Vessel": "TENSHO MARU", "Type of Vessel": "Passenger-Cargo", "Standard T": "601", "Latitude": "34-35N", "Longitude": "135-15E", "Flag of Aggressor": "United States", "Type of Aggression": "Army Mine", "Assessment": "Sunk", "URL": null }, "geometry": { "type": "Point", "coordinates": [ 135.25, 34.583333333333336 ] } },
{ "type": "Feature", "properties": { "Month": "June", "Day": 1, "Year": 1945, "Name of Vessel": "TOBI MARU", "Type of Vessel": "Cargo", "Standard T": "982", "Latitude": "4-53S", "Longitude": "115-48E", "Flag of Aggressor": "Great Britain", "Type of Aggression": "Submarine", "Assessment": "Sunk", "URL": null }, "geometry": { "type": "Point", "coordinates": [ 115.8, -4.883333333333333 ] } },
{ "type": "Feature", "properties": { "Month": "June", "Day": 1, "Year": 1945, "Name of Vessel": "KIMIGAYO MARU NO 2", "Type of Vessel": "Passenger-Cargo", "Standard T": "919", "Latitude": "34-39N", "Longitude": "135-27E", "Flag of Aggressor": "United States", "Type of Aggression": "Unkown Aircraft", "Assessment": "Sunk", "URL": null }, "geometry": { "type": "Point", "coordinates": [ 135.45, 34.65 ] } },
{ "type": "Feature", "properties": { "Month": "June", "Day": 1, "Year": 1945, "Name of Vessel": "ABUKUMAGAWA MARU", "Type of Vessel": "Cargo", "Standard T": "6887", "Latitude": "34-35N", "Longitude": "134-14E", "Flag of Aggressor": "United States", "Type of Aggression": "Army Mine", "Assessment": "Sunk", "URL": null }, "geometry": { "type": "Point", "coordinates": [ 134.23333333333332, 34.583333333333336 ] } },
{ "type": "Feature", "properties": { "Month": "June", "Day": 1, "Year": 1945, "Name of Vessel": "GOKO MARU", "Type of Vessel": "Cargo", "Standard T": "873", "Latitude": "33-58N", "Longitude": "130-41E", "Flag of Aggressor": "United States", "Type of Aggression": "Army Mine", "Assessment": "Sunk", "URL": null }, "geometry": { "type": "Point", "coordinates": [ 130.683333333333337, 33.966666666666669 ] } },
{ "type": "Feature", "properties": { "Month": "June", "Day": 1, "Year": 1945, "Name of Vessel": "KASUMI MARU", "Type of Vessel": "Cargo", "Standard T": "1274", "Latitude": "33-58N", "Longitude": "130-59E", "Flag of Aggressor": "United States", "Type of Aggression": "Army Mine", "Assessment": "Sunk", "URL": null }, "geometry": { "type": "Point", "coordinates": [ 130.98333333333332, 33.966666666666669 ] } },
{ "type": "Feature", "properties": { "Month": "June", "Day": 1, "Year": 1945, "Name of Vessel": "KENKON MARU NO 7", "Type of Vessel": "Cargo", "Standard T": "880", "Latitude": "33-58N", "Longitude": "130-56E", "Flag of Aggressor": "United States", "Type of Aggression": "Army Mine", "Assessment": "Sunk", "URL": null }, "geometry": { "type": "Point", "coordinates": [ 130.933333333333337, 33.966666666666669 ] } },
{ "type": "Feature", "properties": { "Month": "June", "Day": 1, "Year": 1945, "Name of Vessel": "KISHUN MARU", "Type of Vessel": "Cargo", "Standard T": "1864", "Latitude": "33-56N", "Longitude": "130-56E", "Flag of Aggressor": "United States", "Type of Aggression": "Army Mine", "Assessment": "Sunk", "URL": null }, "geometry": { "type": "Point", "coordinates": [ 130.933333333333337, 33.93333333333333 ] } },
{ "type": "Feature", "properties": { "Month": "June", "Day": 1, "Year": 1945, "Name of Vessel": "SEISHU MARU", "Type of Vessel": "Cargo", "Standard T": "1223", "Latitude": "34-45N", "Longitude": "137-05E", "Flag of Aggressor": "United States", "Type of Aggression": "Army Mine", "Assessment": "Sunk", "URL": null }, "geometry": { "type": "Point", "coordinates": [ 137.083333333333343, 34.75 ] } },
{ "type": "Feature", "properties": { "Month": "June", "Day": 1, "Year": 1945, "Name of Vessel": "MYOSEI MARU", "Type of Vessel": "Cargo", "Standard T": "6886", "Latitude": "33-58N", "Longitude": "131-03E", "Flag of Aggressor": "United States", "Type of Aggression": "Army Mine", "Assessment": "Sunk", "URL": null }, "geometry": { "type": "Point", "coordinates": [ 131.05, 33.966666666666669 ] } },
{ "type": "Feature", "properties": { "Month": "June", "Day": 1, "Year": 1945, "Name of Vessel": "YOKO MARU", "Type of Vessel": "Tanker", "Standard T": "956", "Latitude": "34-30N", "Longitude": "135-10E", "Flag of Aggressor": "United States", "Type of Aggression": "Army Mine", "Assessment": "Sunk", "URL": null }, "geometry": { "type": "Point", "coordinates": [ 135.166666666666657, 34.5 ] } },
{ "type": "Feature", "properties": { "Month": "June", "Day": 2, "Year": 1945, "Name of Vessel": "KASHIMA MARU", "Type of Vessel": "Cargo", "Standard T": "873", "Latitude": "33-58N", "Longitude": "130-42E", "Flag of Aggressor": "United States", "Type of Aggression": "Army Mine", "Assessment": "Sunk", "URL": null }, "geometry": { "type": "Point", "coordinates": [ 130.7, 33.966666666666669 ] } },
{ "type": "Feature", "properties": { "Month": "June", "Day": 2, "Year": 1945, "Name of Vessel": "EIKA MARU", "Type of Vessel": "Passenger-Cargo", "Standard T": "1248", "Latitude": "20-30N", "Longitude": "107-57E", "Flag of Aggressor": "United States", "Type of Aggression": "Submarine", "Assessment": "Sunk", "URL": null }, "geometry": { "type": "Point", "coordinates": [ 107.95, 20.5 ] } },
{ "type": "Feature", "properties": { "Month": "June", "Day": 2, "Year": 1945, "Name of Vessel": "MIKAMISAN MARU", "Type of Vessel": "Cargo", "Standard T": "861", "Latitude": "41-22N", "Longitude": "141-28E", "Flag of Aggressor": "United States", "Type of Aggression": "Submarine", "Assessment": "Sunk", "URL": null }, "geometry": { "type": "Point", "coordinates": [ 141.466666666666669, 41.366666666666667 ] } },
{ "type": "Feature", "properties": { "Month": "June", "Day": 3, "Year": 1945, "Name of Vessel": "KONEI MARU", "Type of Vessel": "Cargo", "Standard T": "884", "Latitude": "33-33N", "Longitude": "129-58E", "Flag of Aggressor": "United States", "Type of Aggression": "Army Mine", "Assessment": "Sunk", "URL": null }, "geometry": { "type": "Point", "coordinates": [ 129.966666666666669, 33.55 ] } },
{ "type": "Feature", "properties": { "Month": "June", "Day": 3, "Year": 1945, "Name of Vessel": "MOMO MARU", "Type of Vessel": "Cargo", "Standard T": "884", "Latitude": "34-20N", "Longitude": "134-20E", "Flag of Aggressor": "United States", "Type of Aggression": "Army Mine", "Assessment": "Sunk", "URL": null }, "geometry": { "type": "Point", "coordinates": [ 134.333333333333343, 34.333333333333336 ] } },
{ "type": "Feature", "properties": { "Month": "June", "Day": 3, "Year": 1945, "Name of Vessel": "TAIEI MARU", "Type of Vessel": "Cargo", "Standard T": "6923", "Latitude": "33-56N", "Longitude": "131-11E", "Flag of Aggressor": "United States", "Type of Aggression": "Army Mine", "Assessment": "Sunk", "URL": null }, "geometry": { "type": "Point", "coordinates": [ 131.183333333333337, 33.93333333333333 ] } },
{ "type": "Feature", "properties": { "Month": "June", "Day": 4, "Year": 1945, "Name of Vessel": "SHOBU MARU", "Type of Vessel": "Cargo", "Standard T": "882", "Latitude": "34-20N", "Longitude": "129-30E", "Flag of Aggressor": "United States", "Type of Aggression": "Army Aircraft", "Assessment": "Sunk", "URL": null }, "geometry": { "type": "Point", "coordinates": [ 129.5, 34.333333333333336 ] } },
{ "type": "Feature", "properties": { "Month": "June", "Day": 4, "Year": 1945, "Name of Vessel": "TAIU MARU", "Type of Vessel": "Cargo", "Standard T": "2220", "Latitude": "38-32N", "Longitude": "124-45E", "Flag of Aggressor": "United States", "Type of Aggression": "Submarine", "Assessment": "Sunk", "URL": null }, "geometry": { "type": "Point", "coordinates": [ 124.75, 38.533333333333331 ] } },
{ "type": "Feature", "properties": { "Month": "June", "Day": 4, "Year": 1945, "Name of Vessel": "KIFUNE MARU", "Type of Vessel": "Cargo", "Standard T": "1606", "Latitude": "37-57N", "Longitude": "137-05E", "Flag of Aggressor": "United States", "Type of Aggression": "Army Mine", "Assessment": "Sunk", "URL": null }, "geometry": { "type": "Point", "coordinates": [ 137.083333333333343, 37.95 ] } },
{ "type": "Feature", "properties": { "Month": "June", "Day": 4, "Year": 1945, "Name of Vessel": "SAWA MARU", "Type of Vessel": "Cargo", "Standard T": "1264", "Latitude": "33-59N", "Longitude": "130-52E", "Flag of Aggressor": "United States", "Type of Aggression": "Army Mine", "Assessment": "Sunk", "URL": null }, "geometry": { "type": "Point", "coordinates": [ 130.866666666666674, 33.983333333333334 ] } },
{ "type": "Feature", "properties": { "Month": "June", "Day": 4, "Year": 1945, "Name of Vessel": "RYUJIN MARU", "Type of Vessel": "Cargo", "Standard T": "517", "Latitude": "40-54N", "Longitude": "141-29E", "Flag of Aggressor": "United States", "Type of Aggression": "Submarine", "Assessment": "Sunk", "URL": null }, "geometry": { "type": "Point", "coordinates": [ 141.48333333333332, 40.9 ] } },
{ "type": "Feature", "properties": { "Month": "June", "Day": 5, "Year": 1945, "Name of Vessel": "TAISHO MARU", "Type of Vessel": "Cargo", "Standard T": "1122", "Latitude": "33-58N", "Longitude": "130-52E", "Flag of Aggressor": "United States", "Type of Aggression": "Army Mine", "Assessment": "Sunk", "URL": null }, "geometry": { "type": "Point", "coordinates": [ 130.866666666666674, 33.966666666666669 ] } },
{ "type": "Feature", "properties": { "Month": "June", "Day": 6, "Year": 1945, "Name of Vessel": "GASSAN MARU", "Type of Vessel": "Cargo", "Standard T": "887", "Latitude": "34-00N", "Longitude": "130-50E", "Flag of Aggressor": "United States", "Type of Aggression": "Army Mine", "Assessment": "Sunk", "URL": null }, "geometry": { "type": "Point", "coordinates": [ 130.833333333333343, 34.0 ] } },
{ "type": "Feature", "properties": { "Month": "June", "Day": 7, "Year": 1945, "Name of Vessel": "YUMIHARI MARU NO 2", "Type of Vessel": "Cargo", "Standard T": "1186", "Latitude": "34-00N", "Longitude": "130-00E", "Flag of Aggressor": "United States", "Type of Aggression": "Army Mine", "Assessment": "Sunk", "URL": null }, "geometry": { "type": "Point", "coordinates": [ 130.0, 34.0 ] } },
{ "type": "Feature", "properties": { "Month": "June", "Day": 7, "Year": 1945, "Name of Vessel": "AZUSA MARU", "Type of Vessel": "Cargo", "Standard T": "1370", "Latitude": "34-00N", "Longitude": "126-45E", "Flag of Aggressor": "United States", "Type of Aggression": "Submarine", "Assessment": "Sunk", "URL": null }, "geometry": { "type": "Point", "coordinates": [ 126.75, 34.0 ] } },
{ "type": "Feature", "properties": { "Month": "June", "Day": 8, "Year": 1945, "Name of Vessel": "NANSHIN MARU NO 22", "Type of Vessel": "Tanker", "Standard T": "834", "Latitude": "8-56N", "Longitude": "105-37E", "Flag of Aggressor": "United States", "Type of Aggression": "Submarine", "Assessment": "Sunk", "URL": null }, "geometry": { "type": "Point", "coordinates": [ 105.61666666666666, 8.933333333333334 ] } },
{ "type": "Feature", "properties": { "Month": "June", "Day": 8, "Year": 1945, "Name of Vessel": "HAKUSA", "Type of Vessel": "Converted Aircraft Ferry", "Standard T": "3841", "Latitude": "8-56N", "Longitude": "105-37E", "Flag of Aggressor": "United States", "Type of Aggression": "Submarine", "Assessment": "Sunk", "URL": null }, "geometry": { "type": "Point", "coordinates": [ 105.61666666666666, 8.933333333333334 ] } },
{ "type": "Feature", "properties": { "Month": "June", "Day": 9, "Year": 1945, "Name of Vessel": "HOKUTO MARU", "Type of Vessel": "Cargo", "Standard T": "2215", "Latitude": "40-54N", "Longitude": "139-48E", "Flag of Aggressor": "United States", "Type of Aggression": "Submarine", "Assessment": "Sunk", "URL": null }, "geometry": { "type": "Point", "coordinates": [ 139.8, 40.9 ] } },
{ "type": "Feature", "properties": { "Month": "June", "Day": 9, "Year": 1945, "Name of Vessel": "INAURA MARU", "Type of Vessel": "Cargo", "Standard T": "873", "Latitude": "34-00N", "Longitude": "131-00E", "Flag of Aggressor": "United States", "Type of Aggression": "Army Mine", "Assessment": "Sunk", "URL": null }, "geometry": { "type": "Point", "coordinates": [ 131.0, 34.0 ] } },
{ "type": "Feature", "properties": { "Month": "June", "Day": 9, "Year": 1945, "Name of Vessel": "SAGAWA MARU", "Type of Vessel": "Cargo", "Standard T": "1186", "Latitude": "38-13N", "Longitude": "138-43E", "Flag of Aggressor": "United States", "Type of Aggression": "Submarine", "Assessment": "Sunk", "URL": null }, "geometry": { "type": "Point", "coordinates": [ 138.716666666666669, 38.216666666666669 ] } },
{ "type": "Feature", "properties": { "Month": "June", "Day": 9, "Year": 1945, "Name of Vessel": "SHOYO MARU", "Type of Vessel": "Cargo", "Standard T": "2211", "Latitude": "38-11N", "Longitude": "138-45E", "Flag of Aggressor": "United States", "Type of Aggression": "Submarine", "Assessment": "Sunk", "URL": null }, "geometry": { "type": "Point", "coordinates": [ 138.75, 38.18333333333333 ] } },
{ "type": "Feature", "properties": { "Month": "June", "Day": 9, "Year": 1945, "Name of Vessel": "WAKATAMA MARU", "Type of Vessel": "Cargo", "Standard T": "2211", "Latitude": "37-32N", "Longitude": "129-10E", "Flag of Aggressor": "United States", "Type of Aggression": "Submarine", "Assessment": "Sunk", "URL": null }, "geometry": { "type": "Point", "coordinates": [ 129.166666666666657, 37.533333333333331 ] } },
{ "type": "Feature", "properties": { "Month": "June", "Day": 9, "Year": 1945, "Name of Vessel": "KAMISHIKA MARU", "Type of Vessel": "Cargo", "Standard T": "2857", "Latitude": "41-52N", "Longitude": "141-08E", "Flag of Aggressor": "United States", "Type of Aggression": "Submarine", "Assessment": "Sunk", "URL": null }, "geometry": { "type": "Point", "coordinates": [ 141.133333333333326, 41.866666666666667 ] } },
{ "type": "Feature", "properties": { "Month": "June", "Day": 10, "Year": 1945, "Name of Vessel": "TADO MARU", "Type of Vessel": "Cargo", "Standard T": "887", "Latitude": "36-00N", "Longitude": "125-00E", "Flag of Aggressor": "United States", "Type of Aggression": "Navy Land-Based Aircraft", "Assessment": "Sunk", "URL": null }, "geometry": { "type": "Point", "coordinates": [ 125.0, 36.0 ] } },
{ "type": "Feature", "properties": { "Month": "June", "Day": 10, "Year": 1945, "Name of Vessel": "DAIKI MARU", "Type of Vessel": "Cargo", "Standard T": "2217", "Latitude": "40-44N", "Longitude": "139-48E", "Flag of Aggressor": "United States", "Type of Aggression": "Submarine", "Assessment": "Sunk", "URL": null }, "geometry": { "type": "Point", "coordinates": [ 139.8, 40.733333333333334 ] } },
{ "type": "Feature", "properties": { "Month": "June", "Day": 10, "Year": 1945, "Name of Vessel": "HAKUYO MARU", "Type of Vessel": "Cargo", "Standard T": "1391", "Latitude": "47-25N", "Longitude": "149-04E", "Flag of Aggressor": "United States", "Type of Aggression": "Submarine", "Assessment": "Sunk", "URL": null }, "geometry": { "type": "Point", "coordinates": [ 149.066666666666663, 47.416666666666664 ] } },
{ "type": "Feature", "properties": { "Month": "June", "Day": 10, "Year": 1945, "Name of Vessel": "TAGA MARU", "Type of Vessel": "Cargo", "Standard T": "2220", "Latitude": "41-40N", "Longitude": "129-52E", "Flag of Aggressor": "United States", "Type of Aggression": "Submarine", "Assessment": "Sunk", "URL": null }, "geometry": { "type": "Point", "coordinates": [ 129.866666666666674, 41.666666666666664 ] } },
{ "type": "Feature", "properties": { "Month": "June", "Day": 10, "Year": 1945, "Name of Vessel": "DAIGEN MARU NO 2", "Type of Vessel": "Passenger-Cargo", "Standard T": "1999", "Latitude": "43-21N", "Longitude": "140-40E", "Flag of Aggressor": "United States", "Type of Aggression": "Submarine", "Assessment": "Sunk", "URL": null }, "geometry": { "type": "Point", "coordinates": [ 140.666666666666657, 43.35 ] } },
{ "type": "Feature", "properties": { "Month": "June", "Day": 10, "Year": 1945, "Name of Vessel": "UNKAI MARU NO 8", "Type of Vessel": "Passenger-Cargo", "Standard T": "1293", "Latitude": "43-23N", "Longitude": "140-32E", "Flag of Aggressor": "United States", "Type of Aggression": "Submarine", "Assessment": "Sunk", "URL": null }, "geometry": { "type": "Point", "coordinates": [ 140.533333333333331, 43.383333333333333 ] } },
{ "type": "Feature", "properties": { "Month": "June", "Day": 10, "Year": 1945, "Name of Vessel": "JINTSU MARU", "Type of Vessel": "Passenger-Cargo", "Standard T": "994", "Latitude": "43-28N", "Longitude": "140-28E", "Flag of Aggressor": "United States", "Type of Aggression": "Submarine", "Assessment": "Sunk", "URL": null }, "geometry": { "type": "Point", "coordinates": [ 140.466666666666669, 43.466666666666669 ] } },
{ "type": "Feature", "properties": { "Month": "June", "Day": 10, "Year": 1945, "Name of Vessel": "SHOEI MARU NO 6", "Type of Vessel": "Tanker", "Standard T": "834", "Latitude": "41-20N", "Longitude": "141-29E", "Flag of Aggressor": "United States", "Type of Aggression": "Submarine", "Assessment": "Sunk", "URL": null }, "geometry": { "type": "Point", "coordinates": [ 141.48333333333332, 41.333333333333336 ] } },
{ "type": "Feature", "properties": { "Month": "June", "Day": 11, "Year": 1945, "Name of Vessel": "SHINYO MARU NO 3", "Type of Vessel": "Passenger-Cargo", "Standard T": "1898", "Latitude": "39-23N", "Longitude": "128-59E", "Flag of Aggressor": "United States", "Type of Aggression": "Submarine", "Assessment": "Sunk", "URL": null }, "geometry": { "type": "Point", "coordinates": [ 128.98333333333332, 39.383333333333333 ] } },
{ "type": "Feature", "properties": { "Month": "June", "Day": 11, "Year": 1945, "Name of Vessel": "HAKUSAN MARU", "Type of Vessel": "Cargo", "Standard T": "2211", "Latitude": "40-43N", "Longitude": "139-51E", "Flag of Aggressor": "United States", "Type of Aggression": "Submarine", "Assessment": "Sunk", "URL": null }, "geometry": { "type": "Point", "coordinates": [ 139.85, 40.716666666666669 ] } },
{ "type": "Feature", "properties": { "Month": "June", "Day": 11, "Year": 1945, "Name of Vessel": "MEISEI MARU", "Type of Vessel": "Passenger-Cargo", "Standard T": "1893", "Latitude": "41-47N", "Longitude": "131-44E", "Flag of Aggressor": "United States", "Type of Aggression": "Submarine", "Assessment": "Sunk", "URL": null }, "geometry": { "type": "Point", "coordinates": [ 131.73333333333332, 41.783333333333331 ] } },
{ "type": "Feature", "properties": { "Month": "June", "Day": 11, "Year": 1945, "Name of Vessel": "KOFUKU MARU", "Type of Vessel": "Cargo", "Standard T": "753", "Latitude": "40-28N", "Longitude": "139-47E", "Flag of Aggressor": "United States", "Type of Aggression": "Submarine", "Assessment": "Sunk", "URL": null }, "geometry": { "type": "Point", "coordinates": [ 139.783333333333331, 40.466666666666669 ] } },
{ "type": "Feature", "properties": { "Month": "June", "Day": 11, "Year": 1945, "Name of Vessel": "FUKUI MARU NO 2", "Type of Vessel": "Cargo", "Standard T": "1578", "Latitude": "37-11N", "Longitude": "123-23E", "Flag of Aggressor": "United States", "Type of Aggression": "Submarine", "Assessment": "Sunk", "URL": null }, "geometry": { "type": "Point", "coordinates": [ 123.38333333333334, 37.18333333333333 ] } },
{ "type": "Feature", "properties": { "Month": "June", "Day": 11, "Year": 1945, "Name of Vessel": "HAKUJU MARU", "Type of Vessel": "Cargo", "Standard T": "2220", "Latitude": "32-37N", "Longitude": "129-45E", "Flag of Aggressor": "United States", "Type of Aggression": "Submarine", "Assessment": "Sunk", "URL": null }, "geometry": { "type": "Point", "coordinates": [ 129.75, 32.616666666666667 ] } },
{ "type": "Feature", "properties": { "Month": "June", "Day": 12, "Year": 1945, "Name of Vessel": "AIZAN MARU", "Type of Vessel": "Cargo", "Standard T": "2221", "Latitude": "33-38N", "Longitude": "130-22E", "Flag of Aggressor": "United States", "Type of Aggression": "Army Mine", "Assessment": "Sunk", "URL": null }, "geometry": { "type": "Point", "coordinates": [ 130.366666666666674, 33.633333333333333 ] } },
{ "type": "Feature", "properties": { "Month": "June", "Day": 12, "Year": 1945, "Name of Vessel": "SHIMONOSEKI MARU", "Type of Vessel": "Transport", "Standard T": "527", "Latitude": "33-36N", "Longitude": "130-19E", "Flag of Aggressor": "United States", "Type of Aggression": "Army Mine", "Assessment": "Sunk", "URL": null }, "geometry": { "type": "Point", "coordinates": [ 130.316666666666663, 33.6 ] } },
{ "type": "Feature", "properties": { "Month": "June", "Day": 12, "Year": 1945, "Name of Vessel": "FUMITSUKI MARU", "Type of Vessel": "Cargo", "Standard T": "875", "Latitude": "33-57N", "Longitude": "130-44E", "Flag of Aggressor": "United States", "Type of Aggression": "Army Mine", "Assessment": "Sunk", "URL": null }, "geometry": { "type": "Point", "coordinates": [ 130.73333333333332, 33.95 ] } },
{ "type": "Feature", "properties": { "Month": "June", "Day": 12, "Year": 1945, "Name of Vessel": "SHINSEN MARU", "Type of Vessel": "Cargo", "Standard T": "880", "Latitude": "40-09N", "Longitude": "139-43E", "Flag of Aggressor": "United States", "Type of Aggression": "Submarine", "Assessment": "Sunk", "URL": null }, "geometry": { "type": "Point", "coordinates": [ 139.716666666666669, 40.15 ] } },
{ "type": "Feature", "properties": { "Month": "June", "Day": 12, "Year": 1945, "Name of Vessel": "YOZAN MARU", "Type of Vessel": "Cargo", "Standard T": "1227", "Latitude": "37-07N", "Longitude": "136-42E", "Flag of Aggressor": "United States", "Type of Aggression": "Submarine", "Assessment": "Sunk", "URL": null }, "geometry": { "type": "Point", "coordinates": [ 136.7, 37.116666666666667 ] } },
{ "type": "Feature", "properties": { "Month": "June", "Day": 12, "Year": 1945, "Name of Vessel": "KENJO MARU", "Type of Vessel": "Cargo", "Standard T": "3142", "Latitude": "37-07N", "Longitude": "136-42E", "Flag of Aggressor": "United States", "Type of Aggression": "Submarine", "Assessment": "Sunk", "URL": null }, "geometry": { "type": "Point", "coordinates": [ 136.7, 37.116666666666667 ] } },
{ "type": "Feature", "properties": { "Month": "June", "Day": 12, "Year": 1945, "Name of Vessel": "ZUIKO MARU", "Type of Vessel": "Cargo", "Standard T": "887", "Latitude": "37-07N", "Longitude": "136-42E", "Flag of Aggressor": "United States", "Type of Aggression": "Submarine", "Assessment": "Sunk", "URL": null }, "geometry": { "type": "Point", "coordinates": [ 136.7, 37.116666666666667 ] } },
{ "type": "Feature", "properties": { "Month": "June", "Day": 12, "Year": 1945, "Name of Vessel": "KEITO MARU", "Type of Vessel": "Cargo", "Standard T": "880", "Latitude": "37-47N", "Longitude": "129-10E", "Flag of Aggressor": "United States", "Type of Aggression": "Submarine", "Assessment": "Sunk", "URL": null }, "geometry": { "type": "Point", "coordinates": [ 129.166666666666657, 37.783333333333331 ] } },
{ "type": "Feature", "properties": { "Month": "June", "Day": 13, "Year": 1945, "Name of Vessel": "KAISHO MARU", "Type of Vessel": "Cargo", "Standard T": "887", "Latitude": "35-49N", "Longitude": "126-25E", "Flag of Aggressor": "United States", "Type of Aggression": "Unkown Aircraft", "Assessment": "Sunk", "URL": null }, "geometry": { "type": "Point", "coordinates": [ 126.416666666666671, 35.81666666666667 ] } },
{ "type": "Feature", "properties": { "Month": "June", "Day": 13, "Year": 1945, "Name of Vessel": "AKIURA MARU", "Type of Vessel": "Cargo", "Standard T": "887", "Latitude": "39-13N", "Longitude": "128-07E", "Flag of Aggressor": "United States", "Type of Aggression": "Submarine", "Assessment": "Sunk", "URL": null }, "geometry": { "type": "Point", "coordinates": [ 128.116666666666674, 39.216666666666669 ] } },
{ "type": "Feature", "properties": { "Month": "June", "Day": 13, "Year": 1945, "Name of Vessel": "HIYOSHI MARU", "Type of Vessel": "Converted Gunboat", "Standard T": "1287", "Latitude": "33-57N", "Longitude": "131-02E", "Flag of Aggressor": "United States", "Type of Aggression": "Army Mine", "Assessment": "Sunk", "URL": null }, "geometry": { "type": "Point", "coordinates": [ 131.033333333333331, 33.95 ] } },
{ "type": "Feature", "properties": { "Month": "June", "Day": 13, "Year": 1945, "Name of Vessel": "MATSUO MARU", "Type of Vessel": "Cargo", "Standard T": "1911", "Latitude": "33-56N", "Longitude": "131-11E", "Flag of Aggressor": "United States", "Type of Aggression": "Army Mine", "Assessment": "Sunk", "URL": null }, "geometry": { "type": "Point", "coordinates": [ 131.183333333333337, 33.93333333333333 ] } },
{ "type": "Feature", "properties": { "Month": "June", "Day": 13, "Year": 1945, "Name of Vessel": "KOUN MARU", "Type of Vessel": "Cargo", "Standard T": "1665", "Latitude": "23-30N", "Longitude": "113-30E", "Flag of Aggressor": "United States", "Type of Aggression": "Army Mine", "Assessment": "Sunk", "URL": null }, "geometry": { "type": "Point", "coordinates": [ 113.5, 23.5 ] } },
{ "type": "Feature", "properties": { "Month": "June", "Day": 13, "Year": 1945, "Name of Vessel": "SHIRAHI MARU", "Type of Vessel": "Cargo", "Standard T": "6872", "Latitude": "33-57N", "Longitude": "130-55E", "Flag of Aggressor": "United States", "Type of Aggression": "Army Mine", "Assessment": "Sunk", "URL": null }, "geometry": { "type": "Point", "coordinates": [ 130.916666666666657, 33.95 ] } },
{ "type": "Feature", "properties": { "Month": "June", "Day": 13, "Year": 1945, "Name of Vessel": "OSHIKAYAMA MARU", "Type of Vessel": "Cargo", "Standard T": "6892", "Latitude": "38-30N", "Longitude": "136-58E", "Flag of Aggressor": "United States", "Type of Aggression": "Submarine", "Assessment": "Sunk", "URL": null }, "geometry": { "type": "Point", "coordinates": [ 136.966666666666669, 38.5 ] } },
{ "type": "Feature", "properties": { "Month": "June", "Day": 14, "Year": 1945, "Name of Vessel": "KORYU MARU", "Type of Vessel": "Tanker", "Standard T": "974", "Latitude": "33-55N", "Longitude": "131-05E", "Flag of Aggressor": "United States", "Type of Aggression": "Army Mine", "Assessment": "Sunk", "URL": null }, "geometry": { "type": "Point", "coordinates": [ 131.083333333333343, 33.916666666666664 ] } },
{ "type": "Feature", "properties": { "Month": "June", "Day": 14, "Year": 1945, "Name of Vessel": "NISSHO MARU NO 8", "Type of Vessel": "Cargo", "Standard T": "1174", "Latitude": "33-54N", "Longitude": "131-07E", "Flag of Aggressor": "United States", "Type of Aggression": "Army Mine", "Assessment": "Sunk", "URL": null }, "geometry": { "type": "Point", "coordinates": [ 131.116666666666674, 33.9 ] } },
{ "type": "Feature", "properties": { "Month": "June", "Day": 14, "Year": 1945, "Name of Vessel": "UWAJIMA MARU NO 18", "Type of Vessel": "Passenger-Cargo", "Standard T": "885", "Latitude": "33-39N", "Longitude": "130-15E", "Flag of Aggressor": "United States", "Type of Aggression": "Army Mine", "Assessment": "Sunk", "URL": null }, "geometry": { "type": "Point", "coordinates": [ 130.25, 33.65 ] } },
{ "type": "Feature", "properties": { "Month": "June", "Day": 14, "Year": 1945, "Name of Vessel": "WAKAMIYASAN MARU", "Type of Vessel": "Cargo", "Standard T": "2211", "Latitude": "37-38N", "Longitude": "123-34E", "Flag of Aggressor": "United States", "Type of Aggression": "Submarine", "Assessment": "Sunk", "URL": null }, "geometry": { "type": "Point", "coordinates": [ 123.566666666666663, 37.633333333333333 ] } },
{ "type": "Feature", "properties": { "Month": "June", "Day": 14, "Year": 1945, "Name of Vessel": "SEIZAN MARU", "Type of Vessel": "Passenger-Cargo", "Standard T": "2018", "Latitude": "47-03N", "Longitude": "142-01E", "Flag of Aggressor": "United States", "Type of Aggression": "Submarine", "Assessment": "Sunk", "URL": null }, "geometry": { "type": "Point", "coordinates": [ 142.01666666666668, 47.05 ] } },
{ "type": "Feature", "properties": { "Month": "June", "Day": 15, "Year": 1945, "Name of Vessel": "TOHO MARU", "Type of Vessel": "Tanker", "Standard T": "10238", "Latitude": "9-25N", "Longitude": "99-54E", "Flag of Aggressor": "United States", "Type of Aggression": "Army Aircraft", "Assessment": "Sunk", "URL": null }, "geometry": { "type": "Point", "coordinates": [ 99.9, 9.416666666666666 ] } },
{ "type": "Feature", "properties": { "Month": "June", "Day": 15, "Year": 1945, "Name of Vessel": "KOAN MARU", "Type of Vessel": "Passenger-Cargo", "Standard T": "884", "Latitude": "39-53N", "Longitude": "139-40E", "Flag of Aggressor": "United States", "Type of Aggression": "Submarine", "Assessment": "Sunk", "URL": null }, "geometry": { "type": "Point", "coordinates": [ 139.666666666666657, 39.883333333333333 ] } },
{ "type": "Feature", "properties": { "Month": "June", "Day": 16, "Year": 1945, "Name of Vessel": "TAKESHIMA MARU", "Type of Vessel": "Cargo", "Standard T": "870", "Latitude": "34-35N", "Longitude": "125-58E", "Flag of Aggressor": "United States", "Type of Aggression": "Navy Land-Based Aircraft", "Assessment": "Sunk", "URL": null }, "geometry": { "type": "Point", "coordinates": [ 125.966666666666669, 34.583333333333336 ] } },
{ "type": "Feature", "properties": { "Month": "June", "Day": 16, "Year": 1945, "Name of Vessel": "TAIKYU MARU", "Type of Vessel": "Cargo", "Standard T": "2128", "Latitude": "33-58N", "Longitude": "130-34E", "Flag of Aggressor": "United States", "Type of Aggression": "Army Mine", "Assessment": "Sunk", "URL": null }, "geometry": { "type": "Point", "coordinates": [ 130.566666666666663, 33.966666666666669 ] } },
{ "type": "Feature", "properties": { "Month": "June", "Day": 17, "Year": 1945, "Name of Vessel": "EIJO MARU", "Type of Vessel": "Cargo", "Standard T": "2274", "Latitude": "42-38N", "Longitude": "139-49E", "Flag of Aggressor": "United States", "Type of Aggression": "Submarine", "Assessment": "Sunk", "URL": null }, "geometry": { "type": "Point", "coordinates": [ 139.816666666666663, 42.633333333333333 ] } },
{ "type": "Feature", "properties": { "Month": "June", "Day": 18, "Year": 1945, "Name of Vessel": "BISAN MARU", "Type of Vessel": "Passenger-Cargo", "Standard T": "3420", "Latitude": "33-58N", "Longitude": "130-44E", "Flag of Aggressor": "United States", "Type of Aggression": "Army Mine", "Assessment": "Sunk", "URL": null }, "geometry": { "type": "Point", "coordinates": [ 130.73333333333332, 33.966666666666669 ] } },
{ "type": "Feature", "properties": { "Month": "June", "Day": 18, "Year": 1945, "Name of Vessel": "NISSHO MARU", "Type of Vessel": "Cargo", "Standard T": "1276", "Latitude": "34-00N", "Longitude": "130-50E", "Flag of Aggressor": "United States", "Type of Aggression": "Army Mine", "Assessment": "Sunk", "URL": null }, "geometry": { "type": "Point", "coordinates": [ 130.833333333333343, 34.0 ] } },
{ "type": "Feature", "properties": { "Month": "June", "Day": 18, "Year": 1945, "Name of Vessel": "HAKUAI MARU", "Type of Vessel": "Transport", "Standard T": "2614", "Latitude": "50-30N", "Longitude": "155-01E", "Flag of Aggressor": "United States", "Type of Aggression": "Submarine", "Assessment": "Sunk", "URL": null }, "geometry": { "type": "Point", "coordinates": [ 155.01666666666668, 50.5 ] } },
{ "type": "Feature", "properties": { "Month": "June", "Day": 19, "Year": 1945, "Name of Vessel": "KONZAN MARU", "Type of Vessel": "Passenger-Cargo", "Standard T": "5488", "Latitude": "37-13N", "Longitude": "137-18E", "Flag of Aggressor": "United States", "Type of Aggression": "Submarine", "Assessment": "Sunk", "URL": null }, "geometry": { "type": "Point", "coordinates": [ 137.3, 37.216666666666669 ] } },
{ "type": "Feature", "properties": { "Month": "June", "Day": 19, "Year": 1945, "Name of Vessel": "ZAOSAN MARU", "Type of Vessel": "Cargo", "Standard T": "2631", "Latitude": "50-39N", "Longitude": "154-38E", "Flag of Aggressor": "United States", "Type of Aggression": "Submarine", "Assessment": "Sunk", "URL": null }, "geometry": { "type": "Point", "coordinates": [ 154.633333333333326, 50.65 ] } },
{ "type": "Feature", "properties": { "Month": "June", "Day": 19, "Year": 1945, "Name of Vessel": "KAISEI MARU", "Type of Vessel": "Cargo", "Standard T": "873", "Latitude": "34-22N", "Longitude": "130-51E", "Flag of Aggressor": "United States", "Type of Aggression": "Army Mine", "Assessment": "Sunk", "URL": null }, "geometry": { "type": "Point", "coordinates": [ 130.85, 34.366666666666667 ] } },
{ "type": "Feature", "properties": { "Month": "June", "Day": 19, "Year": 1945, "Name of Vessel": "KOKAI MARU", "Type of Vessel": "Cargo", "Standard T": "1272", "Latitude": "43-12N", "Longitude": "140-19E", "Flag of Aggressor": "United States", "Type of Aggression": "Submarine", "Assessment": "Sunk", "URL": null }, "geometry": { "type": "Point", "coordinates": [ 140.316666666666663, 43.2 ] } },
{ "type": "Feature", "properties": { "Month": "June", "Day": 20, "Year": 1945, "Name of Vessel": "KEIJO MARU", "Type of Vessel": "Cargo", "Standard T": "2220", "Latitude": "34-47N", "Longitude": "126-23E", "Flag of Aggressor": "United States", "Type of Aggression": "Army Aircraft", "Assessment": "Sunk", "URL": null }, "geometry": { "type": "Point", "coordinates": [ 126.38333333333334, 34.783333333333331 ] } },
{ "type": "Feature", "properties": { "Month": "June", "Day": 20, "Year": 1945, "Name of Vessel": "HUASHAN MARU", "Type of Vessel": "Cargo", "Standard T": "2103", "Latitude": "33-38N", "Longitude": "130-22E", "Flag of Aggressor": "United States", "Type of Aggression": "Army Mine", "Assessment": "Sunk", "URL": null }, "geometry": { "type": "Point", "coordinates": [ 130.366666666666674, 33.633333333333333 ] } },
{ "type": "Feature", "properties": { "Month": "June", "Day": 20, "Year": 1945, "Name of Vessel": "KENAN MARU", "Type of Vessel": "Cargo", "Standard T": "2220", "Latitude": "33-59N", "Longitude": "130-48E", "Flag of Aggressor": "United States", "Type of Aggression": "Army Mine", "Assessment": "Sunk", "URL": null }, "geometry": { "type": "Point", "coordinates": [ 130.8, 33.983333333333334 ] } },
{ "type": "Feature", "properties": { "Month": "June", "Day": 20, "Year": 1945, "Name of Vessel": "NANKI MARU NO 1", "Type of Vessel": "Cargo", "Standard T": "834", "Latitude": "33-58N", "Longitude": "131-01E", "Flag of Aggressor": "United States", "Type of Aggression": "Army Mine", "Assessment": "Sunk", "URL": null }, "geometry": { "type": "Point", "coordinates": [ 131.01666666666668, 33.966666666666669 ] } },
{ "type": "Feature", "properties": { "Month": "June", "Day": 20, "Year": 1945, "Name of Vessel": "KAISEI MARU", "Type of Vessel": "Cargo", "Standard T": "884", "Latitude": "35-39N", "Longitude": "130-29E", "Flag of Aggressor": "United States", "Type of Aggression": "Submarine", "Assessment": "Sunk", "URL": null }, "geometry": { "type": "Point", "coordinates": [ 130.48333333333332, 35.65 ] } },
{ "type": "Feature", "properties": { "Month": "June", "Day": 20, "Year": 1945, "Name of Vessel": "TAITO MARU", "Type of Vessel": "Cargo", "Standard T": "2726", "Latitude": "36-04N", "Longitude": "130-26E", "Flag of Aggressor": "United States", "Type of Aggression": "Submarine", "Assessment": "Sunk", "URL": null }, "geometry": { "type": "Point", "coordinates": [ 130.433333333333337, 36.06666666666667 ] } },
{ "type": "Feature", "properties": { "Month": "June", "Day": 21, "Year": 1945, "Name of Vessel": "HIZEN MARU", "Type of Vessel": "Cargo", "Standard T": "946", "Latitude": "41-19N", "Longitude": "141-28E", "Flag of Aggressor": "United States", "Type of Aggression": "Submarine", "Assessment": "Sunk", "URL": null }, "geometry": { "type": "Point", "coordinates": [ 141.466666666666669, 41.31666666666667 ] } },
{ "type": "Feature", "properties": { "Month": "June", "Day": 22, "Year": 1945, "Name of Vessel": "YUBU MARU", "Type of Vessel": "Cargo", "Standard T": "884", "Latitude": "34-00N", "Longitude": "131-00E", "Flag of Aggressor": "United States", "Type of Aggression": "Army Mine", "Assessment": "Sunk", "URL": null }, "geometry": { "type": "Point", "coordinates": [ 131.0, 34.0 ] } },
{ "type": "Feature", "properties": { "Month": "June", "Day": 22, "Year": 1945, "Name of Vessel": "SHIMOTSUKI MARU", "Type of Vessel": "Cargo", "Standard T": "875", "Latitude": "33-58N", "Longitude": "131-01E", "Flag of Aggressor": "United States", "Type of Aggression": "Army Mine", "Assessment": "Sunk", "URL": null }, "geometry": { "type": "Point", "coordinates": [ 131.01666666666668, 33.966666666666669 ] } },
{ "type": "Feature", "properties": { "Month": "June", "Day": 22, "Year": 1945, "Name of Vessel": "TAIGEN MARU", "Type of Vessel": "Cargo", "Standard T": "884", "Latitude": "34-00N", "Longitude": "130-50E", "Flag of Aggressor": "United States", "Type of Aggression": "Army Mine", "Assessment": "Sunk", "URL": null }, "geometry": { "type": "Point", "coordinates": [ 130.833333333333343, 34.0 ] } },
{ "type": "Feature", "properties": { "Month": "June", "Day": 22, "Year": 1945, "Name of Vessel": "TAKASEGAWA MARU", "Type of Vessel": "Cargo", "Standard T": "879", "Latitude": "33-55N", "Longitude": "131-20E", "Flag of Aggressor": "United States", "Type of Aggression": "Army Mine", "Assessment": "Sunk", "URL": null }, "geometry": { "type": "Point", "coordinates": [ 131.333333333333343, 33.916666666666664 ] } },
{ "type": "Feature", "properties": { "Month": "June", "Day": 23, "Year": 1945, "Name of Vessel": "GOSHU MARU", "Type of Vessel": "Cargo", "Standard T": "2211", "Latitude": "34-00N", "Longitude": "130-50E", "Flag of Aggressor": "United States", "Type of Aggression": "Army Mine", "Assessment": "Sunk", "URL": null }, "geometry": { "type": "Point", "coordinates": [ 130.833333333333343, 34.0 ] } },
{ "type": "Feature", "properties": { "Month": "June", "Day": 23, "Year": 1945, "Name of Vessel": "KOCHO MARU", "Type of Vessel": "Cargo", "Standard T": "6888", "Latitude": "33-50N", "Longitude": "130-30E", "Flag of Aggressor": "United States", "Type of Aggression": "Army Mine", "Assessment": "Sunk", "URL": null }, "geometry": { "type": "Point", "coordinates": [ 130.5, 33.833333333333336 ] } },
{ "type": "Feature", "properties": { "Month": "June", "Day": 23, "Year": 1945, "Name of Vessel": "SAGAMI MARU", "Type of Vessel": "Cargo", "Standard T": "877", "Latitude": "34-00N", "Longitude": "131-00E", "Flag of Aggressor": "United States", "Type of Aggression": "Army Mine", "Assessment": "Sunk", "URL": null }, "geometry": { "type": "Point", "coordinates": [ 131.0, 34.0 ] } },
{ "type": "Feature", "properties": { "Month": "June", "Day": 24, "Year": 1945, "Name of Vessel": "PLUTO GO", "Type of Vessel": "Cargo", "Standard T": "3033", "Latitude": "34-47N", "Longitude": "126-25E", "Flag of Aggressor": "United States", "Type of Aggression": "Navy Land-Based Aircraft", "Assessment": "Sunk", "URL": null }, "geometry": { "type": "Point", "coordinates": [ 126.416666666666671, 34.783333333333331 ] } },
{ "type": "Feature", "properties": { "Month": "June", "Day": 24, "Year": 1945, "Name of Vessel": "ISE MARU NO 5", "Type of Vessel": "Cargo", "Standard T": "880", "Latitude": "33-20N", "Longitude": "129-20E", "Flag of Aggressor": "United States", "Type of Aggression": "Navy Land-Based Aircraft", "Assessment": "Sunk", "URL": null }, "geometry": { "type": "Point", "coordinates": [ 129.333333333333343, 33.333333333333336 ] } },
{ "type": "Feature", "properties": { "Month": "June", "Day": 24, "Year": 1945, "Name of Vessel": "KATSURA MARU", "Type of Vessel": "Cargo", "Standard T": "884", "Latitude": "34-19N", "Longitude": "133-35E", "Flag of Aggressor": "United States", "Type of Aggression": "Army Mine", "Assessment": "Sunk", "URL": null }, "geometry": { "type": "Point", "coordinates": [ 133.583333333333343, 34.31666666666667 ] } },
{ "type": "Feature", "properties": { "Month": "June", "Day": 24, "Year": 1945, "Name of Vessel": "KENKON MARU NO 8", "Type of Vessel": "Cargo", "Standard T": "882", "Latitude": "33-58N", "Longitude": "130-52E", "Flag of Aggressor": "United States", "Type of Aggression": "Army Mine", "Assessment": "Sunk", "URL": null }, "geometry": { "type": "Point", "coordinates": [ 130.866666666666674, 33.966666666666669 ] } },
{ "type": "Feature", "properties": { "Month": "June", "Day": 24, "Year": 1945, "Name of Vessel": "WAKAMATSU MARU", "Type of Vessel": "Cargo", "Standard T": "2722", "Latitude": "33-48N", "Longitude": "131-32E", "Flag of Aggressor": "United States", "Type of Aggression": "Army Mine", "Assessment": "Sunk", "URL": null }, "geometry": { "type": "Point", "coordinates": [ 131.533333333333331, 33.8 ] } },
{ "type": "Feature", "properties": { "Month": "June", "Day": 24, "Year": 1945, "Name of Vessel": "SHINKA MARU", "Type of Vessel": "Cargo", "Standard T": "873", "Latitude": "33-28N", "Longitude": "130-01E", "Flag of Aggressor": "United States", "Type of Aggression": "Army Mine", "Assessment": "Sunk", "URL": null }, "geometry": { "type": "Point", "coordinates": [ 130.01666666666668, 33.466666666666669 ] } },
{ "type": "Feature", "properties": { "Month": "June", "Day": 25, "Year": 1945, "Name of Vessel": "ANRI MARU", "Type of Vessel": "Cargo", "Standard T": "1668", "Latitude": "33-58N", "Longitude": "130-50E", "Flag of Aggressor": "United States", "Type of Aggression": "Army Mine", "Assessment": "Sunk", "URL": null }, "geometry": { "type": "Point", "coordinates": [ 130.833333333333343, 33.966666666666669 ] } },
{ "type": "Feature", "properties": { "Month": "June", "Day": 25, "Year": 1945, "Name of Vessel": "UNGATSU MARU", "Type of Vessel": "Cargo", "Standard T": "887", "Latitude": "33-59N", "Longitude": "130-52E", "Flag of Aggressor": "United States", "Type of Aggression": "Army Mine", "Assessment": "Sunk", "URL": null }, "geometry": { "type": "Point", "coordinates": [ 130.866666666666674, 33.983333333333334 ] } },
{ "type": "Feature", "properties": { "Month": "June", "Day": 26, "Year": 1945, "Name of Vessel": "KISEI MARU", "Type of Vessel": "Cargo", "Standard T": "749", "Latitude": "34-32N", "Longitude": "127-14E", "Flag of Aggressor": "United States", "Type of Aggression": "Navy Land-Based Aircraft", "Assessment": "Sunk", "URL": null }, "geometry": { "type": "Point", "coordinates": [ 127.233333333333334, 34.533333333333331 ] } },
{ "type": "Feature", "properties": { "Month": "June", "Day": 26, "Year": 1945, "Name of Vessel": "EIKAN MARU", "Type of Vessel": "Cargo", "Standard T": "6903", "Latitude": "39-15N", "Longitude": "141-55E", "Flag of Aggressor": "Japan", "Type of Aggression": "Mine", "Assessment": "Sunk", "URL": null }, "geometry": { "type": "Point", "coordinates": [ 141.916666666666657, 39.25 ] } },
{ "type": "Feature", "properties": { "Month": "June", "Day": 26, "Year": 1945, "Name of Vessel": "KAMITSU MARU", "Type of Vessel": "Converted Gunboat", "Standard T": "2723", "Latitude": "39-25N", "Longitude": "142-04E", "Flag of Aggressor": "United States", "Type of Aggression": "Submarine", "Assessment": "Sunk", "URL": null }, "geometry": { "type": "Point", "coordinates": [ 142.066666666666663, 39.416666666666664 ] } },
{ "type": "Feature", "properties": { "Month": "June", "Day": 27, "Year": 1945, "Name of Vessel": "KAISHIN MARU NO 7", "Type of Vessel": "Cargo", "Standard T": "873", "Latitude": "33-50N", "Longitude": "130-50E", "Flag of Aggressor": "United States", "Type of Aggression": "Army Mine", "Assessment": "Sunk", "URL": null }, "geometry": { "type": "Point", "coordinates": [ 130.833333333333343, 33.833333333333336 ] } },
{ "type": "Feature", "properties": { "Month": "June", "Day": 27, "Year": 1945, "Name of Vessel": "MIBUNESAN MARU", "Type of Vessel": "Cargo", "Standard T": "872", "Latitude": "34-35N", "Longitude": "134-15E", "Flag of Aggressor": "United States", "Type of Aggression": "Army Mine", "Assessment": "Sunk", "URL": null }, "geometry": { "type": "Point", "coordinates": [ 134.25, 34.583333333333336 ] } },
{ "type": "Feature", "properties": { "Month": "June", "Day": 27, "Year": 1945, "Name of Vessel": "MIFUKU MARU", "Type of Vessel": "Cargo", "Standard T": "1211", "Latitude": "37-06N", "Longitude": "137-02E", "Flag of Aggressor": "United States", "Type of Aggression": "Army Mine", "Assessment": "Sunk", "URL": null }, "geometry": { "type": "Point", "coordinates": [ 137.033333333333331, 37.1 ] } },
{ "type": "Feature", "properties": { "Month": "June", "Day": 27, "Year": 1945, "Name of Vessel": "TSUKI MARU NO 1", "Type of Vessel": "Cargo", "Standard T": "875", "Latitude": "33-58N", "Longitude": "131-01E", "Flag of Aggressor": "United States", "Type of Aggression": "Army Mine", "Assessment": "Sunk", "URL": null }, "geometry": { "type": "Point", "coordinates": [ 131.01666666666668, 33.966666666666669 ] } },
{ "type": "Feature", "properties": { "Month": "June", "Day": 28, "Year": 1945, "Name of Vessel": "DAIKOKUZAN MARU", "Type of Vessel": "Cargo", "Standard T": "692", "Latitude": "34-30N", "Longitude": "130-30E", "Flag of Aggressor": "United States", "Type of Aggression": "Army Mine", "Assessment": "Sunk", "URL": null }, "geometry": { "type": "Point", "coordinates": [ 130.5, 34.5 ] } },
{ "type": "Feature", "properties": { "Month": "June", "Day": 28, "Year": 1945, "Name of Vessel": "REIAN MARU", "Type of Vessel": "Cargo", "Standard T": "1936", "Latitude": "33-59N", "Longitude": "130-52E", "Flag of Aggressor": "United States", "Type of Aggression": "Army Mine", "Assessment": "Sunk", "URL": null }, "geometry": { "type": "Point", "coordinates": [ 130.866666666666674, 33.983333333333334 ] } },
{ "type": "Feature", "properties": { "Month": "June", "Day": 28, "Year": 1945, "Name of Vessel": "TAKASAGO MARU NO 12", "Type of Vessel": "Tanker", "Standard T": "834", "Latitude": "34-23N", "Longitude": "130-56E", "Flag of Aggressor": "United States", "Type of Aggression": "Army Mine", "Assessment": "Sunk", "URL": null }, "geometry": { "type": "Point", "coordinates": [ 130.933333333333337, 34.383333333333333 ] } },
{ "type": "Feature", "properties": { "Month": "June", "Day": 29, "Year": 1945, "Name of Vessel": "NICHIYU MARU NO 1", "Type of Vessel": "Cargo", "Standard T": "6873", "Latitude": "34-36N", "Longitude": "130-46E", "Flag of Aggressor": "United States", "Type of Aggression": "Army Mine", "Assessment": "Sunk", "URL": null }, "geometry": { "type": "Point", "coordinates": [ 130.76666666666668, 34.6 ] } },
{ "type": "Feature", "properties": { "Month": "June", "Day": 29, "Year": 1945, "Name of Vessel": "SOSHU MARU", "Type of Vessel": "Cargo", "Standard T": "1219", "Latitude": "35-41N", "Longitude": "136-05E", "Flag of Aggressor": "United States", "Type of Aggression": "Army Mine", "Assessment": "Sunk", "URL": null }, "geometry": { "type": "Point", "coordinates": [ 136.083333333333343, 35.68333333333333 ] } },
{ "type": "Feature", "properties": { "Month": "June", "Day": 30, "Year": 1945, "Name of Vessel": "RYUHO MARU NO 1", "Type of Vessel": "Cargo", "Standard T": "2241", "Latitude": "34-03N", "Longitude": "140-18E", "Flag of Aggressor": "United States", "Type of Aggression": "Navy Land-Based Aircraft", "Assessment": "Sunk", "URL": null }, "geometry": { "type": "Point", "coordinates": [ 140.3, 34.05 ] } },
{ "type": "Feature", "properties": { "Month": "June", "Day": 30, "Year": 1945, "Name of Vessel": "TARUYASU MARU", "Type of Vessel": "Cargo", "Standard T": "10254", "Latitude": "37-07N", "Longitude": "137-04E", "Flag of Aggressor": "United States", "Type of Aggression": "Army Mine", "Assessment": "Sunk", "URL": null }, "geometry": { "type": "Point", "coordinates": [ 137.066666666666663, 37.116666666666667 ] } },
{ "type": "Feature", "properties": { "Month": "June", "Day": 30, "Year": 1945, "Name of Vessel": "HOKUSHIN MARU", "Type of Vessel": "Cargo", "Standard T": "5819", "Latitude": "15-00N", "Longitude": "115-00E", "Flag of Aggressor": "United States", "Type of Aggression": "Submarine", "Assessment": "Sunk", "URL": null }, "geometry": { "type": "Point", "coordinates": [ 115.0, 15.0 ] } },
{ "type": "Feature", "properties": { "Month": "July", "Day": 1, "Year": 1945, "Name of Vessel": "HSIN NINGSHAO", "Type of Vessel": "Cargo", "Standard T": "3387", "Latitude": "31-21N", "Longitude": "121-38E", "Flag of Aggressor": "United States", "Type of Aggression": "Army Aircraft", "Assessment": "Sunk", "URL": null }, "geometry": { "type": "Point", "coordinates": [ 121.63333333333334, 31.35 ] } },
{ "type": "Feature", "properties": { "Month": "July", "Day": 1, "Year": 1945, "Name of Vessel": "MITAKESAN MARU", "Type of Vessel": "Cargo", "Standard T": "865", "Latitude": "34-20N", "Longitude": "129-24E", "Flag of Aggressor": "United States", "Type of Aggression": "Army Aircraft, Navy Land-Based Aircraft", "Assessment": "Sunk", "URL": null }, "geometry": { "type": "Point", "coordinates": [ 129.4, 34.333333333333336 ] } },
{ "type": "Feature", "properties": { "Month": "July", "Day": 1, "Year": 1945, "Name of Vessel": "EIJUN MARU", "Type of Vessel": "Cargo", "Standard T": "2156", "Latitude": "34-02N", "Longitude": "130-57E", "Flag of Aggressor": "United States", "Type of Aggression": "Army Mine", "Assessment": "Sunk", "URL": null }, "geometry": { "type": "Point", "coordinates": [ 130.95, 34.033333333333331 ] } },
{ "type": "Feature", "properties": { "Month": "July", "Day": 1, "Year": 1945, "Name of Vessel": "NAOSHIMA MARU", "Type of Vessel": "Cargo", "Standard T": "873", "Latitude": "34-30N", "Longitude": "134-17E", "Flag of Aggressor": "United States", "Type of Aggression": "Army Mine", "Assessment": "Sunk", "URL": null }, "geometry": { "type": "Point", "coordinates": [ 134.283333333333331, 34.5 ] } },
{ "type": "Feature", "properties": { "Month": "July", "Day": 1, "Year": 1945, "Name of Vessel": "YAMAMICHI MARU", "Type of Vessel": "Cargo", "Standard T": "6850", "Latitude": "34-28N", "Longitude": "135-08E", "Flag of Aggressor": "United States", "Type of Aggression": "Army Mine", "Assessment": "Sunk", "URL": null }, "geometry": { "type": "Point", "coordinates": [ 135.133333333333326, 34.466666666666669 ] } },
{ "type": "Feature", "properties": { "Month": "July", "Day": 1, "Year": 1945, "Name of Vessel": "TAIUN MARU NO 1", "Type of Vessel": "Cargo", "Standard T": "2220", "Latitude": "38-08N", "Longitude": "124-38E", "Flag of Aggressor": "United States", "Type of Aggression": "Submarine", "Assessment": "Sunk", "URL": null }, "geometry": { "type": "Point", "coordinates": [ 124.63333333333334, 38.133333333333333 ] } },
{ "type": "Feature", "properties": { "Month": "July", "Day": 1, "Year": 1945, "Name of Vessel": "KONRI MARU", "Type of Vessel": "Cargo", "Standard T": "3106", "Latitude": "38-08N", "Longitude": "124-38E", "Flag of Aggressor": "United States", "Type of Aggression": "Submarine", "Assessment": "Sunk", "URL": null }, "geometry": { "type": "Point", "coordinates": [ 124.63333333333334, 38.133333333333333 ] } },
{ "type": "Feature", "properties": { "Month": "July", "Day": 2, "Year": 1945, "Name of Vessel": "HIMETAKA MARU", "Type of Vessel": "Cargo", "Standard T": "554", "Latitude": "34-11N", "Longitude": "132-31E", "Flag of Aggressor": "United States", "Type of Aggression": "Army Aircraft", "Assessment": "Sunk", "URL": null }, "geometry": { "type": "Point", "coordinates": [ 132.51666666666668, 34.18333333333333 ] } },
{ "type": "Feature", "properties": { "Month": "July", "Day": 3, "Year": 1945, "Name of Vessel": "HOEI MARU", "Type of Vessel": "Tanker", "Standard T": "784", "Latitude": "34-22N", "Longitude": "126-25E", "Flag of Aggressor": "United States", "Type of Aggression": "Army Mine", "Assessment": "Sunk", "URL": null }, "geometry": { "type": "Point", "coordinates": [ 126.416666666666671, 34.366666666666667 ] } },
{ "type": "Feature", "properties": { "Month": "July", "Day": 5, "Year": 1945, "Name of Vessel": "TONE MARU", "Type of Vessel": "Cargo", "Standard T": "546", "Latitude": "3-20S", "Longitude": "114-35E", "Flag of Aggressor": "United States", "Type of Aggression": "Army Aircraft", "Assessment": "Sunk", "URL": null }, "geometry": { "type": "Point", "coordinates": [ 114.583333333333329, -3.333333333333333 ] } },
{ "type": "Feature", "properties": { "Month": "July", "Day": 5, "Year": 1945, "Name of Vessel": "TOSEI MARU NO 5", "Type of Vessel": "Tanker", "Standard T": "523", "Latitude": "37-57N", "Longitude": "139-04E", "Flag of Aggressor": "United States", "Type of Aggression": "Army Mine", "Assessment": "Sunk", "URL": null }, "geometry": { "type": "Point", "coordinates": [ 139.066666666666663, 37.95 ] } },
{ "type": "Feature", "properties": { "Month": "July", "Day": 5, "Year": 1945, "Name of Vessel": "TOYOKAWA MARU", "Type of Vessel": "Cargo", "Standard T": "5123", "Latitude": "33-56N", "Longitude": "130-53E", "Flag of Aggressor": "United States", "Type of Aggression": "Army Mine", "Assessment": "Sunk", "URL": null }, "geometry": { "type": "Point", "coordinates": [ 130.883333333333326, 33.93333333333333 ] } },
{ "type": "Feature", "properties": { "Month": "July", "Day": 5, "Year": 1945, "Name of Vessel": "SAPPORO MARU NO 11", "Type of Vessel": "Cargo", "Standard T": "2820", "Latitude": "46-04N", "Longitude": "142-14E", "Flag of Aggressor": "United States", "Type of Aggression": "Submarine", "Assessment": "Sunk", "URL": null }, "geometry": { "type": "Point", "coordinates": [ 142.23333333333332, 46.06666666666667 ] } },
{ "type": "Feature", "properties": { "Month": "July", "Day": 6, "Year": 1945, "Name of Vessel": "TOKAI MARU NO 5", "Type of Vessel": "Cargo", "Standard T": "879", "Latitude": "33-59N", "Longitude": "130-52E", "Flag of Aggressor": "United States", "Type of Aggression": "Army Mine", "Assessment": "Sunk", "URL": null }, "geometry": { "type": "Point", "coordinates": [ 130.866666666666674, 33.983333333333334 ] } },
{ "type": "Feature", "properties": { "Month": "July", "Day": 6, "Year": 1945, "Name of Vessel": "TOYO MARU", "Type of Vessel": "Cargo", "Standard T": "3718", "Latitude": "33-58N", "Longitude": "131-00E", "Flag of Aggressor": "United States", "Type of Aggression": "Army Mine", "Assessment": "Sunk", "URL": null }, "geometry": { "type": "Point", "coordinates": [ 131.0, 33.966666666666669 ] } },
{ "type": "Feature", "properties": { "Month": "July", "Day": 6, "Year": 1945, "Name of Vessel": "UJINA MARU", "Type of Vessel": "Cargo", "Standard T": "2218", "Latitude": "37-56N", "Longitude": "139-04E", "Flag of Aggressor": "United States", "Type of Aggression": "Army Mine", "Assessment": "Sunk", "URL": null }, "geometry": { "type": "Point", "coordinates": [ 139.066666666666663, 37.93333333333333 ] } },
{ "type": "Feature", "properties": { "Month": "July", "Day": 6, "Year": 1945, "Name of Vessel": "TAKE MARU", "Type of Vessel": "Cargo", "Standard T": "1265", "Latitude": "33-52N", "Longitude": "131-15E", "Flag of Aggressor": "United States", "Type of Aggression": "Army Mine", "Assessment": "Sunk", "URL": null }, "geometry": { "type": "Point", "coordinates": [ 131.25, 33.866666666666667 ] } },
{ "type": "Feature", "properties": { "Month": "July", "Day": 6, "Year": 1945, "Name of Vessel": "SHORI MARU", "Type of Vessel": "Cargo", "Standard T": "2080", "Latitude": "34-06N", "Longitude": "130-47E", "Flag of Aggressor": "United States", "Type of Aggression": "Army Mine", "Assessment": "Sunk", "URL": null }, "geometry": { "type": "Point", "coordinates": [ 130.783333333333331, 34.1 ] } },
{ "type": "Feature", "properties": { "Month": "July", "Day": 7, "Year": 1945, "Name of Vessel": "KINYU MARU NO 1", "Type of Vessel": "Cargo", "Standard T": "834", "Latitude": "34-00N", "Longitude": "135-00E", "Flag of Aggressor": "United States", "Type of Aggression": "Army Mine", "Assessment": "Sunk", "URL": null }, "geometry": { "type": "Point", "coordinates": [ 135.0, 34.0 ] } },
{ "type": "Feature", "properties": { "Month": "July", "Day": 7, "Year": 1945, "Name of Vessel": "NACHIZAN MARU", "Type of Vessel": "Cargo", "Standard T": "880", "Latitude": "33-55N", "Longitude": "130-56E", "Flag of Aggressor": "United States", "Type of Aggression": "Army Mine", "Assessment": "Sunk", "URL": null }, "geometry": { "type": "Point", "coordinates": [ 130.933333333333337, 33.916666666666664 ] } },
{ "type": "Feature", "properties": { "Month": "July", "Day": 7, "Year": 1945, "Name of Vessel": "TAIRI GO", "Type of Vessel": "Transport", "Standard T": "1832", "Latitude": "33-43N", "Longitude": "131-38E", "Flag of Aggressor": "United States", "Type of Aggression": "Army Mine", "Assessment": "Sunk", "URL": null }, "geometry": { "type": "Point", "coordinates": [ 131.633333333333326, 33.716666666666669 ] } },
{ "type": "Feature", "properties": { "Month": "July", "Day": 7, "Year": 1945, "Name of Vessel": "KOUN MARU NO 2", "Type of Vessel": "Passenger-Cargo", "Standard T": "606", "Latitude": "41-21N", "Longitude": "141-28E", "Flag of Aggressor": "United States", "Type of Aggression": "Submarine", "Assessment": "Sunk", "URL": null }, "geometry": { "type": "Point", "coordinates": [ 141.466666666666669, 41.35 ] } },
{ "type": "Feature", "properties": { "Month": "July", "Day": 8, "Year": 1945, "Name of Vessel": "MIKUNISAN MARU", "Type of Vessel": "Cargo", "Standard T": "865", "Latitude": "34-45N", "Longitude": "126-19E", "Flag of Aggressor": "United States", "Type of Aggression": "Navy Land-Based Aircraft", "Assessment": "Sunk", "URL": null }, "geometry": { "type": "Point", "coordinates": [ 126.316666666666663, 34.75 ] } },
{ "type": "Feature", "properties": { "Month": "July", "Day": 8, "Year": 1945, "Name of Vessel": "SHINTO MARU", "Type of Vessel": "Cargo", "Standard T": "2211", "Latitude": "33-06N", "Longitude": "129-43E", "Flag of Aggressor": "United States", "Type of Aggression": "Army Mine", "Assessment": "Sunk", "URL": null }, "geometry": { "type": "Point", "coordinates": [ 129.716666666666669, 33.1 ] } },
{ "type": "Feature", "properties": { "Month": "July", "Day": 8, "Year": 1945, "Name of Vessel": "SAITSU MARU", "Type of Vessel": "Passenger-Cargo", "Standard T": "1045", "Latitude": "38-48N", "Longitude": "121-28E", "Flag of Aggressor": "United States", "Type of Aggression": "Submarine", "Assessment": "Sunk", "URL": null }, "geometry": { "type": "Point", "coordinates": [ 121.466666666666669, 38.8 ] } },
{ "type": "Feature", "properties": { "Month": "July", "Day": 9, "Year": 1945, "Name of Vessel": "GAKUZYO MARU", "Type of Vessel": "Cargo", "Standard T": "1500", "Latitude": "33-59N", "Longitude": "130-48E", "Flag of Aggressor": "United States", "Type of Aggression": "Army Mine", "Assessment": "Sunk", "URL": null }, "geometry": { "type": "Point", "coordinates": [ 130.8, 33.983333333333334 ] } },
{ "type": "Feature", "properties": { "Month": "July", "Day": 9, "Year": 1945, "Name of Vessel": "MICHI MARU", "Type of Vessel": "Cargo", "Standard T": "1383", "Latitude": "33-41N", "Longitude": "130-14E", "Flag of Aggressor": "United States", "Type of Aggression": "Army Mine", "Assessment": "Sunk", "URL": null }, "geometry": { "type": "Point", "coordinates": [ 130.23333333333332, 33.68333333333333 ] } },
{ "type": "Feature", "properties": { "Month": "July", "Day": 10, "Year": 1945, "Name of Vessel": "CHIKUMA MARU", "Type of Vessel": "Cargo", "Standard T": "9951", "Latitude": "33-56N", "Longitude": "131-00E", "Flag of Aggressor": "United States", "Type of Aggression": "Army Mine", "Assessment": "Sunk", "URL": null }, "geometry": { "type": "Point", "coordinates": [ 131.0, 33.93333333333333 ] } },
{ "type": "Feature", "properties": { "Month": "July", "Day": 10, "Year": 1945, "Name of Vessel": "NIPPU MARU", "Type of Vessel": "Cargo", "Standard T": "891", "Latitude": "33-06N", "Longitude": "129-43E", "Flag of Aggressor": "United States", "Type of Aggression": "Army Mine", "Assessment": "Sunk", "URL": null }, "geometry": { "type": "Point", "coordinates": [ 129.716666666666669, 33.1 ] } },
{ "type": "Feature", "properties": { "Month": "July", "Day": 10, "Year": 1945, "Name of Vessel": "SAKURA MARU", "Type of Vessel": "Cargo", "Standard T": "900", "Latitude": "9-38N", "Longitude": "101-30E", "Flag of Aggressor": "United States", "Type of Aggression": "Submarine", "Assessment": "Sunk", "URL": null }, "geometry": { "type": "Point", "coordinates": [ 101.5, 9.633333333333333 ] } },
{ "type": "Feature", "properties": { "Month": "July", "Day": 10, "Year": 1945, "Name of Vessel": "NANMEI MARU NO 5", "Type of Vessel": "Tanker", "Standard T": "834", "Latitude": "9-38N", "Longitude": "101-30E", "Flag of Aggressor": "United States", "Type of Aggression": "Submarine", "Assessment": "Sunk", "URL": null }, "geometry": { "type": "Point", "coordinates": [ 101.5, 9.633333333333333 ] } },
{ "type": "Feature", "properties": { "Month": "July", "Day": 10, "Year": 1945, "Name of Vessel": "SAKISHIMA MARU", "Type of Vessel": "Cargo", "Standard T": "1224", "Latitude": "33-39N", "Longitude": "126-40E", "Flag of Aggressor": "United States", "Type of Aggression": "Submarine", "Assessment": "Sunk", "URL": null }, "geometry": { "type": "Point", "coordinates": [ 126.666666666666671, 33.65 ] } },
{ "type": "Feature", "properties": { "Month": "July", "Day": 11, "Year": 1945, "Name of Vessel": "TAKECHI MARU NO 3", "Type of Vessel": "Cargo", "Standard T": "870", "Latitude": "34-34N", "Longitude": "134-21E", "Flag of Aggressor": "United States", "Type of Aggression": "Army Mine", "Assessment": "Sunk", "URL": null }, "geometry": { "type": "Point", "coordinates": [ 134.35, 34.56666666666667 ] } },
{ "type": "Feature", "properties": { "Month": "July", "Day": 12, "Year": 1945, "Name of Vessel": "MOCHIZUKI MARU", "Type of Vessel": "Cargo", "Standard T": "875", "Latitude": "33-38N", "Longitude": "130-22E", "Flag of Aggressor": "United States", "Type of Aggression": "Unkown Aircraft", "Assessment": "Sunk", "URL": null }, "geometry": { "type": "Point", "coordinates": [ 130.366666666666674, 33.633333333333333 ] } },
{ "type": "Feature", "properties": { "Month": "July", "Day": 12, "Year": 1945, "Name of Vessel": "KOJUN MARU", "Type of Vessel": "Cargo", "Standard T": "2177", "Latitude": "37-57N", "Longitude": "139-04E", "Flag of Aggressor": "United States", "Type of Aggression": "Army Mine", "Assessment": "Sunk", "URL": null }, "geometry": { "type": "Point", "coordinates": [ 139.066666666666663, 37.95 ] } },
{ "type": "Feature", "properties": { "Month": "July", "Day": 12, "Year": 1945, "Name of Vessel": "MITSU MARU", "Type of Vessel": "Cargo", "Standard T": "5682", "Latitude": "33-38N", "Longitude": "135-03E", "Flag of Aggressor": "United States", "Type of Aggression": "Army Mine", "Assessment": "Sunk", "URL": null }, "geometry": { "type": "Point", "coordinates": [ 135.05, 33.633333333333333 ] } },
{ "type": "Feature", "properties": { "Month": "July", "Day": 12, "Year": 1945, "Name of Vessel": "TATSUTSUYU MARU", "Type of Vessel": "Cargo", "Standard T": "2220", "Latitude": "34-24N", "Longitude": "131-12E", "Flag of Aggressor": "United States", "Type of Aggression": "Army Mine", "Assessment": "Sunk", "URL": null }, "geometry": { "type": "Point", "coordinates": [ 131.2, 34.4 ] } },
{ "type": "Feature", "properties": { "Month": "July", "Day": 12, "Year": 1945, "Name of Vessel": "NASU MARU", "Type of Vessel": "Converted Salvage Vessel", "Standard T": "694", "Latitude": "37-55N", "Longitude": "139-04E", "Flag of Aggressor": "United States", "Type of Aggression": "Army Mine", "Assessment": "Sunk", "URL": null }, "geometry": { "type": "Point", "coordinates": [ 139.066666666666663, 37.916666666666664 ] } },
{ "type": "Feature", "properties": { "Month": "July", "Day": 13, "Year": 1945, "Name of Vessel": "AGATA MARU NO 7", "Type of Vessel": "Cargo", "Standard T": "873", "Latitude": "33-56N", "Longitude": "130-56E", "Flag of Aggressor": "United States", "Type of Aggression": "Army Mine", "Assessment": "Sunk", "URL": null }, "geometry": { "type": "Point", "coordinates": [ 130.933333333333337, 33.93333333333333 ] } },
{ "type": "Feature", "properties": { "Month": "July", "Day": 13, "Year": 1945, "Name of Vessel": "HAYAHI MARU", "Type of Vessel": "Cargo", "Standard T": "6919", "Latitude": "34-00N", "Longitude": "130-57E", "Flag of Aggressor": "United States", "Type of Aggression": "Army Mine", "Assessment": "Sunk", "URL": null }, "geometry": { "type": "Point", "coordinates": [ 130.95, 34.0 ] } },
{ "type": "Feature", "properties": { "Month": "July", "Day": 13, "Year": 1945, "Name of Vessel": "KORASAN MARU", "Type of Vessel": "Cargo", "Standard T": "2300", "Latitude": "33-56N", "Longitude": "130-56E", "Flag of Aggressor": "United States", "Type of Aggression": "Army Mine", "Assessment": "Sunk", "URL": null }, "geometry": { "type": "Point", "coordinates": [ 130.933333333333337, 33.93333333333333 ] } },
{ "type": "Feature", "properties": { "Month": "July", "Day": 13, "Year": 1945, "Name of Vessel": "YAMABISHI MARU NO 20", "Type of Vessel": "Cargo", "Standard T": "880", "Latitude": "33-58N", "Longitude": "131-01E", "Flag of Aggressor": "United States", "Type of Aggression": "Army Mine", "Assessment": "Sunk", "URL": null }, "geometry": { "type": "Point", "coordinates": [ 131.01666666666668, 33.966666666666669 ] } },
{ "type": "Feature", "properties": { "Month": "July", "Day": 14, "Year": 1945, "Name of Vessel": "SAITO MARU", "Type of Vessel": "Cargo", "Standard T": "874", "Latitude": "39-38N", "Longitude": "125-05E", "Flag of Aggressor": "United States", "Type of Aggression": "Navy Land-Based Aircraft", "Assessment": "Sunk", "URL": null }, "geometry": { "type": "Point", "coordinates": [ 125.083333333333329, 39.633333333333333 ] } },
{ "type": "Feature", "properties": { "Month": "July", "Day": 14, "Year": 1945, "Name of Vessel": "SETAGAWA MARU", "Type of Vessel": "Cargo", "Standard T": "875", "Latitude": "34-00N", "Longitude": "126-00E", "Flag of Aggressor": "United States", "Type of Aggression": "Navy Carrier-Based Aircraft", "Assessment": "Sunk", "URL": null }, "geometry": { "type": "Point", "coordinates": [ 126.0, 34.0 ] } },
{ "type": "Feature", "properties": { "Month": "July", "Day": 14, "Year": 1945, "Name of Vessel": "AWA MARU", "Type of Vessel": "Cargo", "Standard T": "1960", "Latitude": "40-56N", "Longitude": "141-52E", "Flag of Aggressor": "United States", "Type of Aggression": "Navy Carrier-Based Aircraft", "Assessment": "Sunk", "URL": null }, "geometry": { "type": "Point", "coordinates": [ 141.866666666666674, 40.93333333333333 ] } },
{ "type": "Feature", "properties": { "Month": "July", "Day": 14, "Year": 1945, "Name of Vessel": "EIHO MARU", "Type of Vessel": "Cargo", "Standard T": "741", "Latitude": "41-38N", "Longitude": "141-00E", "Flag of Aggressor": "United States", "Type of Aggression": "Navy Carrier-Based Aircraft", "Assessment": "Sunk", "URL": null }, "geometry": { "type": "Point", "coordinates": [ 141.0, 41.633333333333333 ] } },
{ "type": "Feature", "properties": { "Month": "July", "Day": 14, "Year": 1945, "Name of Vessel": "EIREKI MARU", "Type of Vessel": "Cargo", "Standard T": "6923", "Latitude": "42-21N", "Longitude": "140-59E", "Flag of Aggressor": "United States", "Type of Aggression": "Navy Carrier-Based Aircraft", "Assessment": "Sunk", "URL": null }, "geometry": { "type": "Point", "coordinates": [ 140.98333333333332, 42.35 ] } },
{ "type": "Feature", "properties": { "Month": "July", "Day": 14, "Year": 1945, "Name of Vessel": "HIRAN MARU", "Type of Vessel": "Ferry", "Standard T": "3459", "Latitude": "40-51N", "Longitude": "140-45E", "Flag of Aggressor": "United States", "Type of Aggression": "Navy Carrier-Based Aircraft", "Assessment": "Sunk", "URL": null }, "geometry": { "type": "Point", "coordinates": [ 140.75, 40.85 ] } },
{ "type": "Feature", "properties": { "Month": "July", "Day": 14, "Year": 1945, "Name of Vessel": "HOKOKU MARU", "Type of Vessel": "Cargo", "Standard T": "1274", "Latitude": "41-33N", "Longitude": "140-08E", "Flag of Aggressor": "United States", "Type of Aggression": "Navy Carrier-Based Aircraft", "Assessment": "Sunk", "URL": null }, "geometry": { "type": "Point", "coordinates": [ 140.133333333333326, 41.55 ] } },
{ "type": "Feature", "properties": { "Month": "July", "Day": 14, "Year": 1945, "Name of Vessel": "HOKURYU MARU NO 23", "Type of Vessel": "Cargo", "Standard T": "1550", "Latitude": "42-21N", "Longitude": "140-59E", "Flag of Aggressor": "United States", "Type of Aggression": "Navy Carrier-Based Aircraft", "Assessment": "Sunk", "URL": null }, "geometry": { "type": "Point", "coordinates": [ 140.98333333333332, 42.35 ] } },
{ "type": "Feature", "properties": { "Month": "July", "Day": 14, "Year": 1945, "Name of Vessel": "IMIZU MARU", "Type of Vessel": "Cargo", "Standard T": "986", "Latitude": "43-12N", "Longitude": "141-02E", "Flag of Aggressor": "United States", "Type of Aggression": "Navy Carrier-Based Aircraft", "Assessment": "Sunk", "URL": null }, "geometry": { "type": "Point", "coordinates": [ 141.033333333333331, 43.2 ] } },
{ "type": "Feature", "properties": { "Month": "July", "Day": 14, "Year": 1945, "Name of Vessel": "NISSEN MARU NO 6", "Type of Vessel": "Cargo", "Standard T": "521", "Latitude": "41-48N", "Longitude": "141-41E", "Flag of Aggressor": "United States", "Type of Aggression": "Navy Carrier-Based Aircraft", "Assessment": "Sunk", "URL": null }, "geometry": { "type": "Point", "coordinates": [ 141.683333333333337, 41.8 ] } },
{ "type": "Feature", "properties": { "Month": "July", "Day": 14, "Year": 1945, "Name of Vessel": "SEIKAN MARU NO 4", "Type of Vessel": "Cargo", "Standard T": "2903", "Latitude": "41-48N", "Longitude": "141-41E", "Flag of Aggressor": "United States", "Type of Aggression": "Navy Carrier-Based Aircraft", "Assessment": "Sunk", "URL": null }, "geometry": { "type": "Point", "coordinates": [ 141.683333333333337, 41.8 ] } },
{ "type": "Feature", "properties": { "Month": "July", "Day": 14, "Year": 1945, "Name of Vessel": "SEIKAN MARU NO 10", "Type of Vessel": "Ferry", "Standard T": "2900", "Latitude": "41-48N", "Longitude": "141-41E", "Flag of Aggressor": "United States", "Type of Aggression": "Navy Carrier-Based Aircraft", "Assessment": "Sunk", "URL": null }, "geometry": { "type": "Point", "coordinates": [ 141.683333333333337, 41.8 ] } },
{ "type": "Feature", "properties": { "Month": "July", "Day": 14, "Year": 1945, "Name of Vessel": "SEIKAN MARU NO 3", "Type of Vessel": "Cargo", "Standard T": "2787", "Latitude": "41-38N", "Longitude": "141-00E", "Flag of Aggressor": "United States", "Type of Aggression": "Navy Carrier-Based Aircraft", "Assessment": "Sunk", "URL": null }, "geometry": { "type": "Point", "coordinates": [ 141.0, 41.633333333333333 ] } },
{ "type": "Feature", "properties": { "Month": "July", "Day": 14, "Year": 1945, "Name of Vessel": "SEIKAN MARU NO 2", "Type of Vessel": "Ferry", "Standard T": "2493", "Latitude": "40-51N", "Longitude": "140-46E", "Flag of Aggressor": "United States", "Type of Aggression": "Navy Carrier-Based Aircraft", "Assessment": "Sunk", "URL": null }, "geometry": { "type": "Point", "coordinates": [ 140.76666666666668, 40.85 ] } },
{ "type": "Feature", "properties": { "Month": "July", "Day": 14, "Year": 1945, "Name of Vessel": "SEIKAN MARU NO 1", "Type of Vessel": "Ferry", "Standard T": "2326", "Latitude": "41-11N", "Longitude": "140-27E", "Flag of Aggressor": "United States", "Type of Aggression": "Navy Carrier-Based Aircraft", "Assessment": "Sunk", "URL": null }, "geometry": { "type": "Point", "coordinates": [ 140.45, 41.18333333333333 ] } },
{ "type": "Feature", "properties": { "Month": "July", "Day": 14, "Year": 1945, "Name of Vessel": "MATSUMAE MARU", "Type of Vessel": "Ferry", "Standard T": "3429", "Latitude": "41-48N", "Longitude": "140-41E", "Flag of Aggressor": "United States", "Type of Aggression": "Navy Carrier-Based Aircraft", "Assessment": "Sunk", "URL": null }, "geometry": { "type": "Point", "coordinates": [ 140.683333333333337, 41.8 ] } },
{ "type": "Feature", "properties": { "Month": "July", "Day": 14, "Year": 1945, "Name of Vessel": "KYODO MARU NO 13", "Type of Vessel": "Cargo", "Standard T": "1996", "Latitude": "41-05N", "Longitude": "140-55E", "Flag of Aggressor": "United States", "Type of Aggression": "Navy Carrier-Based Aircraft", "Assessment": "Sunk", "URL": null }, "geometry": { "type": "Point", "coordinates": [ 140.916666666666657, 41.083333333333336 ] } },
{ "type": "Feature", "properties": { "Month": "July", "Day": 14, "Year": 1945, "Name of Vessel": "TOYU MARU", "Type of Vessel": "Cargo", "Standard T": "1256", "Latitude": "43-17N", "Longitude": "145-29E", "Flag of Aggressor": "United States", "Type of Aggression": "Navy Carrier-Based Aircraft", "Assessment": "Sunk", "URL": null }, "geometry": { "type": "Point", "coordinates": [ 145.48333333333332, 43.283333333333331 ] } },
{ "type": "Feature", "properties": { "Month": "July", "Day": 14, "Year": 1945, "Name of Vessel": "TSUGARU MARU", "Type of Vessel": "Ferry", "Standard T": "3484", "Latitude": "41-17N", "Longitude": "140-32E", "Flag of Aggressor": "United States", "Type of Aggression": "Navy Carrier-Based Aircraft", "Assessment": "Sunk", "URL": null }, "geometry": { "type": "Point", "coordinates": [ 140.533333333333331, 41.283333333333331 ] } },
{ "type": "Feature", "properties": { "Month": "July", "Day": 14, "Year": 1945, "Name of Vessel": "UNYO MARU NO 1", "Type of Vessel": "Cargo", "Standard T": "2039", "Latitude": "42-21N", "Longitude": "140-59E", "Flag of Aggressor": "United States", "Type of Aggression": "Navy Carrier-Based Aircraft", "Assessment": "Sunk", "URL": null }, "geometry": { "type": "Point", "coordinates": [ 140.98333333333332, 42.35 ] } },
{ "type": "Feature", "properties": { "Month": "July", "Day": 14, "Year": 1945, "Name of Vessel": "SENZAN MARU", "Type of Vessel": "Cargo", "Standard T": "1151", "Latitude": "41-48N", "Longitude": "141-41E", "Flag of Aggressor": "United States", "Type of Aggression": "Navy Carrier-Based Aircraft", "Assessment": "Sunk", "URL": null }, "geometry": { "type": "Point", "coordinates": [ 141.683333333333337, 41.8 ] } },
{ "type": "Feature", "properties": { "Month": "July", "Day": 14, "Year": 1945, "Name of Vessel": "SHIMOSA MARU", "Type of Vessel": "Cargo", "Standard T": "887", "Latitude": "41-38N", "Longitude": "141-00E", "Flag of Aggressor": "United States", "Type of Aggression": "Navy Carrier-Based Aircraft", "Assessment": "Sunk", "URL": null }, "geometry": { "type": "Point", "coordinates": [ 141.0, 41.633333333333333 ] } },
{ "type": "Feature", "properties": { "Month": "July", "Day": 14, "Year": 1945, "Name of Vessel": "SHOHO MARU", "Type of Vessel": "Transport", "Standard T": "3460", "Latitude": "40-51N", "Longitude": "140-47E", "Flag of Aggressor": "United States", "Type of Aggression": "Navy Carrier-Based Aircraft", "Assessment": "Sunk", "URL": null }, "geometry": { "type": "Point", "coordinates": [ 140.783333333333331, 40.85 ] } },
{ "type": "Feature", "properties": { "Month": "July", "Day": 14, "Year": 1945, "Name of Vessel": "TAISEI MARU", "Type of Vessel": "Cargo", "Standard T": "884", "Latitude": "41-38N", "Longitude": "141-00E", "Flag of Aggressor": "United States", "Type of Aggression": "Navy Carrier-Based Aircraft", "Assessment": "Sunk", "URL": null }, "geometry": { "type": "Point", "coordinates": [ 141.0, 41.633333333333333 ] } },
{ "type": "Feature", "properties": { "Month": "July", "Day": 14, "Year": 1945, "Name of Vessel": "TAKA MARU", "Type of Vessel": "Cargo", "Standard T": "887", "Latitude": "42-21N", "Longitude": "140-59E", "Flag of Aggressor": "United States", "Type of Aggression": "Navy Carrier-Based Aircraft", "Assessment": "Sunk", "URL": null }, "geometry": { "type": "Point", "coordinates": [ 140.98333333333332, 42.35 ] } },
{ "type": "Feature", "properties": { "Month": "July", "Day": 14, "Year": 1945, "Name of Vessel": "CHIZU MARU", "Type of Vessel": "Cargo", "Standard T": "2304", "Latitude": "33-58N", "Longitude": "130-59E", "Flag of Aggressor": "United States", "Type of Aggression": "Army Mine", "Assessment": "Sunk", "URL": null }, "geometry": { "type": "Point", "coordinates": [ 130.98333333333332, 33.966666666666669 ] } },
{ "type": "Feature", "properties": { "Month": "July", "Day": 14, "Year": 1945, "Name of Vessel": "KYUKO MARU", "Type of Vessel": "Passenger-Cargo", "Standard T": "3222", "Latitude": "35-00N", "Longitude": "129-43E", "Flag of Aggressor": "United States", "Type of Aggression": "Army Mine", "Assessment": "Sunk", "URL": null }, "geometry": { "type": "Point", "coordinates": [ 129.716666666666669, 35.0 ] } },
{ "type": "Feature", "properties": { "Month": "July", "Day": 14, "Year": 1945, "Name of Vessel": "SHOKA MARU", "Type of Vessel": "Passenger-Cargo", "Standard T": "1931", "Latitude": "43-12N", "Longitude": "141-02E", "Flag of Aggressor": "United States", "Type of Aggression": "Navy Carrier-Based Aircraft", "Assessment": "Sunk", "URL": null }, "geometry": { "type": "Point", "coordinates": [ 141.033333333333331, 43.2 ] } },
{ "type": "Feature", "properties": { "Month": "July", "Day": 15, "Year": 1945, "Name of Vessel": "HIRANO MARU", "Type of Vessel": "Cargo", "Standard T": "1226", "Latitude": "41-16N", "Longitude": "140-04E", "Flag of Aggressor": "United States", "Type of Aggression": "Navy Carrier-Based Aircraft", "Assessment": "Sunk", "URL": null }, "geometry": { "type": "Point", "coordinates": [ 140.066666666666663, 41.266666666666666 ] } },
{ "type": "Feature", "properties": { "Month": "July", "Day": 15, "Year": 1945, "Name of Vessel": "TOKAI MARU", "Type of Vessel": "Cargo", "Standard T": "3099", "Latitude": "42-47N", "Longitude": "140-17E", "Flag of Aggressor": "United States", "Type of Aggression": "Navy Carrier-Based Aircraft", "Assessment": "Sunk", "URL": null }, "geometry": { "type": "Point", "coordinates": [ 140.283333333333331, 42.783333333333331 ] } },
{ "type": "Feature", "properties": { "Month": "July", "Day": 15, "Year": 1945, "Name of Vessel": "SHOHO MARU", "Type of Vessel": "Cargo", "Standard T": "1327", "Latitude": "41-25N", "Longitude": "140-00E", "Flag of Aggressor": "United States", "Type of Aggression": "Navy Carrier-Based Aircraft", "Assessment": "Sunk", "URL": null }, "geometry": { "type": "Point", "coordinates": [ 140.0, 41.416666666666664 ] } },
{ "type": "Feature", "properties": { "Month": "July", "Day": 15, "Year": 1945, "Name of Vessel": "SHOAN MARU", "Type of Vessel": "Ferry", "Standard T": "2900", "Latitude": "40-51N", "Longitude": "140-45E", "Flag of Aggressor": "United States", "Type of Aggression": "Navy Carrier-Based Aircraft", "Assessment": "Sunk", "URL": null }, "geometry": { "type": "Point", "coordinates": [ 140.75, 40.85 ] } },
{ "type": "Feature", "properties": { "Month": "July", "Day": 15, "Year": 1945, "Name of Vessel": "TAISHO MARU NO 1", "Type of Vessel": "Cargo", "Standard T": "605", "Latitude": "42-00N", "Longitude": "140-00E", "Flag of Aggressor": "United States", "Type of Aggression": "Navy Carrier-Based Aircraft", "Assessment": "Sunk", "URL": null }, "geometry": { "type": "Point", "coordinates": [ 140.0, 42.0 ] } },
{ "type": "Feature", "properties": { "Month": "July", "Day": 15, "Year": 1945, "Name of Vessel": "SAIKAI MARU NO 5", "Type of Vessel": "Cargo", "Standard T": "880", "Latitude": "34-00N", "Longitude": "131-00E", "Flag of Aggressor": "United States", "Type of Aggression": "Army Mine", "Assessment": "Sunk", "URL": null }, "geometry": { "type": "Point", "coordinates": [ 131.0, 34.0 ] } },
{ "type": "Feature", "properties": { "Month": "July", "Day": 15, "Year": 1945, "Name of Vessel": "NICHIYU MARU NO 5", "Type of Vessel": "Cargo", "Standard T": "873", "Latitude": "33-38N", "Longitude": "135-24E", "Flag of Aggressor": "United States", "Type of Aggression": "Army Mine", "Assessment": "Sunk", "URL": null }, "geometry": { "type": "Point", "coordinates": [ 135.4, 33.633333333333333 ] } },
{ "type": "Feature", "properties": { "Month": "July", "Day": 16, "Year": 1945, "Name of Vessel": "TOYU MARU NO 6", "Type of Vessel": "Tanker", "Standard T": "834", "Latitude": "34-00N", "Longitude": "131-55E", "Flag of Aggressor": "United States", "Type of Aggression": "Army Aircraft", "Assessment": "Sunk", "URL": null }, "geometry": { "type": "Point", "coordinates": [ 131.916666666666657, 34.0 ] } },
{ "type": "Feature", "properties": { "Month": "July", "Day": 16, "Year": 1945, "Name of Vessel": "KOI MARU", "Type of Vessel": "Cargo", "Standard T": "882", "Latitude": "33-54N", "Longitude": "131-08E", "Flag of Aggressor": "United States", "Type of Aggression": "Army Mine", "Assessment": "Sunk", "URL": null }, "geometry": { "type": "Point", "coordinates": [ 131.133333333333326, 33.9 ] } },
{ "type": "Feature", "properties": { "Month": "July", "Day": 16, "Year": 1945, "Name of Vessel": "NACHI MARU", "Type of Vessel": "Passenger-Cargo", "Standard T": "1606", "Latitude": "33-59N", "Longitude": "130-52E", "Flag of Aggressor": "United States", "Type of Aggression": "Army Mine", "Assessment": "Sunk", "URL": null }, "geometry": { "type": "Point", "coordinates": [ 130.866666666666674, 33.983333333333334 ] } },
{ "type": "Feature", "properties": { "Month": "July", "Day": 16, "Year": 1945, "Name of Vessel": "NANNIN MARU", "Type of Vessel": "Cargo", "Standard T": "2486", "Latitude": "33-56N", "Longitude": "130-52E", "Flag of Aggressor": "United States", "Type of Aggression": "Army Mine", "Assessment": "Sunk", "URL": null }, "geometry": { "type": "Point", "coordinates": [ 130.866666666666674, 33.93333333333333 ] } },
{ "type": "Feature", "properties": { "Month": "July", "Day": 17, "Year": 1945, "Name of Vessel": "KITAKATA MARU", "Type of Vessel": "Cargo", "Standard T": "2218", "Latitude": "33-56N", "Longitude": "130-56E", "Flag of Aggressor": "United States", "Type of Aggression": "Army Mine", "Assessment": "Sunk", "URL": null }, "geometry": { "type": "Point", "coordinates": [ 130.933333333333337, 33.93333333333333 ] } },
{ "type": "Feature", "properties": { "Month": "July", "Day": 17, "Year": 1945, "Name of Vessel": "NISSHO MARU", "Type of Vessel": "Cargo", "Standard T": "2284", "Latitude": "33-59N", "Longitude": "130-52E", "Flag of Aggressor": "United States", "Type of Aggression": "Army Mine", "Assessment": "Sunk", "URL": null }, "geometry": { "type": "Point", "coordinates": [ 130.866666666666674, 33.983333333333334 ] } },
{ "type": "Feature", "properties": { "Month": "July", "Day": 17, "Year": 1945, "Name of Vessel": "SHOKAI MARU NO 2", "Type of Vessel": "Cargo", "Standard T": "883", "Latitude": "33-59N", "Longitude": "130-52E", "Flag of Aggressor": "United States", "Type of Aggression": "Army Mine", "Assessment": "Sunk", "URL": null }, "geometry": { "type": "Point", "coordinates": [ 130.866666666666674, 33.983333333333334 ] } },
{ "type": "Feature", "properties": { "Month": "July", "Day": 18, "Year": 1945, "Name of Vessel": "CHISHIMA MARU", "Type of Vessel": "Cargo", "Standard T": "1368", "Latitude": "34-36N", "Longitude": "125-00E", "Flag of Aggressor": "United States", "Type of Aggression": "Navy Land-Based Aircraft", "Assessment": "Sunk", "URL": null }, "geometry": { "type": "Point", "coordinates": [ 125.0, 34.6 ] } },
{ "type": "Feature", "properties": { "Month": "July", "Day": 18, "Year": 1945, "Name of Vessel": "KINYU MARU NO 4", "Type of Vessel": "Tanker", "Standard T": "865", "Latitude": "34-48N", "Longitude": "134-28E", "Flag of Aggressor": "United States", "Type of Aggression": "Navy Carrier-Based Aircraft", "Assessment": "Sunk", "URL": null }, "geometry": { "type": "Point", "coordinates": [ 134.466666666666669, 34.8 ] } },
{ "type": "Feature", "properties": { "Month": "July", "Day": 18, "Year": 1945, "Name of Vessel": "SHINTAI MARU", "Type of Vessel": "Cargo", "Standard T": "933", "Latitude": "34-25N", "Longitude": "130-40E", "Flag of Aggressor": "United States", "Type of Aggression": "Navy Land-Based Aircraft", "Assessment": "Sunk", "URL": null }, "geometry": { "type": "Point", "coordinates": [ 130.666666666666657, 34.416666666666664 ] } },
{ "type": "Feature", "properties": { "Month": "July", "Day": 18, "Year": 1945, "Name of Vessel": "TAGAMI MARU", "Type of Vessel": "Cargo", "Standard T": "844", "Latitude": "34-47N", "Longitude": "137-02E", "Flag of Aggressor": "United States", "Type of Aggression": "Navy Land-Based Aircraft", "Assessment": "Sunk", "URL": null }, "geometry": { "type": "Point", "coordinates": [ 137.033333333333331, 34.783333333333331 ] } },
{ "type": "Feature", "properties": { "Month": "July", "Day": 19, "Year": 1945, "Name of Vessel": "DAIKOKU MARU", "Type of Vessel": "Cargo", "Standard T": "598", "Latitude": "37-57N", "Longitude": "139-04E", "Flag of Aggressor": "United States", "Type of Aggression": "Army Mine", "Assessment": "Sunk", "URL": null }, "geometry": { "type": "Point", "coordinates": [ 139.066666666666663, 37.95 ] } },
{ "type": "Feature", "properties": { "Month": "July", "Day": 20, "Year": 1945, "Name of Vessel": "KYOEI MARU NO 3", "Type of Vessel": "Tanker", "Standard T": "1189", "Latitude": "8-08N", "Longitude": "103-40E", "Flag of Aggressor": "United States", "Type of Aggression": "Submarine", "Assessment": "Sunk", "URL": null }, "geometry": { "type": "Point", "coordinates": [ 103.666666666666671, 8.133333333333333 ] } },
{ "type": "Feature", "properties": { "Month": "July", "Day": 20, "Year": 1945, "Name of Vessel": "FUEI MARU", "Type of Vessel": "Cargo", "Standard T": "2822", "Latitude": "34-00N", "Longitude": "134-00E", "Flag of Aggressor": "United States", "Type of Aggression": "Army Mine", "Assessment": "Sunk", "URL": null }, "geometry": { "type": "Point", "coordinates": [ 134.0, 34.0 ] } },
{ "type": "Feature", "properties": { "Month": "July", "Day": 20, "Year": 1945, "Name of Vessel": "TATSUTAKAWA MARU", "Type of Vessel": "Cargo", "Standard T": "873", "Latitude": "33-59N", "Longitude": "130-52E", "Flag of Aggressor": "United States", "Type of Aggression": "Army Mine", "Assessment": "Sunk", "URL": null }, "geometry": { "type": "Point", "coordinates": [ 130.866666666666674, 33.983333333333334 ] } },
{ "type": "Feature", "properties": { "Month": "July", "Day": 22, "Year": 1945, "Name of Vessel": "BANEI MARU NO 3", "Type of Vessel": "Cargo", "Standard T": "1778", "Latitude": "39-53N", "Longitude": "139-52E", "Flag of Aggressor": "United States", "Type of Aggression": "Army Mine", "Assessment": "Sunk", "URL": null }, "geometry": { "type": "Point", "coordinates": [ 139.866666666666674, 39.883333333333333 ] } },
{ "type": "Feature", "properties": { "Month": "July", "Day": 22, "Year": 1945, "Name of Vessel": "CHOYO MARU", "Type of Vessel": "Passenger-Cargo", "Standard T": "2225", "Latitude": "42-30N", "Longitude": "129-45E", "Flag of Aggressor": "United States", "Type of Aggression": "Army Mine", "Assessment": "Sunk", "URL": null }, "geometry": { "type": "Point", "coordinates": [ 129.75, 42.5 ] } },
{ "type": "Feature", "properties": { "Month": "July", "Day": 22, "Year": 1945, "Name of Vessel": "HAKUTETSU MARU NO 5", "Type of Vessel": "Cargo", "Standard T": "799", "Latitude": "34-40N", "Longitude": "138-47E", "Flag of Aggressor": "United States", "Type of Aggression": "Army Mine", "Assessment": "Sunk", "URL": null }, "geometry": { "type": "Point", "coordinates": [ 138.783333333333331, 34.666666666666664 ] } },
{ "type": "Feature", "properties": { "Month": "July", "Day": 22, "Year": 1945, "Name of Vessel": "KATORI MARU", "Type of Vessel": "Cargo", "Standard T": "2218", "Latitude": "37-57N", "Longitude": "139-04E", "Flag of Aggressor": "United States", "Type of Aggression": "Army Mine", "Assessment": "Sunk", "URL": null }, "geometry": { "type": "Point", "coordinates": [ 139.066666666666663, 37.95 ] } },
{ "type": "Feature", "properties": { "Month": "July", "Day": 22, "Year": 1945, "Name of Vessel": "YUYO MARU", "Type of Vessel": "Tanker", "Standard T": "10045", "Latitude": "34-16N", "Longitude": "133-38E", "Flag of Aggressor": "United States", "Type of Aggression": "Army Mine", "Assessment": "Sunk", "URL": null }, "geometry": { "type": "Point", "coordinates": [ 133.633333333333326, 34.266666666666666 ] } },
{ "type": "Feature", "properties": { "Month": "July", "Day": 23, "Year": 1945, "Name of Vessel": "HORAI MARU NO 15", "Type of Vessel": "Cargo", "Standard T": "834", "Latitude": "36-02N", "Longitude": "129-23E", "Flag of Aggressor": "United States", "Type of Aggression": "Army Aircraft", "Assessment": "Sunk", "URL": null }, "geometry": { "type": "Point", "coordinates": [ 129.383333333333326, 36.033333333333331 ] } },
{ "type": "Feature", "properties": { "Month": "July", "Day": 23, "Year": 1945, "Name of Vessel": "DAISHIN MARU NO 2", "Type of Vessel": "Cargo", "Standard T": "1153", "Latitude": "33-54N", "Longitude": "130-54E", "Flag of Aggressor": "United States", "Type of Aggression": "Army Mine", "Assessment": "Sunk", "URL": null }, "geometry": { "type": "Point", "coordinates": [ 130.9, 33.9 ] } },
{ "type": "Feature", "properties": { "Month": "July", "Day": 23, "Year": 1945, "Name of Vessel": "NISSHO MARU NO 6", "Type of Vessel": "Cargo", "Standard T": "642", "Latitude": "34-00N", "Longitude": "130-50E", "Flag of Aggressor": "United States", "Type of Aggression": "Army Mine", "Assessment": "Sunk", "URL": null }, "geometry": { "type": "Point", "coordinates": [ 130.833333333333343, 34.0 ] } },
{ "type": "Feature", "properties": { "Month": "July", "Day": 23, "Year": 1945, "Name of Vessel": "TSURUKAWA MARU NO 3", "Type of Vessel": "Cargo", "Standard T": "875", "Latitude": "33-56N", "Longitude": "130-54E", "Flag of Aggressor": "United States", "Type of Aggression": "Army Mine", "Assessment": "Sunk", "URL": null }, "geometry": { "type": "Point", "coordinates": [ 130.9, 33.93333333333333 ] } },
{ "type": "Feature", "properties": { "Month": "July", "Day": 23, "Year": 1945, "Name of Vessel": "SHOKO MARU", "Type of Vessel": "Cargo", "Standard T": "2208", "Latitude": "37-57N", "Longitude": "139-04E", "Flag of Aggressor": "United States", "Type of Aggression": "Army Mine", "Assessment": "Sunk", "URL": null }, "geometry": { "type": "Point", "coordinates": [ 139.066666666666663, 37.95 ] } },
{ "type": "Feature", "properties": { "Month": "July", "Day": 23, "Year": 1945, "Name of Vessel": "TAIHA MARU NO 1", "Type of Vessel": "Cargo", "Standard T": "6889", "Latitude": "33-56N", "Longitude": "130-30E", "Flag of Aggressor": "United States", "Type of Aggression": "Army Mine", "Assessment": "Sunk", "URL": null }, "geometry": { "type": "Point", "coordinates": [ 130.5, 33.93333333333333 ] } },
{ "type": "Feature", "properties": { "Month": "July", "Day": 23, "Year": 1945, "Name of Vessel": "TAISHIN MARU NO 2", "Type of Vessel": "Cargo", "Standard T": "1152", "Latitude": "34-00N", "Longitude": "130-00E", "Flag of Aggressor": "United States", "Type of Aggression": "Army Mine", "Assessment": "Sunk", "URL": null }, "geometry": { "type": "Point", "coordinates": [ 130.0, 34.0 ] } },
{ "type": "Feature", "properties": { "Month": "July", "Day": 24, "Year": 1945, "Name of Vessel": "SHOKAI MARU", "Type of Vessel": "Tanker", "Standard T": "2854", "Latitude": "34-00N", "Longitude": "156-00E", "Flag of Aggressor": "United States", "Type of Aggression": "Unkown Aircraft", "Assessment": "Sunk", "URL": null }, "geometry": { "type": "Point", "coordinates": [ 156.0, 34.0 ] } },
{ "type": "Feature", "properties": { "Month": "July", "Day": 24, "Year": 1945, "Name of Vessel": "KINYU MARU NO 9", "Type of Vessel": "Cargo", "Standard T": "834", "Latitude": "34-00N", "Longitude": "132-30E", "Flag of Aggressor": "United States", "Type of Aggression": "Navy Carrier-Based Aircraft", "Assessment": "Sunk", "URL": null }, "geometry": { "type": "Point", "coordinates": [ 132.5, 34.0 ] } },
{ "type": "Feature", "properties": { "Month": "July", "Day": 24, "Year": 1945, "Name of Vessel": "HANATSUKI MARU", "Type of Vessel": "Cargo", "Standard T": "882", "Latitude": "33-15N", "Longitude": "132-26E", "Flag of Aggressor": "United States", "Type of Aggression": "Navy Carrier-Based Aircraft", "Assessment": "Sunk", "URL": null }, "geometry": { "type": "Point", "coordinates": [ 132.433333333333337, 33.25 ] } },
{ "type": "Feature", "properties": { "Month": "July", "Day": 24, "Year": 1945, "Name of Vessel": "ISE MARU NO 2", "Type of Vessel": "Cargo", "Standard T": "873", "Latitude": "35-14N", "Longitude": "133-10E", "Flag of Aggressor": "United States", "Type of Aggression": "Navy Carrier-Based Aircraft", "Assessment": "Sunk", "URL": null }, "geometry": { "type": "Point", "coordinates": [ 133.166666666666657, 35.233333333333334 ] } },
{ "type": "Feature", "properties": { "Month": "July", "Day": 24, "Year": 1945, "Name of Vessel": "KAISHIN MARU NO 11", "Type of Vessel": "Cargo", "Standard T": "880", "Latitude": "33-31N", "Longitude": "129-48E", "Flag of Aggressor": "United States", "Type of Aggression": "Navy Carrier-Based Aircraft", "Assessment": "Sunk", "URL": null }, "geometry": { "type": "Point", "coordinates": [ 129.8, 33.516666666666666 ] } },
{ "type": "Feature", "properties": { "Month": "July", "Day": 24, "Year": 1945, "Name of Vessel": "KANETSU MARU", "Type of Vessel": "Cargo", "Standard T": "2867", "Latitude": "34-14N", "Longitude": "132-23E", "Flag of Aggressor": "United States", "Type of Aggression": "Navy Carrier-Based Aircraft", "Assessment": "Sunk", "URL": null }, "geometry": { "type": "Point", "coordinates": [ 132.383333333333326, 34.233333333333334 ] } },
{ "type": "Feature", "properties": { "Month": "July", "Day": 24, "Year": 1945, "Name of Vessel": "KINOKAWA MARU", "Type of Vessel": "Cargo", "Standard T": "873", "Latitude": "34-15N", "Longitude": "132-31E", "Flag of Aggressor": "United States", "Type of Aggression": "Navy Carrier-Based Aircraft", "Assessment": "Sunk", "URL": null }, "geometry": { "type": "Point", "coordinates": [ 132.51666666666668, 34.25 ] } },
{ "type": "Feature", "properties": { "Month": "July", "Day": 24, "Year": 1945, "Name of Vessel": "KOMYO MARU", "Type of Vessel": "Cargo", "Standard T": "873", "Latitude": "34-16N", "Longitude": "134-40E", "Flag of Aggressor": "United States", "Type of Aggression": "Navy Carrier-Based Aircraft", "Assessment": "Sunk", "URL": null }, "geometry": { "type": "Point", "coordinates": [ 134.666666666666657, 34.266666666666666 ] } },
{ "type": "Feature", "properties": { "Month": "July", "Day": 24, "Year": 1945, "Name of Vessel": "RYUEI MARU NO 6", "Type of Vessel": "Cargo", "Standard T": "834", "Latitude": "34-05N", "Longitude": "132-20E", "Flag of Aggressor": "United States", "Type of Aggression": "Navy Carrier-Based Aircraft", "Assessment": "Sunk", "URL": null }, "geometry": { "type": "Point", "coordinates": [ 132.333333333333343, 34.083333333333336 ] } },
{ "type": "Feature", "properties": { "Month": "July", "Day": 24, "Year": 1945, "Name of Vessel": "SABANG MARU", "Type of Vessel": "Tanker", "Standard T": "10241", "Latitude": "34-10N", "Longitude": "132-24E", "Flag of Aggressor": "United States", "Type of Aggression": "Navy Carrier-Based Aircraft", "Assessment": "Sunk", "URL": null }, "geometry": { "type": "Point", "coordinates": [ 132.4, 34.166666666666664 ] } },
{ "type": "Feature", "properties": { "Month": "July", "Day": 24, "Year": 1945, "Name of Vessel": "NANKI MARU NO 6", "Type of Vessel": "Tanker", "Standard T": "834", "Latitude": "33-49N", "Longitude": "132-07E", "Flag of Aggressor": "United States", "Type of Aggression": "Navy Carrier-Based Aircraft", "Assessment": "Sunk", "URL": null }, "geometry": { "type": "Point", "coordinates": [ 132.116666666666674, 33.81666666666667 ] } },
{ "type": "Feature", "properties": { "Month": "July", "Day": 24, "Year": 1945, "Name of Vessel": "HIMEKAWA MARU", "Type of Vessel": "Cargo", "Standard T": "873", "Latitude": "33-34N", "Longitude": "130-01E", "Flag of Aggressor": "United States", "Type of Aggression": "Army Mine", "Assessment": "Sunk", "URL": null }, "geometry": { "type": "Point", "coordinates": [ 130.01666666666668, 33.56666666666667 ] } },
{ "type": "Feature", "properties": { "Month": "July", "Day": 24, "Year": 1945, "Name of Vessel": "INARI MARU", "Type of Vessel": "Cargo", "Standard T": "2759", "Latitude": "33-55N", "Longitude": "130-56E", "Flag of Aggressor": "United States", "Type of Aggression": "Army Mine", "Assessment": "Sunk", "URL": null }, "geometry": { "type": "Point", "coordinates": [ 130.933333333333337, 33.916666666666664 ] } },
{ "type": "Feature", "properties": { "Month": "July", "Day": 24, "Year": 1945, "Name of Vessel": "KOICHI MARU", "Type of Vessel": "Cargo", "Standard T": "873", "Latitude": "39-10N", "Longitude": "127-26E", "Flag of Aggressor": "United States", "Type of Aggression": "Army Mine", "Assessment": "Sunk", "URL": null }, "geometry": { "type": "Point", "coordinates": [ 127.433333333333337, 39.166666666666664 ] } },
{ "type": "Feature", "properties": { "Month": "July", "Day": 25, "Year": 1945, "Name of Vessel": "KAISOKU MARU", "Type of Vessel": "Tanker", "Standard T": "1126", "Latitude": "34-14N", "Longitude": "132-33E", "Flag of Aggressor": "United States", "Type of Aggression": "Navy Carrier-Based Aircraft", "Assessment": "Sunk", "URL": null }, "geometry": { "type": "Point", "coordinates": [ 132.55, 34.233333333333334 ] } },
{ "type": "Feature", "properties": { "Month": "July", "Day": 25, "Year": 1945, "Name of Vessel": "SHOKAI MARU NO 5", "Type of Vessel": "Cargo", "Standard T": "882", "Latitude": "34-35N", "Longitude": "135-27E", "Flag of Aggressor": "United States", "Type of Aggression": "Army Mine", "Assessment": "Sunk", "URL": null }, "geometry": { "type": "Point", "coordinates": [ 135.45, 34.583333333333336 ] } },
{ "type": "Feature", "properties": { "Month": "July", "Day": 25, "Year": 1945, "Name of Vessel": "EIAN MARU", "Type of Vessel": "Cargo", "Standard T": "3825", "Latitude": "35-33N", "Longitude": "133-14E", "Flag of Aggressor": "United States", "Type of Aggression": "Army Mine", "Assessment": "Sunk", "URL": null }, "geometry": { "type": "Point", "coordinates": [ 133.23333333333332, 35.55 ] } },
{ "type": "Feature", "properties": { "Month": "July", "Day": 25, "Year": 1945, "Name of Vessel": "HOSHI MARU", "Type of Vessel": "Cargo", "Standard T": "2853", "Latitude": "34-35N", "Longitude": "135-21E", "Flag of Aggressor": "United States", "Type of Aggression": "Army Mine", "Assessment": "Sunk", "URL": null }, "geometry": { "type": "Point", "coordinates": [ 135.35, 34.583333333333336 ] } },
{ "type": "Feature", "properties": { "Month": "July", "Day": 26, "Year": 1945, "Name of Vessel": "ANETTE FRITZEN", "Type of Vessel": "Cargo", "Standard T": "2774", "Latitude": "35-00N", "Longitude": "128-00E", "Flag of Aggressor": "United States", "Type of Aggression": "Army Mine", "Assessment": "Sunk", "URL": null }, "geometry": { "type": "Point", "coordinates": [ 128.0, 35.0 ] } },
{ "type": "Feature", "properties": { "Month": "July", "Day": 26, "Year": 1945, "Name of Vessel": "SERIA MARU", "Type of Vessel": "Tanker", "Standard T": "10238", "Latitude": "34-01N", "Longitude": "131-25E", "Flag of Aggressor": "United States", "Type of Aggression": "Unkown Aircraft", "Assessment": "Sunk", "URL": null }, "geometry": { "type": "Point", "coordinates": [ 131.416666666666657, 34.016666666666666 ] } },
{ "type": "Feature", "properties": { "Month": "July", "Day": 27, "Year": 1945, "Name of Vessel": "MEIKO MARU", "Type of Vessel": "Cargo", "Standard T": "887", "Latitude": "34-10N", "Longitude": "130-55E", "Flag of Aggressor": "United States", "Type of Aggression": "Army Mine", "Assessment": "Sunk", "URL": null }, "geometry": { "type": "Point", "coordinates": [ 130.916666666666657, 34.166666666666664 ] } },
{ "type": "Feature", "properties": { "Month": "July", "Day": 27, "Year": 1945, "Name of Vessel": "UNTEN MARU", "Type of Vessel": "Cargo", "Standard T": "1025", "Latitude": "33-56N", "Longitude": "131-11E", "Flag of Aggressor": "United States", "Type of Aggression": "Army Mine", "Assessment": "Sunk", "URL": null }, "geometry": { "type": "Point", "coordinates": [ 131.183333333333337, 33.93333333333333 ] } },
{ "type": "Feature", "properties": { "Month": "July", "Day": 27, "Year": 1945, "Name of Vessel": "CHIKUZEN MARU", "Type of Vessel": "Passenger-Cargo", "Standard T": "2448", "Latitude": "37-00N", "Longitude": "134-02E", "Flag of Aggressor": "United States", "Type of Aggression": "Submarine", "Assessment": "Sunk", "URL": null }, "geometry": { "type": "Point", "coordinates": [ 134.033333333333331, 37.0 ] } },
{ "type": "Feature", "properties": { "Month": "July", "Day": 28, "Year": 1945, "Name of Vessel": "KINYU MARU NO 6", "Type of Vessel": "Tanker", "Standard T": "865", "Latitude": "34-23N", "Longitude": "134-50E", "Flag of Aggressor": "United States", "Type of Aggression": "Navy Carrier-Based Aircraft", "Assessment": "Sunk", "URL": null }, "geometry": { "type": "Point", "coordinates": [ 134.833333333333343, 34.383333333333333 ] } },
{ "type": "Feature", "properties": { "Month": "July", "Day": 28, "Year": 1945, "Name of Vessel": "KINZAN MARU NO 11", "Type of Vessel": "Cargo", "Standard T": "873", "Latitude": "34-48N", "Longitude": "134-38E", "Flag of Aggressor": "United States", "Type of Aggression": "Army Mine", "Assessment": "Sunk", "URL": null }, "geometry": { "type": "Point", "coordinates": [ 134.633333333333326, 34.8 ] } },
{ "type": "Feature", "properties": { "Month": "July", "Day": 28, "Year": 1945, "Name of Vessel": "KIYOTADA MARU", "Type of Vessel": "Cargo", "Standard T": "3079", "Latitude": "33-56N", "Longitude": "131-15E", "Flag of Aggressor": "United States", "Type of Aggression": "Army Mine", "Assessment": "Sunk", "URL": null }, "geometry": { "type": "Point", "coordinates": [ 131.25, 33.93333333333333 ] } },
{ "type": "Feature", "properties": { "Month": "July", "Day": 28, "Year": 1945, "Name of Vessel": "TEIRITSU MARU", "Type of Vessel": "Transport", "Standard T": "9877", "Latitude": "35-32N", "Longitude": "135-20E", "Flag of Aggressor": "United States", "Type of Aggression": "Army Mine", "Assessment": "Sunk", "URL": null }, "geometry": { "type": "Point", "coordinates": [ 135.333333333333343, 35.533333333333331 ] } },
{ "type": "Feature", "properties": { "Month": "July", "Day": 28, "Year": 1945, "Name of Vessel": "UNKAI MARU NO 15", "Type of Vessel": "Cargo", "Standard T": "1208", "Latitude": "39-53N", "Longitude": "139-43E", "Flag of Aggressor": "United States", "Type of Aggression": "Submarine", "Assessment": "Sunk", "URL": null }, "geometry": { "type": "Point", "coordinates": [ 139.716666666666669, 39.883333333333333 ] } },
{ "type": "Feature", "properties": { "Month": "July", "Day": 28, "Year": 1945, "Name of Vessel": "HAGIKAWA MARU", "Type of Vessel": "Cargo", "Standard T": "2995", "Latitude": "40-17N", "Longitude": "139-50E", "Flag of Aggressor": "United States", "Type of Aggression": "Submarine", "Assessment": "Sunk", "URL": null }, "geometry": { "type": "Point", "coordinates": [ 139.833333333333343, 40.283333333333331 ] } },
{ "type": "Feature", "properties": { "Month": "July", "Day": 28, "Year": 1945, "Name of Vessel": "HAKUEI MARU", "Type of Vessel": "Tanker", "Standard T": "2863", "Latitude": "39-53N", "Longitude": "139-43E", "Flag of Aggressor": "United States", "Type of Aggression": "Submarine", "Assessment": "Sunk", "URL": null }, "geometry": { "type": "Point", "coordinates": [ 139.716666666666669, 39.883333333333333 ] } },
{ "type": "Feature", "properties": { "Month": "July", "Day": 29, "Year": 1945, "Name of Vessel": "HOKUSEI MARU", "Type of Vessel": "Cargo", "Standard T": "1284", "Latitude": "35-32N", "Longitude": "127-30E", "Flag of Aggressor": "United States", "Type of Aggression": "Army Aircraft", "Assessment": "Sunk", "URL": null }, "geometry": { "type": "Point", "coordinates": [ 127.5, 35.533333333333331 ] } },
{ "type": "Feature", "properties": { "Month": "July", "Day": 29, "Year": 1945, "Name of Vessel": "SEISHIN MARU", "Type of Vessel": "Passenger-Cargo", "Standard T": "1336", "Latitude": "35-32N", "Longitude": "127-30E", "Flag of Aggressor": "United States", "Type of Aggression": "Army Aircraft", "Assessment": "Sunk", "URL": null }, "geometry": { "type": "Point", "coordinates": [ 127.5, 35.533333333333331 ] } },
{ "type": "Feature", "properties": { "Month": "July", "Day": 29, "Year": 1945, "Name of Vessel": "YUSHIN MARU", "Type of Vessel": "Cargo", "Standard T": "886", "Latitude": "35-32N", "Longitude": "127-30E", "Flag of Aggressor": "United States", "Type of Aggression": "Army Aircraft", "Assessment": "Sunk", "URL": null }, "geometry": { "type": "Point", "coordinates": [ 127.5, 35.533333333333331 ] } },
{ "type": "Feature", "properties": { "Month": "July", "Day": 29, "Year": 1945, "Name of Vessel": "SHORYU MARU", "Type of Vessel": "Cargo", "Standard T": "1257", "Latitude": "35-32N", "Longitude": "127-30E", "Flag of Aggressor": "United States", "Type of Aggression": "Army Aircraft", "Assessment": "Sunk", "URL": null }, "geometry": { "type": "Point", "coordinates": [ 127.5, 35.533333333333331 ] } },
{ "type": "Feature", "properties": { "Month": "July", "Day": 30, "Year": 1945, "Name of Vessel": "KAMOKAWA MARU", "Type of Vessel": "Cargo", "Standard T": "865", "Latitude": "35-20N", "Longitude": "130-30E", "Flag of Aggressor": "United States", "Type of Aggression": "Navy Carrier-Based Aircraft", "Assessment": "Sunk", "URL": null }, "geometry": { "type": "Point", "coordinates": [ 130.5, 35.333333333333336 ] } },
{ "type": "Feature", "properties": { "Month": "July", "Day": 30, "Year": 1945, "Name of Vessel": "KASHI MARU", "Type of Vessel": "Cargo", "Standard T": "884", "Latitude": "35-40N", "Longitude": "136-04E", "Flag of Aggressor": "United States", "Type of Aggression": "Navy Carrier-Based Aircraft", "Assessment": "Sunk", "URL": null }, "geometry": { "type": "Point", "coordinates": [ 136.066666666666663, 35.666666666666664 ] } },
{ "type": "Feature", "properties": { "Month": "July", "Day": 30, "Year": 1945, "Name of Vessel": "TATSUMIYA MARU", "Type of Vessel": "Cargo", "Standard T": "6343", "Latitude": "35-33N", "Longitude": "135-31E", "Flag of Aggressor": "United States", "Type of Aggression": "Navy Carrier-Based Aircraft", "Assessment": "Sunk", "URL": null }, "geometry": { "type": "Point", "coordinates": [ 135.51666666666668, 35.55 ] } },
{ "type": "Feature", "properties": { "Month": "July", "Day": 30, "Year": 1945, "Name of Vessel": "SHOKEI MARU", "Type of Vessel": "Passenger-Cargo", "Standard T": "3620", "Latitude": "35-32N", "Longitude": "135-12E", "Flag of Aggressor": "United States", "Type of Aggression": "Army Mine", "Assessment": "Sunk", "URL": null }, "geometry": { "type": "Point", "coordinates": [ 135.2, 35.533333333333331 ] } },
{ "type": "Feature", "properties": { "Month": "July", "Day": 30, "Year": 1945, "Name of Vessel": "YUZAN MARU", "Type of Vessel": "Passenger-Cargo", "Standard T": "6039", "Latitude": "42-36N", "Longitude": "139-48E", "Flag of Aggressor": "United States", "Type of Aggression": "Submarine", "Assessment": "Sunk", "URL": null }, "geometry": { "type": "Point", "coordinates": [ 139.8, 42.6 ] } },
{ "type": "Feature", "properties": { "Month": "August", "Day": 1, "Year": 1945, "Name of Vessel": "HAYABUSA MARU", "Type of Vessel": "Cargo", "Standard T": "873", "Latitude": "33-41N", "Longitude": "129-59E", "Flag of Aggressor": "United States", "Type of Aggression": "Army Aircraft", "Assessment": "Sunk", "URL": null }, "geometry": { "type": "Point", "coordinates": [ 129.98333333333332, 33.68333333333333 ] } },
{ "type": "Feature", "properties": { "Month": "August", "Day": 2, "Year": 1945, "Name of Vessel": "SANTO MARU", "Type of Vessel": "Cargo", "Standard T": "1890", "Latitude": "37-57N", "Longitude": "139-04E", "Flag of Aggressor": "United States", "Type of Aggression": "Army Mine", "Assessment": "Sunk", "URL": null }, "geometry": { "type": "Point", "coordinates": [ 139.066666666666663, 37.95 ] } },
{ "type": "Feature", "properties": { "Month": "August", "Day": 3, "Year": 1945, "Name of Vessel": "AGA MARU", "Type of Vessel": "Dredge", "Standard T": "529", "Latitude": "38-55N", "Longitude": "139-45E", "Flag of Aggressor": "United States", "Type of Aggression": "Army Mine", "Assessment": "Sunk", "URL": null }, "geometry": { "type": "Point", "coordinates": [ 139.75, 38.916666666666664 ] } },
{ "type": "Feature", "properties": { "Month": "August", "Day": 3, "Year": 1945, "Name of Vessel": "DAIRETSU MARU", "Type of Vessel": "Cargo", "Standard T": "873", "Latitude": "34-39N", "Longitude": "135-12E", "Flag of Aggressor": "United States", "Type of Aggression": "Army Mine", "Assessment": "Sunk", "URL": null }, "geometry": { "type": "Point", "coordinates": [ 135.2, 34.65 ] } },
{ "type": "Feature", "properties": { "Month": "August", "Day": 3, "Year": 1945, "Name of Vessel": "HOHSING", "Type of Vessel": "Cargo", "Standard T": "2111", "Latitude": "35-40N", "Longitude": "136-05E", "Flag of Aggressor": "United States", "Type of Aggression": "Army Mine", "Assessment": "Sunk", "URL": null }, "geometry": { "type": "Point", "coordinates": [ 136.083333333333343, 35.666666666666664 ] } },
{ "type": "Feature", "properties": { "Month": "August", "Day": 3, "Year": 1945, "Name of Vessel": "SHINEI MARU NO 3", "Type of Vessel": "Cargo", "Standard T": "2220", "Latitude": "42-10N", "Longitude": "130-15E", "Flag of Aggressor": "United States", "Type of Aggression": "Army Mine", "Assessment": "Sunk", "URL": null }, "geometry": { "type": "Point", "coordinates": [ 130.25, 42.166666666666664 ] } },
{ "type": "Feature", "properties": { "Month": "August", "Day": 4, "Year": 1945, "Name of Vessel": "KOSHIN MARU", "Type of Vessel": "Cargo", "Standard T": "975", "Latitude": "34-37N", "Longitude": "135-18E", "Flag of Aggressor": "United States", "Type of Aggression": "Army Mine", "Assessment": "Sunk", "URL": null }, "geometry": { "type": "Point", "coordinates": [ 135.3, 34.616666666666667 ] } },
{ "type": "Feature", "properties": { "Month": "August", "Day": 5, "Year": 1945, "Name of Vessel": "KORI MARU", "Type of Vessel": "Cargo", "Standard T": "1091", "Latitude": "38-51N", "Longitude": "121-39E", "Flag of Aggressor": "United States", "Type of Aggression": "Submarine", "Assessment": "Sunk", "URL": null }, "geometry": { "type": "Point", "coordinates": [ 121.65, 38.85 ] } },
{ "type": "Feature", "properties": { "Month": "August", "Day": 5, "Year": 1945, "Name of Vessel": "KOTOHIRASAN MARU", "Type of Vessel": "Cargo", "Standard T": "2220", "Latitude": "39-52N", "Longitude": "138-52E", "Flag of Aggressor": "United States", "Type of Aggression": "Submarine", "Assessment": "Sunk", "URL": null }, "geometry": { "type": "Point", "coordinates": [ 138.866666666666674, 39.866666666666667 ] } },
{ "type": "Feature", "properties": { "Month": "August", "Day": 6, "Year": 1945, "Name of Vessel": "KOWA MARU", "Type of Vessel": "Cargo", "Standard T": "884", "Latitude": "34-26N", "Longitude": "129-16E", "Flag of Aggressor": "United States", "Type of Aggression": "Army Aircraft", "Assessment": "Sunk", "URL": null }, "geometry": { "type": "Point", "coordinates": [ 129.26666666666668, 34.43333333333333 ] } },
{ "type": "Feature", "properties": { "Month": "August", "Day": 6, "Year": 1945, "Name of Vessel": "SHINTAI MARU NO 7", "Type of Vessel": "Cargo", "Standard T": "882", "Latitude": "34-26N", "Longitude": "129-16E", "Flag of Aggressor": "United States", "Type of Aggression": "Army Aircraft", "Assessment": "Sunk", "URL": null }, "geometry": { "type": "Point", "coordinates": [ 129.26666666666668, 34.43333333333333 ] } },
{ "type": "Feature", "properties": { "Month": "August", "Day": 6, "Year": 1945, "Name of Vessel": "CHOKAI MARU NO 2", "Type of Vessel": "Cargo", "Standard T": "1287", "Latitude": "38-49N", "Longitude": "137-04E", "Flag of Aggressor": "United States", "Type of Aggression": "Army Mine", "Assessment": "Sunk", "URL": null }, "geometry": { "type": "Point", "coordinates": [ 137.066666666666663, 38.81666666666667 ] } },
{ "type": "Feature", "properties": { "Month": "August", "Day": 6, "Year": 1945, "Name of Vessel": "ISOJIMA MARU", "Type of Vessel": "Cargo", "Standard T": "884", "Latitude": "33-56N", "Longitude": "130-56E", "Flag of Aggressor": "United States", "Type of Aggression": "Army Mine", "Assessment": "Sunk", "URL": null }, "geometry": { "type": "Point", "coordinates": [ 130.933333333333337, 33.93333333333333 ] } },
{ "type": "Feature", "properties": { "Month": "August", "Day": 6, "Year": 1945, "Name of Vessel": "KOZAN MARU NO 2", "Type of Vessel": "Cargo", "Standard T": "864", "Latitude": "33-53N", "Longitude": "132-00E", "Flag of Aggressor": "United States", "Type of Aggression": "Army Mine", "Assessment": "Sunk", "URL": null }, "geometry": { "type": "Point", "coordinates": [ 132.0, 33.883333333333333 ] } },
{ "type": "Feature", "properties": { "Month": "August", "Day": 7, "Year": 1945, "Name of Vessel": "KINYU MARU NO 7", "Type of Vessel": "Cargo", "Standard T": "834", "Latitude": "34-55N", "Longitude": "128-44E", "Flag of Aggressor": "United States", "Type of Aggression": "Army Aircraft", "Assessment": "Sunk", "URL": null }, "geometry": { "type": "Point", "coordinates": [ 128.73333333333332, 34.916666666666664 ] } },
{ "type": "Feature", "properties": { "Month": "August", "Day": 7, "Year": 1945, "Name of Vessel": "NANKI MARU NO 9", "Type of Vessel": "Cargo", "Standard T": "834", "Latitude": "34-55N", "Longitude": "128-44E", "Flag of Aggressor": "United States", "Type of Aggression": "Army Aircraft", "Assessment": "Sunk", "URL": null }, "geometry": { "type": "Point", "coordinates": [ 128.73333333333332, 34.916666666666664 ] } },
{ "type": "Feature", "properties": { "Month": "August", "Day": 7, "Year": 1945, "Name of Vessel": "KIBITSU MARU", "Type of Vessel": "Cargo", "Standard T": "9575", "Latitude": "34-37N", "Longitude": "135-04E", "Flag of Aggressor": "United States", "Type of Aggression": "Army Mine", "Assessment": "Sunk", "URL": null }, "geometry": { "type": "Point", "coordinates": [ 135.066666666666663, 34.616666666666667 ] } },
{ "type": "Feature", "properties": { "Month": "August", "Day": 8, "Year": 1945, "Name of Vessel": "KASADO MARU", "Type of Vessel": "Passenger-Cargo", "Standard T": "6003", "Latitude": "52-00N", "Longitude": "156-00E", "Flag of Aggressor": "Russia", "Type of Aggression": "Aircraft", "Assessment": "Sunk", "URL": null }, "geometry": { "type": "Point", "coordinates": [ 156.0, 52.0 ] } },
{ "type": "Feature", "properties": { "Month": "August", "Day": 8, "Year": 1945, "Name of Vessel": "RASHIN MARU", "Type of Vessel": "Passenger-Cargo", "Standard T": "5454", "Latitude": "41-23N", "Longitude": "131-25E", "Flag of Aggressor": "United States", "Type of Aggression": "Submarine", "Assessment": "Sunk", "URL": null }, "geometry": { "type": "Point", "coordinates": [ 131.416666666666657, 41.383333333333333 ] } },
{ "type": "Feature", "properties": { "Month": "August", "Day": 9, "Year": 1945, "Name of Vessel": "YAMANAMI MARU NO 7", "Type of Vessel": "Cargo", "Standard T": "875", "Latitude": "25-15N", "Longitude": "138-44E", "Flag of Aggressor": "United States", "Type of Aggression": "Unkown Aircraft", "Assessment": "Sunk", "URL": null }, "geometry": { "type": "Point", "coordinates": [ 138.73333333333332, 25.25 ] } },
{ "type": "Feature", "properties": { "Month": "August", "Day": 9, "Year": 1945, "Name of Vessel": "CHIKA MARU", "Type of Vessel": "Cargo", "Standard T": "1146", "Latitude": "41-50N", "Longitude": "129-46E", "Flag of Aggressor": "United States", "Type of Aggression": "Navy Carrier-Based Aircraft", "Assessment": "Sunk", "URL": null }, "geometry": { "type": "Point", "coordinates": [ 129.76666666666668, 41.833333333333336 ] } },
{ "type": "Feature", "properties": { "Month": "August", "Day": 9, "Year": 1945, "Name of Vessel": "EDAMITSU MARU", "Type of Vessel": "Cargo", "Standard T": "6872", "Latitude": "42-30N", "Longitude": "129-45E", "Flag of Aggressor": "United States", "Type of Aggression": "Navy Carrier-Based Aircraft", "Assessment": "Sunk", "URL": null }, "geometry": { "type": "Point", "coordinates": [ 129.75, 42.5 ] } },
{ "type": "Feature", "properties": { "Month": "August", "Day": 9, "Year": 1945, "Name of Vessel": "HEIYU MARU", "Type of Vessel": "Cargo", "Standard T": "973", "Latitude": "42-30N", "Longitude": "129-45E", "Flag of Aggressor": "United States", "Type of Aggression": "Navy Carrier-Based Aircraft", "Assessment": "Sunk", "URL": null }, "geometry": { "type": "Point", "coordinates": [ 129.75, 42.5 ] } },
{ "type": "Feature", "properties": { "Month": "August", "Day": 9, "Year": 1945, "Name of Vessel": "MINKO MARU", "Type of Vessel": "Transport", "Standard T": "800", "Latitude": "21-26N", "Longitude": "111-20E", "Flag of Aggressor": "United States", "Type of Aggression": "Navy Carrier-Based Aircraft", "Assessment": "Sunk", "URL": null }, "geometry": { "type": "Point", "coordinates": [ 111.333333333333329, 21.433333333333334 ] } },
{ "type": "Feature", "properties": { "Month": "August", "Day": 9, "Year": 1945, "Name of Vessel": "RAKUZAN MARU", "Type of Vessel": "Passenger-Cargo", "Standard T": "2104", "Latitude": "42-30N", "Longitude": "129-45E", "Flag of Aggressor": "United States", "Type of Aggression": "Navy Carrier-Based Aircraft", "Assessment": "Sunk", "URL": null }, "geometry": { "type": "Point", "coordinates": [ 129.75, 42.5 ] } },
{ "type": "Feature", "properties": { "Month": "August", "Day": 9, "Year": 1945, "Name of Vessel": "RYUWA MARU", "Type of Vessel": "Cargo", "Standard T": "1244", "Latitude": "42-30N", "Longitude": "129-45E", "Flag of Aggressor": "United States", "Type of Aggression": "Navy Carrier-Based Aircraft", "Assessment": "Sunk", "URL": null }, "geometry": { "type": "Point", "coordinates": [ 129.75, 42.5 ] } },
{ "type": "Feature", "properties": { "Month": "August", "Day": 9, "Year": 1945, "Name of Vessel": "TOYOSHIMA MARU", "Type of Vessel": "Cargo", "Standard T": "875", "Latitude": "25-09N", "Longitude": "129-30E", "Flag of Aggressor": "United States", "Type of Aggression": "Army Aircraft", "Assessment": "Sunk", "URL": null }, "geometry": { "type": "Point", "coordinates": [ 129.5, 25.15 ] } },
{ "type": "Feature", "properties": { "Month": "August", "Day": 9, "Year": 1945, "Name of Vessel": "BANSHU MARU NO 36", "Type of Vessel": "Cargo", "Standard T": "889", "Latitude": "39-30N", "Longitude": "142-04E", "Flag of Aggressor": "United States", "Type of Aggression": "Navy Carrier-Based Aircraft", "Assessment": "Sunk", "URL": null }, "geometry": { "type": "Point", "coordinates": [ 142.066666666666663, 39.5 ] } },
{ "type": "Feature", "properties": { "Month": "August", "Day": 9, "Year": 1945, "Name of Vessel": "TAITO MARU", "Type of Vessel": "Tanker", "Standard T": "6850", "Latitude": "42-30N", "Longitude": "129-45E", "Flag of Aggressor": "United States", "Type of Aggression": "Navy Carrier-Based Aircraft", "Assessment": "Sunk", "URL": null }, "geometry": { "type": "Point", "coordinates": [ 129.75, 42.5 ] } },
{ "type": "Feature", "properties": { "Month": "August", "Day": 9, "Year": 1945, "Name of Vessel": "TENSHO MARU", "Type of Vessel": "Cargo", "Standard T": "3035", "Latitude": "41-47N", "Longitude": "129-50E", "Flag of Aggressor": "United States", "Type of Aggression": "Navy Carrier-Based Aircraft", "Assessment": "Sunk", "URL": null }, "geometry": { "type": "Point", "coordinates": [ 129.833333333333343, 41.783333333333331 ] } },
{ "type": "Feature", "properties": { "Month": "August", "Day": 9, "Year": 1945, "Name of Vessel": "YAMABISHI MARU NO 7", "Type of Vessel": "Cargo", "Standard T": "875", "Latitude": "25-09N", "Longitude": "129-30E", "Flag of Aggressor": "United States", "Type of Aggression": "Army Aircraft", "Assessment": "Sunk", "URL": null }, "geometry": { "type": "Point", "coordinates": [ 129.5, 25.15 ] } },
{ "type": "Feature", "properties": { "Month": "August", "Day": 10, "Year": 1945, "Name of Vessel": "SHOFUKU MARU", "Type of Vessel": "Cargo", "Standard T": "754", "Latitude": "33-53N", "Longitude": "129-20E", "Flag of Aggressor": "United States", "Type of Aggression": "Unkown Aircraft", "Assessment": "Sunk", "URL": null }, "geometry": { "type": "Point", "coordinates": [ 129.333333333333343, 33.883333333333333 ] } },
{ "type": "Feature", "properties": { "Month": "August", "Day": 10, "Year": 1945, "Name of Vessel": "HORAI MARU NO 14", "Type of Vessel": "Cargo", "Standard T": "865e", "Latitude": "37-00N", "Longitude": "129-00E", "Flag of Aggressor": "United States", "Type of Aggression": "Navy Carrier-Based Aircraft", "Assessment": "Sunk", "URL": null }, "geometry": { "type": "Point", "coordinates": [ 129.0, 37.0 ] } },
{ "type": "Feature", "properties": { "Month": "August", "Day": 10, "Year": 1945, "Name of Vessel": "CHICHIBU MARU", "Type of Vessel": "Cargo", "Standard T": "884", "Latitude": "42-20N", "Longitude": "130-24E", "Flag of Aggressor": "United States", "Type of Aggression": "Navy Carrier-Based Aircraft", "Assessment": "Sunk", "URL": null }, "geometry": { "type": "Point", "coordinates": [ 130.4, 42.333333333333336 ] } },
{ "type": "Feature", "properties": { "Month": "August", "Day": 10, "Year": 1945, "Name of Vessel": "NANKI MARU NO 2", "Type of Vessel": "Cargo", "Standard T": "834", "Latitude": "38-55N", "Longitude": "139-49E", "Flag of Aggressor": "United States", "Type of Aggression": "Navy Carrier-Based Aircraft", "Assessment": "Sunk", "URL": null }, "geometry": { "type": "Point", "coordinates": [ 139.816666666666663, 38.916666666666664 ] } },
{ "type": "Feature", "properties": { "Month": "August", "Day": 10, "Year": 1945, "Name of Vessel": "MASAYOSHI MARU", "Type of Vessel": "Cargo", "Standard T": "970", "Latitude": "38-55N", "Longitude": "139-49E", "Flag of Aggressor": "United States", "Type of Aggression": "Navy Carrier-Based Aircraft", "Assessment": "Sunk", "URL": null }, "geometry": { "type": "Point", "coordinates": [ 139.816666666666663, 38.916666666666664 ] } },
{ "type": "Feature", "properties": { "Month": "August", "Day": 10, "Year": 1945, "Name of Vessel": "TAISHUN MARU", "Type of Vessel": "Cargo", "Standard T": "2857", "Latitude": "41-46N", "Longitude": "129-49E", "Flag of Aggressor": "United States", "Type of Aggression": "Army Mine", "Assessment": "Sunk", "URL": null }, "geometry": { "type": "Point", "coordinates": [ 129.816666666666663, 41.766666666666666 ] } },
{ "type": "Feature", "properties": { "Month": "August", "Day": 11, "Year": 1945, "Name of Vessel": "NISSHIN MARU NO 2", "Type of Vessel": "Cargo", "Standard T": "882", "Latitude": "33-45N", "Longitude": "131-30E", "Flag of Aggressor": "United States", "Type of Aggression": "Army Mine", "Assessment": "Sunk", "URL": null }, "geometry": { "type": "Point", "coordinates": [ 131.5, 33.75 ] } },
{ "type": "Feature", "properties": { "Month": "August", "Day": 11, "Year": 1945, "Name of Vessel": "TEIHOKU MARU", "Type of Vessel": "Passenger-Cargo", "Standard T": "5795", "Latitude": "38-03N", "Longitude": "133-13E", "Flag of Aggressor": "United States", "Type of Aggression": "Submarine", "Assessment": "Sunk", "URL": null }, "geometry": { "type": "Point", "coordinates": [ 133.216666666666669, 38.05 ] } },
{ "type": "Feature", "properties": { "Month": "August", "Day": 12, "Year": 1945, "Name of Vessel": "HOZUKAWA MARU", "Type of Vessel": "Cargo", "Standard T": "875", "Latitude": "35-00N", "Longitude": "126-00E", "Flag of Aggressor": "United States", "Type of Aggression": "Unkown Aircraft", "Assessment": "Sunk", "URL": null }, "geometry": { "type": "Point", "coordinates": [ 126.0, 35.0 ] } },
{ "type": "Feature", "properties": { "Month": "August", "Day": 12, "Year": 1945, "Name of Vessel": "TAMON MARU NO 16", "Type of Vessel": "Cargo", "Standard T": "6886", "Latitude": "37-07N", "Longitude": "137-02E", "Flag of Aggressor": "United States", "Type of Aggression": "Army Mine", "Assessment": "Sunk", "URL": null }, "geometry": { "type": "Point", "coordinates": [ 137.033333333333331, 37.116666666666667 ] } },
{ "type": "Feature", "properties": { "Month": "August", "Day": 13, "Year": 1945, "Name of Vessel": "KAIHO MARU", "Type of Vessel": "Cargo", "Standard T": "873", "Latitude": "36-16N", "Longitude": "136-08E", "Flag of Aggressor": "United States", "Type of Aggression": "Submarine", "Assessment": "Sunk", "URL": null }, "geometry": { "type": "Point", "coordinates": [ 136.133333333333326, 36.266666666666666 ] } },
{ "type": "Feature", "properties": { "Month": "August", "Day": 14, "Year": 1945, "Name of Vessel": "TAKAKAWA MARU NO 3", "Type of Vessel": "Cargo", "Standard T": "884", "Latitude": "32-45N", "Longitude": "120-50E", "Flag of Aggressor": "United States", "Type of Aggression": "Unkown Aircraft", "Assessment": "Sunk", "URL": null }, "geometry": { "type": "Point", "coordinates": [ 120.833333333333329, 32.75 ] } },
{ "type": "Feature", "properties": { "Month": "August", "Day": 14, "Year": 1945, "Name of Vessel": "TATSUSUGI MARU", "Type of Vessel": "Cargo", "Standard T": "865", "Latitude": "33-31N", "Longitude": "130-29E", "Flag of Aggressor": "United States", "Type of Aggression": "Unkown Aircraft", "Assessment": "Sunk", "URL": null }, "geometry": { "type": "Point", "coordinates": [ 130.48333333333332, 33.516666666666666 ] } },
{ "type": "Feature", "properties": { "Month": "August", "Day": 14, "Year": 1945, "Name of Vessel": "MIKASASAN MARU", "Type of Vessel": "Cargo", "Standard T": "865", "Latitude": "30-10N", "Longitude": "126-28E", "Flag of Aggressor": "United States", "Type of Aggression": "Army Mine", "Assessment": "Sunk", "URL": null }, "geometry": { "type": "Point", "coordinates": [ 126.466666666666669, 30.166666666666668 ] } },
{ "type": "Feature", "properties": { "Month": "August", "Day": 14, "Year": 1945, "Name of Vessel": "YOJO MARU", "Type of Vessel": "Cargo", "Standard T": "2220", "Latitude": "34-38N", "Longitude": "135-24E", "Flag of Aggressor": "United States", "Type of Aggression": "Army Mine", "Assessment": "Sunk", "URL": null }, "geometry": { "type": "Point", "coordinates": [ 135.4, 34.633333333333333 ] } },
{ "type": "Feature", "properties": { "Month": "August", "Day": 14, "Year": 1945, "Name of Vessel": "KASHIMA MARU", "Type of Vessel": "Cargo", "Standard T": "2211", "Latitude": "35-10N", "Longitude": "129-00E", "Flag of Aggressor": "United States", "Type of Aggression": "Army Mine", "Assessment": "Sunk", "URL": null }, "geometry": { "type": "Point", "coordinates": [ 129.0, 35.166666666666664 ] } }
]
}
